product_id,order_date,units,fold,Naive,SeasonalNaive,MovingAvg28,HoltWinters,LightGBM
SKU-0002,2017-10-09,4,1,0.0,5.0,1.3214285714285714,3.6561192388032793,2.6686875257192746
SKU-0002,2017-10-10,0,1,4.0,0.0,1.2857142857142858,3.2956387491105446,3.2928426480609976
SKU-0002,2017-10-11,0,1,0.0,0.0,1.4285714285714286,4.010892491578268,4.034914918669079
SKU-0002,2017-10-12,0,1,0.0,0.0,1.4285714285714286,3.0317735534563273,3.0016740543465956
SKU-0002,2017-10-13,3,1,0.0,12.0,1.7142857142857142,3.3489145533446463,3.025355778174435
SKU-0002,2017-10-14,3,1,3.0,0.0,1.6785714285714286,2.783076891996026,3.2415266440947
SKU-0002,2017-10-15,5,1,3.0,0.0,1.6785714285714286,3.038140944512698,3.658507626794228
SKU-0002,2017-10-16,0,1,5.0,4.0,1.6785714285714286,3.663068714345575,3.5453721332075556
SKU-0002,2017-10-17,0,1,0.0,0.0,1.6785714285714286,3.3025882246528404,3.810774404981412
SKU-0002,2017-10-18,0,1,0.0,0.0,1.6428571428571428,4.017841967120564,4.832542832218659
SKU-0002,2017-10-19,6,1,0.0,0.0,1.6428571428571428,3.0387230289986236,3.663060915558735
SKU-0002,2017-10-20,0,1,6.0,3.0,1.6428571428571428,3.355864028886942,4.481782800763837
SKU-0002,2017-10-21,7,1,0.0,3.0,1.6071428571428572,2.7900263675383217,6.50419887217503
SKU-0002,2017-10-22,0,1,7.0,5.0,1.6785714285714286,3.045090420054994,4.857834289361819
SKU-0002,2017-10-23,6,1,0.0,0.0,1.5714285714285714,3.670018189887871,6.8489651777467735
SKU-0002,2017-10-24,0,1,6.0,0.0,1.5714285714285714,3.3095377001951367,2.838232566583697
SKU-0002,2017-10-25,7,1,0.0,0.0,1.5714285714285714,4.02479144266286,4.558833521625487
SKU-0002,2017-10-26,3,1,7.0,6.0,1.5714285714285714,3.0456725045409194,3.9790192852672353
SKU-0002,2017-10-27,4,1,3.0,0.0,1.6071428571428572,3.362813504429238,3.539533376708563
SKU-0002,2017-10-28,2,1,4.0,7.0,1.3214285714285714,2.7969758430806175,2.636517103557978
SKU-0002,2017-10-29,1,1,2.0,0.0,1.3214285714285714,3.0520398955972903,2.926569746740454
SKU-0002,2017-10-30,6,1,1.0,6.0,1.3214285714285714,3.676967665430167,2.8584187009472224
SKU-0002,2017-10-31,0,1,6.0,0.0,1.3214285714285714,3.3164871757374326,3.3597858198448454
SKU-0002,2017-11-01,8,1,0.0,7.0,1.3571428571428572,4.031740918205156,3.7604255190292704
SKU-0002,2017-11-02,0,1,8.0,3.0,1.3571428571428572,3.0526219800832153,2.6590173959799177
SKU-0002,2017-11-03,0,1,0.0,4.0,1.4642857142857142,3.3697629799715343,4.1494729521549
SKU-0002,2017-11-04,0,1,0.0,2.0,1.75,2.8039253186229134,1.377141088857023
SKU-0002,2017-11-05,0,1,0.0,1.0,1.8928571428571428,3.058989371139586,1.982390212192623
SKU-0003,2017-10-09,0,1,8.0,0.0,3.9642857142857144,1.6411500500903775,1.7925306029789125
SKU-0003,2017-10-10,4,1,0.0,5.0,4.0,1.6417117389431584,1.314810276764404
SKU-0003,2017-10-11,0,1,4.0,0.0,3.9642857142857144,1.628076511570116,1.735087480331119
SKU-0003,2017-10-12,8,1,0.0,0.0,4.607142857142857,1.6113845902439565,1.2089163896123951
SKU-0003,2017-10-13,5,1,8.0,0.0,4.75,1.3913053357521465,2.8905549835742472
SKU-0003,2017-10-14,0,1,5.0,0.0,4.428571428571429,1.1979780790387657,0.9251663531038675
SKU-0003,2017-10-15,0,1,0.0,8.0,4.5,1.4876739244694674,1.380845428587384
SKU-0003,2017-10-16,0,1,0.0,0.0,4.214285714285714,1.6430096522969928,1.7638424553931804
SKU-0003,2017-10-17,0,1,0.0,4.0,4.428571428571429,1.6435713411497734,1.5998811369537387
SKU-0003,2017-10-18,0,1,0.0,0.0,4.321428571428571,1.6299361137767312,1.398048870436237
SKU-0003,2017-10-19,0,1,0.0,8.0,4.321428571428571,1.6132441924505718,1.2700107666609177
SKU-0003,2017-10-20,0,1,0.0,5.0,4.214285714285714,1.3931649379587618,1.2713343573304419
SKU-0003,2017-10-21,2,1,0.0,0.0,4.214285714285714,1.199837681245381,0.9412992765209298
SKU-0003,2017-10-22,1,1,2.0,0.0,3.9285714285714284,1.4895335266760827,1.2432521015639224
SKU-0003,2017-10-23,0,1,1.0,0.0,4.214285714285714,1.6448692545036079,1.5016792728143233
SKU-0003,2017-10-24,0,1,0.0,0.0,4.25,1.6454309433563887,1.801085675725127
SKU-0003,2017-10-25,0,1,0.0,0.0,4.392857142857143,1.6317957159833465,1.5488349380268747
SKU-0003,2017-10-26,1,1,0.0,0.0,4.25,1.6151037946571871,1.9632158974606357
SKU-0003,2017-10-27,3,1,1.0,0.0,4.0,1.3950245401653771,1.375538136402631
SKU-0003,2017-10-28,0,1,3.0,2.0,4.142857142857143,1.2016972834519963,0.8616932999418608
SKU-0003,2017-10-29,0,1,0.0,1.0,4.071428571428571,1.4913931288826978,1.1224319404427021
SKU-0003,2017-10-30,0,1,0.0,0.0,3.9285714285714284,1.6467288567102232,1.147473518719836
SKU-0003,2017-10-31,6,1,0.0,0.0,4.107142857142857,1.647290545563004,0.98549460994973
SKU-0003,2017-11-01,0,1,6.0,0.0,4.0,1.6336553181899618,2.868785844455416
SKU-0003,2017-11-02,3,1,0.0,1.0,4.071428571428571,1.6169633968638024,1.414340987084553
SKU-0003,2017-11-03,8,1,3.0,3.0,3.892857142857143,1.3968841423719924,1.3393308863566693
SKU-0003,2017-11-04,4,1,8.0,0.0,3.7857142857142856,1.2035568856586114,0.7333691617930626
SKU-0003,2017-11-05,0,1,4.0,0.0,4.107142857142857,1.4932527310893131,1.4268279104872927
SKU-0005,2017-10-09,1,1,3.0,2.0,7.357142857142857,4.513266126176427,3.713924896585625
SKU-0005,2017-10-10,3,1,1.0,3.0,7.5,4.864750124525444,4.136543626078199
SKU-0005,2017-10-11,18,1,3.0,1.0,7.678571428571429,4.747977886643771,4.235746246232788
SKU-0005,2017-10-12,4,1,18.0,9.0,8.392857142857142,4.728601142704463,4.149930007595457
SKU-0005,2017-10-13,2,1,4.0,8.0,8.392857142857142,4.654230713727682,4.1043600984278
SKU-0005,2017-10-14,2,1,2.0,0.0,6.678571428571429,4.578230950401941,3.2215511104433574
SKU-0005,2017-10-15,0,1,2.0,3.0,6.642857142857143,4.440953727752019,3.6239750007849496
SKU-0005,2017-10-16,10,1,0.0,1.0,6.857142857142857,4.5208064542549735,4.504580592436158
SKU-0005,2017-10-17,6,1,10.0,3.0,6.678571428571429,4.87229045260399,4.085397080232151
SKU-0005,2017-10-18,0,1,6.0,18.0,6.535714285714286,4.7555182147223185,4.630917454439987
SKU-0005,2017-10-19,1,1,0.0,4.0,6.535714285714286,4.73614147078301,4.057623267124376
SKU-0005,2017-10-20,0,1,1.0,2.0,6.0,4.661771041806229,4.133897744671752
SKU-0005,2017-10-21,3,1,0.0,2.0,6.142857142857143,4.585771278480487,3.7200089975360835
SKU-0005,2017-10-22,14,1,3.0,0.0,6.321428571428571,4.448494055830566,3.7703841201575767
SKU-0005,2017-10-23,1,1,14.0,10.0,6.428571428571429,4.528346782333521,4.789277948880774
SKU-0005,2017-10-24,5,1,1.0,6.0,6.428571428571429,4.879830780682537,4.916491580036158
SKU-0005,2017-10-25,1,1,5.0,0.0,6.464285714285714,4.763058542800865,2.995270173757587
SKU-0005,2017-10-26,1,1,1.0,1.0,6.392857142857143,4.743681798861556,3.4456493013387424
SKU-0005,2017-10-27,12,1,1.0,0.0,6.464285714285714,4.669311369884776,3.6069363835930575
SKU-0005,2017-10-28,0,1,12.0,3.0,6.857142857142857,4.593311606559034,3.2073869828163795
SKU-0005,2017-10-29,0,1,0.0,14.0,7.0,4.456034383909113,3.300028187557335
SKU-0005,2017-10-30,7,1,0.0,1.0,3.892857142857143,4.535887110412067,4.007756980114737
SKU-0005,2017-10-31,0,1,7.0,5.0,3.892857142857143,4.887371108761084,4.682278821869559
SKU-0005,2017-11-01,3,1,0.0,1.0,4.357142857142857,4.770598870879412,5.398307826639297
SKU-0005,2017-11-02,4,1,3.0,1.0,4.464285714285714,4.751222126940103,3.8153468454095574
SKU-0005,2017-11-03,5,1,4.0,12.0,5.535714285714286,4.676851697963322,4.257679852720476
SKU-0005,2017-11-04,9,1,5.0,0.0,5.178571428571429,4.60085193463758,3.9045839614232136
SKU-0005,2017-11-05,4,1,9.0,0.0,5.035714285714286,4.463574711987659,3.6454703133007476
SKU-0008,2017-10-09,0,1,0.0,10.0,68.60714285714286,5.069550795932303,5.062952260707685
SKU-0008,2017-10-10,1,1,0.0,12.0,67.5,4.668956981939012,5.25908187127452
SKU-0008,2017-10-11,6,1,1.0,4.0,67.14285714285714,5.778560824344479,5.453561920432281
SKU-0008,2017-10-12,3,1,6.0,3.0,67.67857142857143,4.365674564686927,4.6931932667928935
SKU-0008,2017-10-13,6,1,3.0,0.0,68.39285714285714,4.137820619230031,4.725537856459387
SKU-0008,2017-10-14,1,1,6.0,0.0,67.78571428571429,3.405940760422925,3.5629973065343568
SKU-0008,2017-10-15,0,1,1.0,0.0,68.67857142857143,4.268083736276109,4.175795307375604
SKU-0008,2017-10-16,6,1,0.0,0.0,67.71428571428571,5.067937959804045,5.480386873389861
SKU-0008,2017-10-17,16,1,6.0,1.0,68.67857142857143,4.6673441458107545,4.952375945969308
SKU-0008,2017-10-18,5,1,16.0,6.0,69.46428571428571,5.776947988216221,5.298944671554372
SKU-0008,2017-10-19,3,1,5.0,3.0,69.28571428571429,4.364061728558669,5.045462083073081
SKU-0008,2017-10-20,0,1,3.0,6.0,69.03571428571429,4.136207783101773,4.761694228508699
SKU-0008,2017-10-21,2,1,0.0,1.0,68.82142857142857,3.404327924294667,3.5129370811313576
SKU-0008,2017-10-22,0,1,2.0,0.0,68.85714285714286,4.266470900147851,4.229090811955086
SKU-0008,2017-10-23,6,1,0.0,6.0,69.92857142857143,5.066325123675787,4.627139699323763
SKU-0008,2017-10-24,8,1,6.0,16.0,69.46428571428571,4.6657313096824975,5.624504204273279
SKU-0008,2017-10-25,2,1,8.0,5.0,69.42857142857143,5.775335152087963,5.807043836616862
SKU-0008,2017-10-26,3,1,2.0,3.0,69.35714285714286,4.362448892430411,4.624803941946737
SKU-0008,2017-10-27,13,1,3.0,0.0,67.35714285714286,4.1345949469735155,4.866870504977485
SKU-0008,2017-10-28,0,1,13.0,2.0,68.85714285714286,3.402715088166409,2.892581524622685
SKU-0008,2017-10-29,0,1,0.0,0.0,68.71428571428571,4.264858064019593,3.6613128288747987
SKU-0008,2017-10-30,12,1,0.0,6.0,67.21428571428571,5.064712287547529,4.496350352392601
SKU-0008,2017-10-31,0,1,12.0,8.0,69.25,4.66411847355424,3.9013558448811017
SKU-0008,2017-11-01,16,1,0.0,2.0,69.89285714285714,5.773722315959705,5.930484850899908
SKU-0008,2017-11-02,5,1,16.0,3.0,71.17857142857143,4.360836056302153,4.340407236796243
SKU-0008,2017-11-03,0,1,5.0,13.0,70.67857142857143,4.132982110845258,4.932489444977623
SKU-0008,2017-11-04,0,1,0.0,0.0,69.92857142857143,3.401102252038151,3.5775138914056086
SKU-0008,2017-11-05,4,1,0.0,0.0,68.96428571428571,4.2632452278913355,3.937782692017163
SKU-0013,2017-10-09,4,1,0.0,0.0,3.7857142857142856,7.1433097074366465,5.397236915021401
SKU-0013,2017-10-10,5,1,4.0,1.0,3.4642857142857144,9.16248669393319,14.210579527413957
SKU-0013,2017-10-11,20,1,5.0,0.0,3.4642857142857144,10.297694306839505,14.221418540862139
SKU-0013,2017-10-12,0,1,20.0,0.0,3.1785714285714284,7.0292747546702845,11.254411265909091
SKU-0013,2017-10-13,0,1,0.0,16.0,3.142857142857143,6.4790850505687585,8.758363650588624
SKU-0013,2017-10-14,0,1,0.0,4.0,3.3214285714285716,4.786981156576323,7.318403258287782
SKU-0013,2017-10-15,6,1,0.0,0.0,2.8214285714285716,6.237990566430427,2.0255032624688107
SKU-0013,2017-10-16,0,1,6.0,4.0,2.857142857142857,7.154300762483873,10.194099252917097
SKU-0013,2017-10-17,6,1,0.0,5.0,2.6785714285714284,9.173477748980414,9.657652503950183
SKU-0013,2017-10-18,0,1,6.0,20.0,2.6785714285714284,10.308685361886731,11.325950920424768
SKU-0013,2017-10-19,0,1,0.0,0.0,2.642857142857143,7.040265809717511,8.44294230014504
SKU-0013,2017-10-20,7,1,0.0,0.0,2.142857142857143,6.490076105615984,10.583219960585096
SKU-0013,2017-10-21,5,1,7.0,0.0,2.2857142857142856,4.7979722116235495,6.364075390309564
SKU-0013,2017-10-22,3,1,5.0,6.0,2.392857142857143,6.248981621477653,4.611465761708959
SKU-0013,2017-10-23,0,1,3.0,0.0,2.4285714285714284,7.165291817531099,10.421231381648381
SKU-0013,2017-10-24,1,1,0.0,6.0,2.75,9.184468804027642,9.829322081594157
SKU-0013,2017-10-25,0,1,1.0,0.0,2.607142857142857,10.319676416933957,10.412087742813055
SKU-0013,2017-10-26,4,1,0.0,0.0,2.607142857142857,7.051256864764737,6.525299764790557
SKU-0013,2017-10-27,19,1,4.0,7.0,2.4642857142857144,6.50106716066321,6.184822977680879
SKU-0013,2017-10-28,8,1,19.0,5.0,2.4642857142857144,4.808963266670775,4.857804727480729
SKU-0013,2017-10-29,0,1,8.0,3.0,2.2142857142857144,6.259972676524878,0.0
SKU-0013,2017-10-30,0,1,0.0,0.0,2.5,7.176282872578325,11.823651038289423
SKU-0013,2017-10-31,14,1,0.0,1.0,2.0357142857142856,9.195459859074866,11.647067689824194
SKU-0013,2017-11-01,3,1,14.0,0.0,2.0714285714285716,10.330667471981183,14.335039062656765
SKU-0013,2017-11-02,30,1,3.0,4.0,2.392857142857143,7.062247919811963,6.014325840088259
SKU-0013,2017-11-03,6,1,30.0,19.0,2.5714285714285716,6.512058215710436,7.04007205499761
SKU-0013,2017-11-04,0,1,6.0,8.0,2.642857142857143,4.819954321718001,6.212196407387821
SKU-0013,2017-11-05,0,1,0.0,0.0,2.642857142857143,6.270963731572104,4.961913014451762
SKU-0019,2017-10-09,111,1,20.0,5.0,3.7857142857142856,17.129986981179716,10.202547650655918
SKU-0019,2017-10-10,0,1,111.0,3.0,3.9642857142857144,21.404472688235835,1.5825025553493892
SKU-0019,2017-10-11,13,1,0.0,0.0,4.392857142857143,19.072824199943582,14.407225541617532
SKU-0019,2017-10-12,3,1,13.0,19.0,4.392857142857143,25.01825733149709,14.37986961025496
SKU-0019,2017-10-13,0,1,3.0,0.0,4.392857142857143,14.589065552405847,10.105326231699651
SKU-0019,2017-10-14,12,1,0.0,0.0,4.464285714285714,11.438292834755513,6.374787924038031
SKU-0019,2017-10-15,0,1,12.0,20.0,4.464285714285714,12.274550397961278,9.517372474701009
SKU-0019,2017-10-16,5,1,0.0,111.0,4.464285714285714,17.132670807282253,14.240006837200772
SKU-0019,2017-10-17,7,1,5.0,0.0,4.178571428571429,21.407156514338368,14.461266577477318
SKU-0019,2017-10-18,0,1,7.0,13.0,4.535714285714286,19.07550802604612,8.619141359383752
SKU-0019,2017-10-19,95,1,0.0,3.0,4.535714285714286,25.020941157599623,9.782192753652907
SKU-0019,2017-10-20,0,1,95.0,0.0,4.714285714285714,14.591749378508384,13.95686844728197
SKU-0019,2017-10-21,30,1,0.0,12.0,4.714285714285714,11.44097666085805,5.971001133909007
SKU-0019,2017-10-22,0,1,30.0,0.0,4.714285714285714,12.277234224063811,6.858899738807138
SKU-0019,2017-10-23,0,1,0.0,5.0,4.714285714285714,17.13535463338479,0.0
SKU-0019,2017-10-24,0,1,0.0,7.0,4.785714285714286,21.409840340440905,12.41914509175837
SKU-0019,2017-10-25,69,1,0.0,0.0,5.071428571428571,19.078191852148652,24.568839957485846
SKU-0019,2017-10-26,70,1,69.0,95.0,5.142857142857143,25.02362498370216,17.163779577428294
SKU-0019,2017-10-27,0,1,70.0,0.0,4.678571428571429,14.594433204610917,14.948951061485674
SKU-0019,2017-10-28,16,1,0.0,30.0,4.071428571428571,11.443660486960587,10.611579799779259
SKU-0019,2017-10-29,30,1,16.0,0.0,3.642857142857143,12.279918050166348,17.768082286748804
SKU-0019,2017-10-30,0,1,30.0,0.0,3.642857142857143,17.138038459487323,23.761252415528123
SKU-0019,2017-10-31,19,1,0.0,0.0,3.642857142857143,21.41252416654344,39.09429838884558
SKU-0019,2017-11-01,6,1,19.0,69.0,2.607142857142857,19.08087567825119,22.51568845867688
SKU-0019,2017-11-02,3,1,6.0,70.0,2.9285714285714284,25.026308809804696,39.38376131094977
SKU-0019,2017-11-03,7,1,3.0,0.0,2.4642857142857144,14.597117030713454,20.163627734108164
SKU-0019,2017-11-04,48,1,7.0,16.0,2.4642857142857144,11.44634431306312,10.930906883269364
SKU-0019,2017-11-05,0,1,48.0,30.0,2.0357142857142856,12.282601876268885,3.9146540242151726
SKU-0021,2017-10-09,9,1,5.0,10.0,0.6428571428571429,20.997745397173333,12.593731981186394
SKU-0021,2017-10-10,6,1,9.0,16.0,0.6785714285714286,24.09307378656292,18.66949454489947
SKU-0021,2017-10-11,8,1,6.0,25.0,0.6785714285714286,22.391051033692342,21.388678866036834
SKU-0021,2017-10-12,16,1,8.0,15.0,0.8571428571428571,18.78585703470062,16.67421117698865
SKU-0021,2017-10-13,7,1,16.0,10.0,0.8571428571428571,17.256208794608963,16.4925255645728
SKU-0021,2017-10-14,8,1,7.0,0.0,0.8928571428571429,15.885846679990507,12.725931811073115
SKU-0021,2017-10-15,21,1,8.0,5.0,0.8928571428571429,19.728706788247454,18.573206692650366
SKU-0021,2017-10-16,12,1,21.0,9.0,0.8928571428571429,20.992703705621647,19.168717988336276
SKU-0021,2017-10-17,23,1,12.0,6.0,1.0,24.08803209501123,29.82197333446512
SKU-0021,2017-10-18,7,1,23.0,8.0,1.25,22.386009342140653,35.26378912741796
SKU-0021,2017-10-19,22,1,7.0,16.0,1.3571428571428572,18.78081534314893,22.459686439422615
SKU-0021,2017-10-20,13,1,22.0,7.0,1.25,17.251167103057274,22.866790332308696
SKU-0021,2017-10-21,39,1,13.0,8.0,1.2142857142857142,15.880804988438818,17.88327481792499
SKU-0021,2017-10-22,4,1,39.0,21.0,1.2142857142857142,19.723665096695765,18.39895977990671
SKU-0021,2017-10-23,0,1,4.0,12.0,1.1428571428571428,20.987662014069958,22.085445644779323
SKU-0021,2017-10-24,3,1,0.0,23.0,1.4642857142857142,24.08299040345954,32.40642424056145
SKU-0021,2017-10-25,10,1,3.0,7.0,1.4642857142857142,22.380967650588964,36.51068781977692
SKU-0021,2017-10-26,0,1,10.0,22.0,1.4642857142857142,18.775773651597245,24.666344454792366
SKU-0021,2017-10-27,43,1,0.0,13.0,1.2857142857142858,17.246125411505584,29.827262883288046
SKU-0021,2017-10-28,19,1,43.0,39.0,1.4642857142857142,15.87576329688713,15.777567293700697
SKU-0021,2017-10-29,13,1,19.0,4.0,1.4642857142857142,19.71862340514408,29.467750532706432
SKU-0021,2017-10-30,10,1,13.0,0.0,1.5714285714285714,20.98262032251827,31.87864530391388
SKU-0021,2017-10-31,23,1,10.0,3.0,1.6785714285714286,24.07794871190785,33.87586403899341
SKU-0021,2017-11-01,8,1,23.0,10.0,1.6785714285714286,22.37592595903728,21.595193794632227
SKU-0021,2017-11-02,8,1,8.0,0.0,1.8214285714285714,18.770731960045556,11.90725266419296
SKU-0021,2017-11-03,14,1,8.0,43.0,1.8571428571428572,17.241083719953895,14.918505000099605
SKU-0021,2017-11-04,6,1,14.0,19.0,1.8571428571428572,15.87072160533544,15.14605186571272
SKU-0021,2017-11-05,51,1,6.0,13.0,1.8571428571428572,19.71358171359239,18.249776180772837
SKU-0022,2017-10-09,54,1,41.0,34.0,0.6785714285714286,69.55973361178941,51.094470153925975
SKU-0022,2017-10-10,48,1,54.0,106.0,0.6785714285714286,85.99065079109539,70.8346284570879
SKU-0022,2017-10-11,86,1,48.0,71.0,0.6785714285714286,92.76981632671179,78.9225218494398
SKU-0022,2017-10-12,94,1,86.0,77.0,0.5,78.37097408760016,70.37972462089111
SKU-0022,2017-10-13,70,1,94.0,61.0,0.5,62.91580920567571,50.8602645303843
SKU-0022,2017-10-14,38,1,70.0,59.0,0.5,52.43427362959987,45.89098652639491
SKU-0022,2017-10-15,30,1,38.0,41.0,0.5,54.454210823015984,52.12979710194133
SKU-0022,2017-10-16,102,1,30.0,54.0,0.5,69.74720386810016,54.150191654197386
SKU-0022,2017-10-17,111,1,102.0,48.0,0.5,86.17812104740614,47.00384264640268
SKU-0022,2017-10-18,108,1,111.0,86.0,0.39285714285714285,92.95728658302254,101.90460937519289
SKU-0022,2017-10-19,73,1,108.0,94.0,0.42857142857142855,78.5584443439109,82.79624058095439
SKU-0022,2017-10-20,42,1,73.0,70.0,0.5,63.10327946198645,50.219785812546064
SKU-0022,2017-10-21,38,1,42.0,38.0,0.5,52.62174388591062,43.82382908195554
SKU-0022,2017-10-22,105,1,38.0,30.0,0.5,54.64168107932673,43.657682112788564
SKU-0022,2017-10-23,61,1,105.0,102.0,0.5,69.9346741244109,64.92985902548591
SKU-0022,2017-10-24,57,1,61.0,111.0,0.5,86.36559130371688,75.44358846163469
SKU-0022,2017-10-25,139,1,57.0,108.0,0.35714285714285715,93.14475683933328,85.56173577343336
SKU-0022,2017-10-26,53,1,139.0,73.0,0.2857142857142857,78.74591460022165,84.80782728924927
SKU-0022,2017-10-27,58,1,53.0,42.0,0.2857142857142857,63.2907497182972,49.19015115096911
SKU-0022,2017-10-28,58,1,58.0,38.0,0.4642857142857143,52.809214142221364,47.90038097795014
SKU-0022,2017-10-29,8,1,58.0,105.0,0.4642857142857143,54.82915133563748,51.33266291376252
SKU-0022,2017-10-30,91,1,8.0,61.0,0.4642857142857143,70.12214438072164,59.29390690839792
SKU-0022,2017-10-31,124,1,91.0,57.0,0.4642857142857143,86.55306156002763,73.97511530104552
SKU-0022,2017-11-01,107,1,124.0,139.0,0.4642857142857143,93.33222709564403,92.8595878568957
SKU-0022,2017-11-02,63,1,107.0,53.0,0.4642857142857143,78.9333848565324,70.18371335128452
SKU-0022,2017-11-03,40,1,63.0,58.0,0.8571428571428571,63.478219974607946,56.54165682491422
SKU-0022,2017-11-04,32,1,40.0,58.0,0.8571428571428571,52.99668439853211,46.486756720848774
SKU-0022,2017-11-05,65,1,32.0,8.0,0.8571428571428571,55.01662159194822,37.334971965686876
SKU-0024,2017-10-09,2,1,0.0,5.0,15.464285714285714,2.9059216453811834,4.070148748482267
SKU-0024,2017-10-10,0,1,2.0,7.0,15.535714285714286,4.509694786326829,4.65995048670248
SKU-0024,2017-10-11,0,1,0.0,0.0,15.571428571428571,4.491966478221018,6.029783347133081
SKU-0024,2017-10-12,0,1,0.0,0.0,16.178571428571427,3.392372317974757,4.482694922498147
SKU-0024,2017-10-13,0,1,0.0,0.0,16.035714285714285,3.3072309587784683,3.514505068397548
SKU-0024,2017-10-14,0,1,0.0,0.0,16.214285714285715,1.8795910185903462,2.620302792323946
SKU-0024,2017-10-15,5,1,0.0,0.0,16.071428571428573,2.2094851909345534,2.935113943853157
SKU-0024,2017-10-16,0,1,5.0,2.0,15.535714285714286,2.899840214354235,3.8449534339217606
SKU-0024,2017-10-17,2,1,0.0,0.0,15.321428571428571,4.50361335529988,4.900774023078923
SKU-0024,2017-10-18,8,1,2.0,0.0,16.214285714285715,4.48588504719407,4.847797057828164
SKU-0024,2017-10-19,0,1,8.0,0.0,16.357142857142858,3.3862908869478083,4.534842219929775
SKU-0024,2017-10-20,2,1,0.0,0.0,17.107142857142858,3.30114952775152,3.407073658005758
SKU-0024,2017-10-21,0,1,2.0,0.0,17.678571428571427,1.8735095875633974,2.397667825752681
SKU-0024,2017-10-22,0,1,0.0,5.0,18.785714285714285,2.203403759907605,3.058330607473513
SKU-0024,2017-10-23,2,1,0.0,0.0,19.285714285714285,2.893758783327286,3.795570599852888
SKU-0024,2017-10-24,0,1,2.0,2.0,18.535714285714285,4.497531924272932,5.081810229694177
SKU-0024,2017-10-25,0,1,0.0,8.0,19.464285714285715,4.479803616167121,5.173265628731744
SKU-0024,2017-10-26,46,1,0.0,0.0,20.214285714285715,3.38020945592086,4.261289335441955
SKU-0024,2017-10-27,0,1,46.0,2.0,19.392857142857142,3.295068096724571,5.4574908322256555
SKU-0024,2017-10-28,0,1,0.0,0.0,18.428571428571427,1.867428156536449,2.580362621288983
SKU-0024,2017-10-29,5,1,0.0,0.0,18.785714285714285,2.1973223288806563,3.301840540561832
SKU-0024,2017-10-30,10,1,5.0,2.0,18.964285714285715,2.887677352300338,3.269898737611885
SKU-0024,2017-10-31,10,1,10.0,0.0,19.428571428571427,4.491450493245983,4.02027796752884
SKU-0024,2017-11-01,3,1,10.0,0.0,18.25,4.473722185140173,6.960867115763214
SKU-0024,2017-11-02,0,1,3.0,46.0,17.642857142857142,3.374128024893911,2.2723611420332333
SKU-0024,2017-11-03,0,1,0.0,0.0,18.428571428571427,3.2889866656976228,4.296639813275114
SKU-0024,2017-11-04,3,1,0.0,0.0,17.964285714285715,1.8613467255095002,2.910568597684386
SKU-0024,2017-11-05,0,1,3.0,5.0,18.071428571428573,2.1912408978537075,3.8881397826856547
SKU-0026,2017-10-09,0,1,0.0,7.0,2.4642857142857144,10.864197176067218,7.866992965049164
SKU-0026,2017-10-10,30,1,0.0,0.0,2.642857142857143,7.945518183444295,4.242523192481652
SKU-0026,2017-10-11,5,1,30.0,0.0,2.5714285714285716,11.322766306655094,4.123159379650722
SKU-0026,2017-10-12,12,1,5.0,0.0,2.392857142857143,10.028802588833823,6.01918248649194
SKU-0026,2017-10-13,0,1,12.0,1.0,2.392857142857143,10.503119612612686,8.228952528219738
SKU-0026,2017-10-14,14,1,0.0,0.0,2.357142857142857,7.503372294080136,5.276012438796524
SKU-0026,2017-10-15,0,1,14.0,0.0,2.357142857142857,9.77874999877471,5.881881316500802
SKU-0026,2017-10-16,3,1,0.0,0.0,2.5357142857142856,10.86825739158319,15.386918727002923
SKU-0026,2017-10-17,6,1,3.0,30.0,2.357142857142857,7.949578398960267,7.614532641698549
SKU-0026,2017-10-18,0,1,6.0,5.0,2.357142857142857,11.326826522171064,5.178735722164759
SKU-0026,2017-10-19,51,1,0.0,12.0,2.2142857142857144,10.032862804349795,7.657941580057221
SKU-0026,2017-10-20,16,1,51.0,0.0,2.2142857142857144,10.507179828128658,1.6583652728572265
SKU-0026,2017-10-21,0,1,16.0,14.0,2.0,7.507432509596108,5.360479535892138
SKU-0026,2017-10-22,7,1,0.0,0.0,1.8214285714285714,9.78281021429068,10.46036560409233
SKU-0026,2017-10-23,0,1,7.0,3.0,1.6428571428571428,10.872317607099163,12.437272433544441
SKU-0026,2017-10-24,2,1,0.0,6.0,1.8571428571428572,7.953638614476239,6.757692932382377
SKU-0026,2017-10-25,0,1,2.0,0.0,1.8571428571428572,11.330886737687036,10.586988350747687
SKU-0026,2017-10-26,1,1,0.0,51.0,1.8928571428571428,10.036923019865766,8.662832120076322
SKU-0026,2017-10-27,0,1,1.0,16.0,1.6428571428571428,10.51124004364463,9.113246331979505
SKU-0026,2017-10-28,0,1,0.0,0.0,1.6428571428571428,7.51149272511208,10.642762282673441
SKU-0026,2017-10-29,5,1,0.0,7.0,1.75,9.786870429806653,10.74053818958336
SKU-0026,2017-10-30,16,1,5.0,0.0,1.75,10.876377822615133,14.122975274871461
SKU-0026,2017-10-31,0,1,16.0,2.0,1.8928571428571428,7.957698829992212,8.973832229240454
SKU-0026,2017-11-01,5,1,0.0,0.0,1.9642857142857142,11.334946953203008,11.090599001516104
SKU-0026,2017-11-02,34,1,5.0,1.0,1.9642857142857142,10.040983235381738,3.125848667870451
SKU-0026,2017-11-03,10,1,34.0,0.0,2.0357142857142856,10.5153002591606,1.444826665996039
SKU-0026,2017-11-04,30,1,10.0,0.0,2.0,7.515552940628052,3.5725295486809276
SKU-0026,2017-11-05,3,1,30.0,5.0,2.0,9.790930645322625,4.77496562728303
SKU-0030,2017-10-09,13,1,0.0,5.0,1.1428571428571428,10.295936218139335,12.071906978478372
SKU-0030,2017-10-10,0,1,13.0,0.0,1.1428571428571428,7.476529675244282,10.778619834874325
SKU-0030,2017-10-11,0,1,0.0,12.0,1.1071428571428572,8.442339501120262,8.011236024870978
SKU-0030,2017-10-12,0,1,0.0,30.0,0.8928571428571429,8.866141615172575,7.859198760035432
SKU-0030,2017-10-13,1,1,0.0,0.0,0.8928571428571429,6.543121745786761,4.564993235339223
SKU-0030,2017-10-14,2,1,1.0,0.0,0.8928571428571429,6.268978605948009,3.451930730408509
SKU-0030,2017-10-15,0,1,2.0,0.0,0.8928571428571429,5.005715560062535,3.2212652027940045
SKU-0030,2017-10-16,0,1,0.0,13.0,0.8928571428571429,10.301788965781586,10.234292979589963
SKU-0030,2017-10-17,0,1,0.0,0.0,0.8928571428571429,7.482382422886535,6.625169945148889
SKU-0030,2017-10-18,5,1,0.0,0.0,0.9285714285714286,8.448192248762513,7.365441155066749
SKU-0030,2017-10-19,11,1,5.0,0.0,0.7857142857142857,8.871994362814828,6.723441677871025
SKU-0030,2017-10-20,0,1,11.0,1.0,0.8928571428571429,6.548974493429014,2.4009250967728595
SKU-0030,2017-10-21,0,1,0.0,2.0,0.8928571428571429,6.274831353590262,2.331302758078174
SKU-0030,2017-10-22,33,1,0.0,0.0,1.0,5.011568307704788,2.2194692366009
SKU-0030,2017-10-23,0,1,33.0,0.0,1.1785714285714286,10.30764171342384,5.033387984924572
SKU-0030,2017-10-24,0,1,0.0,0.0,1.3928571428571428,7.488235170528788,7.170663318299946
SKU-0030,2017-10-25,16,1,0.0,5.0,1.4642857142857142,8.454044996404766,8.071277572867896
SKU-0030,2017-10-26,71,1,16.0,11.0,1.4285714285714286,8.87784711045708,6.065309464348702
SKU-0030,2017-10-27,0,1,71.0,0.0,1.5,6.554827241071267,2.743552067982829
SKU-0030,2017-10-28,2,1,0.0,0.0,1.3928571428571428,6.280684101232515,2.341524131431137
SKU-0030,2017-10-29,0,1,2.0,33.0,1.3928571428571428,5.017421055347041,1.6614758898701993
SKU-0030,2017-10-30,0,1,0.0,0.0,1.3571428571428572,10.313494461066092,7.016168594596528
SKU-0030,2017-10-31,6,1,0.0,0.0,1.4642857142857142,7.494087918171041,4.161391635502043
SKU-0030,2017-11-01,0,1,6.0,16.0,1.4642857142857142,8.45989774404702,19.09773957560548
SKU-0030,2017-11-02,0,1,0.0,71.0,1.5357142857142858,8.883699858099334,15.217418800879734
SKU-0030,2017-11-03,0,1,0.0,0.0,1.3571428571428572,6.560679988713519,7.381938682975723
SKU-0030,2017-11-04,0,1,0.0,2.0,1.3571428571428572,6.286536848874768,6.913985335632493
SKU-0030,2017-11-05,0,1,0.0,0.0,1.3571428571428572,5.023273802989294,3.497573630990015
SKU-0031,2017-10-09,8,1,20.0,13.0,54.17857142857143,8.231092311755344,9.053618877464583
SKU-0031,2017-10-10,9,1,8.0,14.0,53.92857142857143,10.414054344185153,8.949791783926221
SKU-0031,2017-10-11,4,1,9.0,18.0,63.642857142857146,10.677121918801632,10.464846973844946
SKU-0031,2017-10-12,5,1,4.0,11.0,63.642857142857146,9.010559199567584,8.049473033938012
SKU-0031,2017-10-13,4,1,5.0,11.0,65.53571428571429,6.869878827213278,8.304748235893152
SKU-0031,2017-10-14,5,1,4.0,5.0,67.75,5.2918819221611555,5.479222370064688
SKU-0031,2017-10-15,6,1,5.0,20.0,69.5,6.950015757827338,7.283286840999662
SKU-0031,2017-10-16,7,1,6.0,8.0,68.89285714285714,8.230504162924719,8.57178778440461
SKU-0031,2017-10-17,4,1,7.0,9.0,71.25,10.413466195354527,9.293601986854913
SKU-0031,2017-10-18,16,1,4.0,4.0,70.46428571428571,10.676533769971007,9.054852273518705
SKU-0031,2017-10-19,5,1,16.0,5.0,54.32142857142857,9.009971050736958,8.91576772441993
SKU-0031,2017-10-20,2,1,5.0,4.0,52.464285714285715,6.869290678382653,7.155010198282427
SKU-0031,2017-10-21,2,1,2.0,5.0,50.67857142857143,5.29129377333053,6.174816739881499
SKU-0031,2017-10-22,0,1,2.0,6.0,50.785714285714285,6.949427608996713,4.967789736064771
SKU-0031,2017-10-23,12,1,0.0,7.0,51.0,8.229916014094094,8.76969148307003
SKU-0031,2017-10-24,10,1,12.0,4.0,51.607142857142854,10.412878046523902,8.953958462759694
SKU-0031,2017-10-25,17,1,10.0,16.0,50.357142857142854,10.675945621140382,10.886314595733959
SKU-0031,2017-10-26,0,1,17.0,5.0,48.892857142857146,9.009382901906331,8.916437656935607
SKU-0031,2017-10-27,0,1,0.0,2.0,49.32142857142857,6.868702529552026,8.43670241397252
SKU-0031,2017-10-28,6,1,0.0,2.0,49.67857142857143,5.290705624499904,6.517341073248297
SKU-0031,2017-10-29,8,1,6.0,0.0,49.892857142857146,6.948839460166087,7.311833560253353
SKU-0031,2017-10-30,17,1,8.0,12.0,49.57142857142857,8.229327865263468,8.730252540544685
SKU-0031,2017-10-31,28,1,17.0,10.0,45.17857142857143,10.412289897693277,9.641257005605757
SKU-0031,2017-11-01,13,1,28.0,17.0,42.82142857142857,10.675357472309756,12.35797034007262
SKU-0031,2017-11-02,8,1,13.0,0.0,42.92857142857143,9.008794753075707,9.67893041596711
SKU-0031,2017-11-03,15,1,8.0,0.0,42.107142857142854,6.8681143807214005,6.9791025601214605
SKU-0031,2017-11-04,3,1,15.0,6.0,40.964285714285715,5.290117475669279,5.710156178774875
SKU-0031,2017-11-05,0,1,3.0,8.0,41.464285714285715,6.948251311335461,6.048863151476403
SKU-0032,2017-10-09,0,1,0.0,14.0,4.321428571428571,4.2289788907514385,4.496500503545546
SKU-0032,2017-10-10,3,1,0.0,0.0,4.5,4.785050913571727,3.7281162570241624
SKU-0032,2017-10-11,1,1,3.0,0.0,4.392857142857143,5.154431807122295,4.595699460581646
SKU-0032,2017-10-12,4,1,1.0,0.0,4.25,4.124894412868221,3.694956761663405
SKU-0032,2017-10-13,5,1,4.0,0.0,4.25,3.476051004818012,3.15055702701563
SKU-0032,2017-10-14,0,1,5.0,0.0,3.892857142857143,3.1725656120495227,2.7735224416633066
SKU-0032,2017-10-15,1,1,0.0,0.0,3.9642857142857144,3.123733873265979,2.818223533233595
SKU-0032,2017-10-16,0,1,1.0,0.0,4.0,4.235595223505355,3.3339721703503753
SKU-0032,2017-10-17,0,1,0.0,3.0,4.25,4.791667246325643,3.4265879551466836
SKU-0032,2017-10-18,0,1,0.0,1.0,4.464285714285714,5.161048139876211,4.101639946566938
SKU-0032,2017-10-19,0,1,0.0,4.0,4.75,4.131510745622137,4.090782869102132
SKU-0032,2017-10-20,7,1,0.0,5.0,4.571428571428571,3.4826673375719284,3.436693491159194
SKU-0032,2017-10-21,3,1,7.0,0.0,4.892857142857143,3.179181944803439,2.9291057226360127
SKU-0032,2017-10-22,2,1,3.0,1.0,4.821428571428571,3.1303502060198953,3.3015648721435613
SKU-0032,2017-10-23,12,1,2.0,0.0,4.821428571428571,4.242211556259271,3.4606252149996806
SKU-0032,2017-10-24,0,1,12.0,0.0,4.75,4.798283579079559,3.9659313990985323
SKU-0032,2017-10-25,0,1,0.0,0.0,4.428571428571429,5.167664472630127,4.186315069959563
SKU-0032,2017-10-26,3,1,0.0,0.0,4.392857142857143,4.138127078376053,4.547077456953322
SKU-0032,2017-10-27,5,1,3.0,7.0,4.75,3.4892836703258445,3.1544861778738045
SKU-0032,2017-10-28,2,1,5.0,3.0,4.428571428571429,3.185798277557355,2.5606314464339532
SKU-0032,2017-10-29,8,1,2.0,2.0,4.321428571428571,3.1369665387738115,3.1253802820087575
SKU-0032,2017-10-30,1,1,8.0,12.0,4.214285714285714,4.248827889013187,3.4441560093193098
SKU-0032,2017-10-31,1,1,1.0,0.0,4.285714285714286,4.804899911833475,3.6729486380655922
SKU-0032,2017-11-01,9,1,1.0,0.0,4.357142857142857,5.1742808053840434,4.66910712375526
SKU-0032,2017-11-02,5,1,9.0,3.0,4.214285714285714,4.144743411129969,3.6991750282259206
SKU-0032,2017-11-03,2,1,5.0,5.0,4.392857142857143,3.4959000030797607,3.2677371561188124
SKU-0032,2017-11-04,0,1,2.0,2.0,4.25,3.192414610311271,2.6575433483119273
SKU-0032,2017-11-05,1,1,0.0,8.0,4.178571428571429,3.1435828715277276,2.9120599030063015
SKU-0033,2017-10-09,17,1,1.0,8.0,15.964285714285714,12.24416227278865,5.062807110907314
SKU-0033,2017-10-10,0,1,17.0,0.0,16.642857142857142,12.005899154370438,8.207334695804795
SKU-0033,2017-10-11,14,1,0.0,9.0,15.928571428571429,9.842245526827934,5.139297762766675
SKU-0033,2017-10-12,4,1,14.0,1.0,16.75,11.14868317995552,6.270607839416131
SKU-0033,2017-10-13,11,1,4.0,53.0,16.607142857142858,9.301637297091796,7.219212420305942
SKU-0033,2017-10-14,0,1,11.0,0.0,15.535714285714286,10.495196571616932,10.224367035369033
SKU-0033,2017-10-15,2,1,0.0,1.0,15.142857142857142,9.650031915908638,15.111660899104475
SKU-0033,2017-10-16,0,1,2.0,17.0,15.0,12.244768303180667,14.090254797581244
SKU-0033,2017-10-17,0,1,0.0,0.0,15.357142857142858,12.006505184762453,11.451969302260826
SKU-0033,2017-10-18,0,1,0.0,14.0,14.535714285714286,9.84285155721995,8.630533211479396
SKU-0033,2017-10-19,44,1,0.0,4.0,13.75,11.149289210347536,7.6296855463900455
SKU-0033,2017-10-20,4,1,44.0,11.0,13.571428571428571,9.302243327483811,8.522455678706773
SKU-0033,2017-10-21,9,1,4.0,0.0,13.535714285714286,10.495802602008947,11.212170311492844
SKU-0033,2017-10-22,0,1,9.0,2.0,13.642857142857142,9.650637946300654,9.95519034173461
SKU-0033,2017-10-23,0,1,0.0,0.0,13.892857142857142,12.24537433357268,14.447754989100014
SKU-0033,2017-10-24,1,1,0.0,0.0,13.535714285714286,12.007111215154469,9.051558068135746
SKU-0033,2017-10-25,18,1,1.0,0.0,13.607142857142858,9.843457587611965,3.219928815883571
SKU-0033,2017-10-26,13,1,18.0,44.0,13.857142857142858,11.149895240739552,3.3857392620450453
SKU-0033,2017-10-27,7,1,13.0,4.0,14.178571428571429,9.302849357875827,11.130910833340955
SKU-0033,2017-10-28,3,1,7.0,9.0,13.928571428571429,10.496408632400962,12.252595842350985
SKU-0033,2017-10-29,21,1,3.0,0.0,14.107142857142858,9.651243976692669,10.256585493634486
SKU-0033,2017-10-30,26,1,21.0,0.0,14.392857142857142,12.245980363964698,9.627747721961379
SKU-0033,2017-10-31,10,1,26.0,1.0,14.071428571428571,12.007717245546484,10.883976215634616
SKU-0033,2017-11-01,17,1,10.0,18.0,14.678571428571429,9.84406361800398,17.958228735856395
SKU-0033,2017-11-02,51,1,17.0,13.0,14.678571428571429,11.150501271131567,10.151353232866894
SKU-0033,2017-11-03,2,1,51.0,7.0,14.892857142857142,9.303455388267842,9.556060710279667
SKU-0033,2017-11-04,5,1,2.0,3.0,14.75,10.497014662792978,5.114937551098961
SKU-0033,2017-11-05,0,1,5.0,21.0,15.035714285714286,9.651850007084684,7.360297287786395
SKU-0038,2017-10-09,22,1,23.0,36.0,1.0714285714285714,21.42160252574149,19.10332126320087
SKU-0038,2017-10-10,51,1,22.0,22.0,1.1071428571428572,24.975510578762893,33.04860866300808
SKU-0038,2017-10-11,31,1,51.0,30.0,1.1071428571428572,25.713925961984664,21.091338522854773
SKU-0038,2017-10-12,28,1,31.0,8.0,1.1428571428571428,24.89920755554783,17.16583263090493
SKU-0038,2017-10-13,26,1,28.0,15.0,1.1428571428571428,20.69303059282342,17.342014816061617
SKU-0038,2017-10-14,14,1,26.0,16.0,1.1428571428571428,19.84554086926092,15.246049784546303
SKU-0038,2017-10-15,31,1,14.0,23.0,1.25,20.156826846933914,16.718977327939417
SKU-0038,2017-10-16,26,1,31.0,22.0,1.25,21.476261754270148,19.771905290341206
SKU-0038,2017-10-17,21,1,26.0,51.0,1.25,25.03016980729155,17.446119324386963
SKU-0038,2017-10-18,17,1,21.0,31.0,1.3571428571428572,25.76858519051332,21.303199862941916
SKU-0038,2017-10-19,15,1,17.0,28.0,1.4285714285714286,24.953866784076485,23.80755701510733
SKU-0038,2017-10-20,24,1,15.0,26.0,1.4285714285714286,20.747689821352072,19.516215129235977
SKU-0038,2017-10-21,17,1,24.0,14.0,1.4642857142857142,19.900200097789575,14.75083165461499
SKU-0038,2017-10-22,28,1,17.0,31.0,1.4642857142857142,20.211486075462567,17.138597243786688
SKU-0038,2017-10-23,26,1,28.0,26.0,1.3928571428571428,21.5309209827988,19.94575206303632
SKU-0038,2017-10-24,7,1,26.0,21.0,1.2857142857142858,25.084829035820206,23.803420659243457
SKU-0038,2017-10-25,47,1,7.0,17.0,1.2857142857142858,25.823244419041977,23.99812832571863
SKU-0038,2017-10-26,17,1,47.0,15.0,1.2857142857142858,25.00852601260514,17.143728911309054
SKU-0038,2017-10-27,25,1,17.0,24.0,1.2857142857142858,20.80234904988073,19.4665526027604
SKU-0038,2017-10-28,22,1,25.0,17.0,1.1428571428571428,19.95485932631823,12.307800990496242
SKU-0038,2017-10-29,12,1,22.0,28.0,1.1785714285714286,20.266145303991223,18.321682936680958
SKU-0038,2017-10-30,16,1,12.0,26.0,1.0,21.585580211327457,17.676434178525728
SKU-0038,2017-10-31,30,1,16.0,7.0,1.4642857142857142,25.139488264348856,38.002113948730205
SKU-0038,2017-11-01,53,1,30.0,47.0,1.3214285714285714,25.877903647570633,16.636845785887214
SKU-0038,2017-11-02,30,1,53.0,17.0,1.3214285714285714,25.063185241133795,11.706747901122032
SKU-0038,2017-11-03,24,1,30.0,25.0,1.3214285714285714,20.85700827840938,17.042680708855652
SKU-0038,2017-11-04,38,1,24.0,22.0,1.5714285714285714,20.009518554846885,15.045386732367298
SKU-0038,2017-11-05,2,1,38.0,12.0,1.5714285714285714,20.320804532519876,17.648894324316082
SKU-0045,2017-10-09,9,1,35.0,22.0,7.142857142857143,30.485985477051265,31.430458085544274
SKU-0045,2017-10-10,37,1,9.0,42.0,7.464285714285714,30.62977710054143,30.803457825392353
SKU-0045,2017-10-11,77,1,37.0,10.0,7.464285714285714,31.423074007237304,40.61230565560679
SKU-0045,2017-10-12,45,1,77.0,44.0,7.5,32.19683868606414,28.28490353968112
SKU-0045,2017-10-13,38,1,45.0,19.0,7.821428571428571,29.76109794981556,27.13742295983333
SKU-0045,2017-10-14,24,1,38.0,15.0,7.642857142857143,29.21803975155306,25.25755854914599
SKU-0045,2017-10-15,16,1,24.0,35.0,7.642857142857143,31.16599826948463,23.533428474626156
SKU-0045,2017-10-16,27,1,16.0,9.0,7.821428571428571,30.53857696831073,27.38915015826436
SKU-0045,2017-10-17,33,1,27.0,37.0,7.714285714285714,30.682368591800895,32.91921175588665
SKU-0045,2017-10-18,68,1,33.0,77.0,7.428571428571429,31.47566549849677,28.542177046599097
SKU-0045,2017-10-19,17,1,68.0,45.0,7.428571428571429,32.24943017732361,29.646411329322856
SKU-0045,2017-10-20,86,1,17.0,38.0,7.321428571428571,29.813689441075027,27.463133443754497
SKU-0045,2017-10-21,33,1,86.0,24.0,7.035714285714286,29.270631242812527,28.1562796763498
SKU-0045,2017-10-22,35,1,33.0,16.0,6.785714285714286,31.218589760744095,29.32543638918267
SKU-0045,2017-10-23,26,1,35.0,27.0,6.678571428571429,30.591168459570195,22.015341048937028
SKU-0045,2017-10-24,26,1,26.0,33.0,6.75,30.73496008306036,27.154668680650637
SKU-0045,2017-10-25,77,1,26.0,68.0,7.5,31.528256989756233,31.916051650959606
SKU-0045,2017-10-26,76,1,77.0,17.0,6.892857142857143,32.30202166858307,32.5584285955764
SKU-0045,2017-10-27,47,1,76.0,86.0,7.464285714285714,29.866280932334494,36.54494620585211
SKU-0045,2017-10-28,24,1,47.0,33.0,7.142857142857143,29.323222734071994,22.46167128933691
SKU-0045,2017-10-29,27,1,24.0,35.0,7.107142857142857,31.27118125200356,22.840162119657368
SKU-0045,2017-10-30,30,1,27.0,26.0,7.035714285714286,30.64375995082966,27.283693054665484
SKU-0045,2017-10-31,69,1,30.0,26.0,6.785714285714286,30.787551574319828,32.24948358269913
SKU-0045,2017-11-01,42,1,69.0,77.0,6.464285714285714,31.5808484810157,32.84718969116562
SKU-0045,2017-11-02,73,1,42.0,76.0,6.214285714285714,32.35461315984254,29.015201350481377
SKU-0045,2017-11-03,69,1,73.0,47.0,6.321428571428571,29.918872423593957,15.07893892672278
SKU-0045,2017-11-04,50,1,69.0,24.0,6.285714285714286,29.37581422533146,21.890581737598467
SKU-0045,2017-11-05,39,1,50.0,27.0,6.178571428571429,31.323772743263024,27.64994619979397
SKU-0047,2017-10-09,1,1,5.0,6.0,6.357142857142857,8.363058794427781,8.540874941912776
SKU-0047,2017-10-10,19,1,1.0,0.0,6.464285714285714,9.813743448453454,8.553828411701376
SKU-0047,2017-10-11,0,1,19.0,13.0,6.75,10.454678600936465,10.05737657492186
SKU-0047,2017-10-12,12,1,0.0,3.0,6.857142857142857,8.060924429100263,8.099292174325212
SKU-0047,2017-10-13,10,1,12.0,26.0,6.714285714285714,7.289363352418125,6.43180298446089
SKU-0047,2017-10-14,0,1,10.0,10.0,6.642857142857143,5.944928712458697,4.701121730681883
SKU-0047,2017-10-15,3,1,0.0,5.0,6.428571428571429,5.382198077147274,7.460204086847497
SKU-0047,2017-10-16,2,1,3.0,1.0,6.285714285714286,8.370544099912262,9.170907466950062
SKU-0047,2017-10-17,22,1,2.0,19.0,6.357142857142857,9.821228753937936,9.057908946277466
SKU-0047,2017-10-18,1,1,22.0,0.0,6.571428571428571,10.462163906420946,9.795266291321882
SKU-0047,2017-10-19,0,1,1.0,12.0,6.464285714285714,8.068409734584744,7.792234063254653
SKU-0047,2017-10-20,3,1,0.0,10.0,6.107142857142857,7.296848657902607,5.1576786196118904
SKU-0047,2017-10-21,0,1,3.0,0.0,5.892857142857143,5.9524140179431795,6.0333542281781245
SKU-0047,2017-10-22,0,1,0.0,3.0,5.5,5.389683382631755,6.430238958577081
SKU-0047,2017-10-23,5,1,0.0,2.0,5.5,8.378029405396743,6.5239150991093116
SKU-0047,2017-10-24,5,1,5.0,22.0,5.0,9.828714059422419,8.122350398982976
SKU-0047,2017-10-25,3,1,5.0,1.0,4.642857142857143,10.469649211905429,11.007867275709252
SKU-0047,2017-10-26,5,1,3.0,0.0,4.964285714285714,8.075895040069227,8.627918029469322
SKU-0047,2017-10-27,36,1,5.0,3.0,4.714285714285714,7.304333963387088,7.781296550871412
SKU-0047,2017-10-28,6,1,36.0,0.0,4.214285714285714,5.959899323427661,2.6884858569363326
SKU-0047,2017-10-29,9,1,6.0,0.0,4.392857142857143,5.397168688116238,5.4045603224316965
SKU-0047,2017-10-30,4,1,9.0,5.0,4.75,8.385514710881226,7.63995733498527
SKU-0047,2017-10-31,8,1,4.0,5.0,5.428571428571429,9.8361993649069,8.556483406180767
SKU-0047,2017-11-01,0,1,8.0,3.0,6.0,10.47713451738991,11.244343764111585
SKU-0047,2017-11-02,0,1,0.0,5.0,6.178571428571429,8.083380345553708,8.238205797457635
SKU-0047,2017-11-03,14,1,0.0,36.0,5.785714285714286,7.31181926887157,10.842453644869943
SKU-0047,2017-11-04,16,1,14.0,6.0,5.5,5.967384628912143,5.916793260743765
SKU-0047,2017-11-05,6,1,16.0,9.0,5.25,5.40465399360072,5.99336036186391
SKU-0052,2017-10-09,15,1,0.0,0.0,3.0,14.808816687592321,15.590314825102274
SKU-0052,2017-10-10,7,1,15.0,17.0,3.107142857142857,16.79369380097567,11.085603286322351
SKU-0052,2017-10-11,4,1,7.0,62.0,3.0,18.134056473036516,11.318126620506138
SKU-0052,2017-10-12,1,1,4.0,45.0,2.892857142857143,16.596085798672778,7.060332574777423
SKU-0052,2017-10-13,1,1,1.0,0.0,3.0357142857142856,12.278849072557133,4.8203998155211165
SKU-0052,2017-10-14,28,1,1.0,0.0,3.1785714285714284,9.630978031267922,7.600447780058664
SKU-0052,2017-10-15,24,1,28.0,0.0,3.2142857142857144,13.01757517674279,9.71602555553004
SKU-0052,2017-10-16,7,1,24.0,15.0,3.2142857142857144,14.843623381402834,12.691922519798775
SKU-0052,2017-10-17,7,1,7.0,7.0,3.3214285714285716,16.828500494786184,18.431558078264572
SKU-0052,2017-10-18,1,1,7.0,4.0,3.357142857142857,18.16886316684703,15.88050895044047
SKU-0052,2017-10-19,16,1,1.0,1.0,3.3214285714285716,16.63089249248329,7.682970607697275
SKU-0052,2017-10-20,0,1,16.0,1.0,3.2142857142857144,12.313655766367646,16.5411991165941
SKU-0052,2017-10-21,0,1,0.0,28.0,3.2142857142857144,9.665784725078435,7.89110221202329
SKU-0052,2017-10-22,7,1,0.0,24.0,3.642857142857143,13.052381870553303,11.106285641506407
SKU-0052,2017-10-23,15,1,7.0,7.0,4.035714285714286,14.878430075213346,9.891328998670126
SKU-0052,2017-10-24,19,1,15.0,7.0,4.321428571428571,16.863307188596696,9.8650483846243
SKU-0052,2017-10-25,23,1,19.0,1.0,4.071428571428571,18.20366986065754,11.068040417972245
SKU-0052,2017-10-26,1,1,23.0,16.0,3.7142857142857144,16.665699186293807,4.028243603191193
SKU-0052,2017-10-27,5,1,1.0,0.0,3.7857142857142856,12.348462460178158,9.865232147115632
SKU-0052,2017-10-28,0,1,5.0,0.0,3.6785714285714284,9.700591418888948,7.660754482460974
SKU-0052,2017-10-29,0,1,0.0,7.0,3.607142857142857,13.087188564363816,14.955821066926033
SKU-0052,2017-10-30,48,1,0.0,15.0,3.642857142857143,14.91323676902386,14.855528977596203
SKU-0052,2017-10-31,0,1,48.0,19.0,3.642857142857143,16.89811388240721,13.144582891109543
SKU-0052,2017-11-01,46,1,0.0,23.0,3.5357142857142856,18.238476554468054,31.78502621443506
SKU-0052,2017-11-02,33,1,46.0,1.0,3.5,16.70050588010432,24.573863998342183
SKU-0052,2017-11-03,0,1,33.0,5.0,3.7142857142857144,12.383269153988671,5.765247951961179
SKU-0052,2017-11-04,5,1,0.0,0.0,3.857142857142857,9.73539811269946,8.258292725085271
SKU-0052,2017-11-05,0,1,5.0,0.0,3.607142857142857,13.121995258174328,8.670332020341013
SKU-0053,2017-10-09,5,1,0.0,0.0,39.57142857142857,3.3551667478579232,2.976120478409798
SKU-0053,2017-10-10,12,1,5.0,29.0,39.785714285714285,3.630151639138302,3.0427311524871685
SKU-0053,2017-10-11,0,1,12.0,0.0,39.285714285714285,4.398513463912938,2.9327637989586015
SKU-0053,2017-10-12,0,1,0.0,13.0,38.25,3.752435488557052,4.151734378382971
SKU-0053,2017-10-13,2,1,0.0,0.0,37.285714285714285,2.5281696549621833,2.936053088039088
SKU-0053,2017-10-14,0,1,2.0,14.0,36.392857142857146,2.348605837348161,2.6967906980606515
SKU-0053,2017-10-15,0,1,0.0,0.0,35.42857142857143,2.4273175665224622,2.2390799252504348
SKU-0053,2017-10-16,0,1,0.0,5.0,35.857142857142854,3.3392773592789204,2.5947237563767227
SKU-0053,2017-10-17,10,1,0.0,12.0,32.964285714285715,3.614262250559299,0.0
SKU-0053,2017-10-18,0,1,10.0,0.0,31.75,4.382624075333935,3.8507494203857107
SKU-0053,2017-10-19,5,1,0.0,0.0,30.428571428571427,3.7365460999780487,3.036294519113002
SKU-0053,2017-10-20,0,1,5.0,2.0,29.607142857142858,2.51228026638318,2.723797641220465
SKU-0053,2017-10-21,0,1,0.0,0.0,30.357142857142858,2.3327164487691583,1.4805818478458344
SKU-0053,2017-10-22,0,1,0.0,0.0,30.321428571428573,2.411428177943459,2.337130619251669
SKU-0053,2017-10-23,2,1,0.0,0.0,30.571428571428573,3.3233879706999176,3.6519013517418246
SKU-0053,2017-10-24,8,1,2.0,10.0,31.535714285714285,3.598372861980296,3.65564413613379
SKU-0053,2017-10-25,2,1,8.0,0.0,31.464285714285715,4.366734686754932,3.2148055662969655
SKU-0053,2017-10-26,0,1,2.0,5.0,31.285714285714285,3.720656711399046,2.429735512163205
SKU-0053,2017-10-27,0,1,0.0,0.0,32.857142857142854,2.4963908778041777,2.1588406411957535
SKU-0053,2017-10-28,0,1,0.0,0.0,34.32142857142857,2.3168270601901555,1.1520103085920084
SKU-0053,2017-10-29,0,1,0.0,0.0,36.25,2.3955387893644557,1.5519458107975295
SKU-0053,2017-10-30,0,1,0.0,2.0,36.392857142857146,3.307498582120915,3.203973801237221
SKU-0053,2017-10-31,0,1,0.0,8.0,36.75,3.582483473401293,1.4612555884934775
SKU-0053,2017-11-01,9,1,0.0,2.0,37.107142857142854,4.35084529817593,3.123575932256507
SKU-0053,2017-11-02,0,1,9.0,0.0,35.82142857142857,3.704767322820043,2.104352564850186
SKU-0053,2017-11-03,0,1,0.0,0.0,35.75,2.4805014892251744,2.8089725877062963
SKU-0053,2017-11-04,2,1,0.0,0.0,35.214285714285715,2.3009376716111527,1.24740096466911
SKU-0053,2017-11-05,5,1,2.0,0.0,35.5,2.3796494007854534,2.0209518152305996
SKU-0054,2017-10-09,0,1,13.0,12.0,94.53571428571429,6.937628736995269,6.407252194604636
SKU-0054,2017-10-10,0,1,0.0,18.0,96.85714285714286,7.790085458069247,8.29107063059294
SKU-0054,2017-10-11,0,1,0.0,3.0,97.57142857142857,8.589982047731958,7.914102028873369
SKU-0054,2017-10-12,0,1,0.0,22.0,97.89285714285714,7.495579375519686,6.81304449210732
SKU-0054,2017-10-13,27,1,0.0,7.0,100.46428571428571,7.0327673282470675,5.897269233208442
SKU-0054,2017-10-14,12,1,27.0,10.0,102.71428571428571,5.335634286453041,5.7241092198127665
SKU-0054,2017-10-15,5,1,12.0,13.0,106.60714285714286,6.163507468251049,5.576096529110302
SKU-0054,2017-10-16,10,1,5.0,0.0,86.92857142857143,6.956685554822573,5.970221611100035
SKU-0054,2017-10-17,0,1,10.0,0.0,87.35714285714286,7.809142275896551,5.699074816624253
SKU-0054,2017-10-18,17,1,0.0,0.0,93.0,8.609038865559262,7.228210872891375
SKU-0054,2017-10-19,17,1,17.0,0.0,92.21428571428571,7.514636193346989,5.50830750547752
SKU-0054,2017-10-20,4,1,17.0,27.0,81.57142857142857,7.051824146074372,6.346943331101863
SKU-0054,2017-10-21,2,1,4.0,12.0,75.21428571428571,5.354691104280344,4.459339939555312
SKU-0054,2017-10-22,0,1,2.0,5.0,73.92857142857143,6.182564286078352,4.479184356195672
SKU-0054,2017-10-23,10,1,0.0,10.0,73.89285714285714,6.9757423726498775,6.188586166246338
SKU-0054,2017-10-24,1,1,10.0,0.0,84.0,7.828199093723855,1.8586401297129074
SKU-0054,2017-10-25,31,1,1.0,17.0,67.96428571428571,8.628095683386565,7.132701972467435
SKU-0054,2017-10-26,0,1,31.0,17.0,69.39285714285714,7.533693011174294,4.9449056881594515
SKU-0054,2017-10-27,10,1,0.0,4.0,73.42857142857143,7.070880963901676,4.6009480389926365
SKU-0054,2017-10-28,0,1,10.0,2.0,74.39285714285714,5.373747922107649,3.6310055693537437
SKU-0054,2017-10-29,6,1,0.0,0.0,72.0,6.201621103905657,4.438550886103225
SKU-0054,2017-10-30,12,1,6.0,10.0,78.46428571428571,6.994799190477181,5.546027084829929
SKU-0054,2017-10-31,5,1,12.0,1.0,74.28571428571429,7.8472559115511595,4.907603801775141
SKU-0054,2017-11-01,28,1,5.0,31.0,77.71428571428571,8.647152501213869,9.696380429634534
SKU-0054,2017-11-02,9,1,28.0,0.0,96.46428571428571,7.5527498290015975,4.990897543774815
SKU-0054,2017-11-03,8,1,9.0,10.0,90.92857142857143,7.08993778172898,5.669554625342134
SKU-0054,2017-11-04,6,1,8.0,0.0,88.32142857142857,5.392804739934952,4.1909240223445625
SKU-0054,2017-11-05,6,1,6.0,6.0,88.82142857142857,6.22067792173296,4.604824016713423
SKU-0055,2017-10-09,1,1,0.0,2.0,2.9642857142857144,1.4711326255584594,2.562672158692942
SKU-0055,2017-10-10,0,1,1.0,0.0,3.0714285714285716,2.0401035940624306,2.28314969447477
SKU-0055,2017-10-11,5,1,0.0,0.0,3.0714285714285716,1.8179064066275146,2.963447348477672
SKU-0055,2017-10-12,0,1,5.0,1.0,3.142857142857143,1.380295167579093,2.3462290346600874
SKU-0055,2017-10-13,1,1,0.0,0.0,3.142857142857143,1.2353654374179817,1.9300504279586905
SKU-0055,2017-10-14,0,1,1.0,0.0,3.0714285714285716,0.6980457653711021,1.066318949487021
SKU-0055,2017-10-15,0,1,0.0,0.0,3.0714285714285716,1.2908447609729534,1.8726337913472386
SKU-0055,2017-10-16,4,1,0.0,1.0,3.107142857142857,1.4669927456045224,2.538655434869625
SKU-0055,2017-10-17,7,1,4.0,0.0,3.3214285714285716,2.035963714108494,2.7129640717779986
SKU-0055,2017-10-18,5,1,7.0,5.0,3.4285714285714284,1.8137665266735779,2.7389737293155005
SKU-0055,2017-10-19,0,1,5.0,0.0,3.4285714285714284,1.376155287625156,1.9675803661192348
SKU-0055,2017-10-20,0,1,0.0,1.0,3.3214285714285716,1.2312255574640447,1.732025439073354
SKU-0055,2017-10-21,0,1,0.0,0.0,3.3214285714285716,0.6939058854171654,0.7996702059127916
SKU-0055,2017-10-22,0,1,0.0,0.0,3.3214285714285716,1.2867048810190165,1.0300378299233606
SKU-0055,2017-10-23,9,1,0.0,4.0,3.3214285714285716,1.4628528656505855,2.3497011234450276
SKU-0055,2017-10-24,0,1,9.0,7.0,3.0,2.031823834154557,2.6793797367940826
SKU-0055,2017-10-25,0,1,0.0,5.0,3.107142857142857,1.8096266467196411,4.479268465295398
SKU-0055,2017-10-26,0,1,0.0,0.0,3.0714285714285716,1.3720154076712192,1.6656212727574775
SKU-0055,2017-10-27,6,1,0.0,0.0,2.9285714285714284,1.2270856775101078,2.21136493200913
SKU-0055,2017-10-28,0,1,6.0,0.0,3.0,0.6897660054632284,1.3367192504323173
SKU-0055,2017-10-29,3,1,0.0,0.0,3.142857142857143,1.2825650010650798,3.201915004834343
SKU-0055,2017-10-30,5,1,3.0,9.0,3.0357142857142856,1.4587129856966485,1.7929964839466264
SKU-0055,2017-10-31,0,1,5.0,0.0,2.857142857142857,2.02768395420062,2.1698717531369702
SKU-0055,2017-11-01,4,1,0.0,0.0,2.7142857142857144,1.805486766765704,0.6443370342728756
SKU-0055,2017-11-02,2,1,4.0,0.0,2.392857142857143,1.3678755277172825,1.0434366474672787
SKU-0055,2017-11-03,0,1,2.0,6.0,2.2857142857142856,1.2229457975561708,1.1343351427099673
SKU-0055,2017-11-04,0,1,0.0,0.0,1.9642857142857142,0.6856261255092915,1.2004769233167303
SKU-0055,2017-11-05,3,1,0.0,3.0,1.9642857142857142,1.2784251211111428,0.32271865473449063
SKU-0056,2017-10-09,0,1,0.0,0.0,7.035714285714286,1.0977387886847474,1.2063042042505372
SKU-0056,2017-10-10,0,1,0.0,0.0,7.035714285714286,1.8613562323703574,1.3249848486249713
SKU-0056,2017-10-11,0,1,0.0,0.0,6.678571428571429,2.320699067124158,1.563407534150891
SKU-0056,2017-10-12,0,1,0.0,0.0,6.857142857142857,1.5279580066180747,1.4346158271832639
SKU-0056,2017-10-13,0,1,0.0,0.0,6.892857142857143,1.059425789296002,1.2841555502310311
SKU-0056,2017-10-14,0,1,0.0,0.0,6.75,0.6516284393551015,0.9797643958174351
SKU-0056,2017-10-15,0,1,0.0,0.0,6.964285714285714,0.8445663857855642,1.2580789728495236
SKU-0056,2017-10-16,0,1,0.0,0.0,6.75,1.0936329063731849,1.5307945603330553
SKU-0056,2017-10-17,0,1,0.0,0.0,6.785714285714286,1.8572503500587954,2.229115024930641
SKU-0056,2017-10-18,1,1,0.0,0.0,6.857142857142857,2.3165931848125956,2.013223634167143
SKU-0056,2017-10-19,2,1,1.0,0.0,6.178571428571429,1.5238521243065124,1.5801972332144532
SKU-0056,2017-10-20,0,1,2.0,0.0,6.178571428571429,1.05531990698444,1.421337500224634
SKU-0056,2017-10-21,0,1,0.0,0.0,6.285714285714286,0.6475225570435392,1.0949995015360792
SKU-0056,2017-10-22,0,1,0.0,0.0,6.464285714285714,0.8404605034740021,1.3828993042260298
SKU-0056,2017-10-23,0,1,0.0,0.0,6.464285714285714,1.0895270240616228,1.598452162535829
SKU-0056,2017-10-24,1,1,0.0,0.0,6.571428571428571,1.8531444677472333,1.7978734022204033
SKU-0056,2017-10-25,0,1,1.0,1.0,5.821428571428571,2.3124873025010335,2.2897433300512025
SKU-0056,2017-10-26,0,1,0.0,2.0,5.857142857142857,1.5197462419949501,1.8441556588269676
SKU-0056,2017-10-27,9,1,0.0,0.0,5.75,1.0512140246728774,1.5864574830818954
SKU-0056,2017-10-28,0,1,9.0,0.0,5.321428571428571,0.6434166747319772,0.8813755086549747
SKU-0056,2017-10-29,0,1,0.0,0.0,4.928571428571429,0.8363546211624399,1.1801303914732943
SKU-0056,2017-10-30,0,1,0.0,0.0,4.785714285714286,1.0854211417500608,1.4411135153605232
SKU-0056,2017-10-31,0,1,0.0,1.0,5.142857142857143,1.8490385854356712,1.9483366769418993
SKU-0056,2017-11-01,0,1,0.0,0.0,5.357142857142857,2.3083814201894715,1.5685940784691392
SKU-0056,2017-11-02,11,1,0.0,0.0,5.428571428571429,1.515640359683388,1.4223487995028166
SKU-0056,2017-11-03,0,1,11.0,9.0,5.321428571428571,1.0471081423613153,1.9370089590006392
SKU-0056,2017-11-04,0,1,0.0,0.0,5.642857142857143,0.6393107924204149,1.0105605755477516
SKU-0056,2017-11-05,2,1,0.0,0.0,5.428571428571429,0.8322487388508778,1.4011177663320664
SKU-0057,2017-10-09,0,1,4.0,0.0,9.821428571428571,0.8610449904020138,1.0081817353671036
SKU-0057,2017-10-10,0,1,0.0,5.0,9.75,1.0420888778170199,1.0957180306693302
SKU-0057,2017-10-11,2,1,0.0,7.0,9.928571428571429,0.957526013944214,0.810170595792091
SKU-0057,2017-10-12,0,1,2.0,0.0,10.142857142857142,1.0608762488297323,0.9142072356138808
SKU-0057,2017-10-13,0,1,0.0,0.0,10.464285714285714,0.7091331181639626,0.871711026530868
SKU-0057,2017-10-14,0,1,0.0,0.0,10.607142857142858,0.49545744585728535,0.5771925269206317
SKU-0057,2017-10-15,0,1,0.0,4.0,10.5,0.9582734321734487,0.7851636146404406
SKU-0057,2017-10-16,0,1,0.0,0.0,9.607142857142858,0.8605614777220307,0.917984635307915
SKU-0057,2017-10-17,3,1,0.0,0.0,9.178571428571429,1.0416053651370367,0.9576371105820708
SKU-0057,2017-10-18,0,1,3.0,2.0,8.75,0.9570425012642308,0.9560095194090446
SKU-0057,2017-10-19,0,1,0.0,0.0,9.0,1.0603927361497492,0.9511159988780409
SKU-0057,2017-10-20,3,1,0.0,0.0,8.928571428571429,0.7086496054839795,0.9558337938062542
SKU-0057,2017-10-21,0,1,3.0,0.0,8.535714285714286,0.4949739331773023,1.5335891920445635
SKU-0057,2017-10-22,0,1,0.0,0.0,8.642857142857142,0.9577899194934658,0.5736210812430433
SKU-0057,2017-10-23,0,1,0.0,0.0,8.464285714285714,0.8600779650420476,1.4198542434370258
SKU-0057,2017-10-24,0,1,0.0,3.0,7.642857142857143,1.0411218524570536,0.7689039245503471
SKU-0057,2017-10-25,0,1,0.0,0.0,7.5,0.9565589885842477,0.3725779153580677
SKU-0057,2017-10-26,0,1,0.0,0.0,7.607142857142857,1.0599092234697662,1.5966009090554287
SKU-0057,2017-10-27,0,1,0.0,3.0,7.357142857142857,0.7081660928039963,1.3046263527757462
SKU-0057,2017-10-28,0,1,0.0,0.0,7.678571428571429,0.49449042049731917,0.0
SKU-0057,2017-10-29,0,1,0.0,0.0,7.821428571428571,0.9573064068134827,0.0
SKU-0057,2017-10-30,0,1,0.0,0.0,7.642857142857143,0.8595944523620644,0.6709237231727143
SKU-0057,2017-10-31,0,1,0.0,0.0,8.607142857142858,1.0406383397770707,0.6456464742315544
SKU-0057,2017-11-01,2,1,0.0,0.0,8.678571428571429,0.9560754759042647,0.903742816783776
SKU-0057,2017-11-02,0,1,2.0,0.0,8.142857142857142,1.059425710789783,1.1172469279549204
SKU-0057,2017-11-03,5,1,0.0,0.0,8.321428571428571,0.7076825801240132,1.021786857818134
SKU-0057,2017-11-04,0,1,5.0,0.0,8.285714285714286,0.494006907817336,0.7099398235434532
SKU-0057,2017-11-05,0,1,0.0,0.0,8.571428571428571,0.9568228941334995,1.0644838122183697
SKU-0059,2017-10-09,16,1,9.0,16.0,3.9285714285714284,15.560574399679435,18.306433998822705
SKU-0059,2017-10-10,7,1,16.0,33.0,3.9642857142857144,19.040188863352874,16.52761242770633
SKU-0059,2017-10-11,32,1,7.0,25.0,3.642857142857143,20.47647729853263,21.031804140101315
SKU-0059,2017-10-12,15,1,32.0,3.0,3.9285714285714284,17.72164570141839,14.227038972374833
SKU-0059,2017-10-13,19,1,15.0,16.0,4.0,14.025741499167568,10.918153803637379
SKU-0059,2017-10-14,0,1,19.0,1.0,4.0,10.846227217977177,11.271301400459468
SKU-0059,2017-10-15,11,1,0.0,9.0,4.321428571428571,11.833242945143919,12.776030184197962
SKU-0059,2017-10-16,11,1,11.0,16.0,4.357142857142857,15.574435726260424,15.483660580755435
SKU-0059,2017-10-17,58,1,11.0,7.0,3.892857142857143,19.05405018993386,19.34947857769897
SKU-0059,2017-10-18,32,1,58.0,32.0,4.107142857142857,20.490338625113615,19.43578678035958
SKU-0059,2017-10-19,31,1,32.0,15.0,3.9642857142857144,17.735507027999375,13.937583487562813
SKU-0059,2017-10-20,22,1,31.0,19.0,3.9642857142857144,14.039602825748556,13.233846407849581
SKU-0059,2017-10-21,36,1,22.0,0.0,4.071428571428571,10.860088544558167,8.899430997199541
SKU-0059,2017-10-22,33,1,36.0,11.0,4.142857142857143,11.847104271724906,11.794835107479258
SKU-0059,2017-10-23,15,1,33.0,11.0,4.035714285714286,15.588297052841412,13.397697220278046
SKU-0059,2017-10-24,35,1,15.0,58.0,3.892857142857143,19.06791151651485,17.573752575235574
SKU-0059,2017-10-25,35,1,35.0,32.0,4.107142857142857,20.504199951694606,22.352581630794877
SKU-0059,2017-10-26,0,1,35.0,31.0,4.035714285714286,17.749368354580366,19.77805540003601
SKU-0059,2017-10-27,0,1,0.0,22.0,3.9285714285714284,14.053464152329544,13.642470959812679
SKU-0059,2017-10-28,10,1,0.0,36.0,3.75,10.873949871139157,11.884783823969949
SKU-0059,2017-10-29,10,1,10.0,33.0,3.9285714285714284,11.860965598305896,9.727189818329451
SKU-0059,2017-10-30,29,1,10.0,15.0,3.9285714285714284,15.6021583794224,14.721490375125068
SKU-0059,2017-10-31,0,1,29.0,35.0,3.75,19.081772843095838,18.772744550628506
SKU-0059,2017-11-01,8,1,0.0,35.0,3.75,20.518061278275596,26.932900348392774
SKU-0059,2017-11-02,25,1,8.0,0.0,3.857142857142857,17.763229681161352,16.662849366701575
SKU-0059,2017-11-03,3,1,25.0,0.0,3.607142857142857,14.067325478910533,9.904808877834327
SKU-0059,2017-11-04,4,1,3.0,10.0,3.392857142857143,10.887811197720143,9.943646602947037
SKU-0059,2017-11-05,6,1,4.0,10.0,3.4642857142857144,11.874826924886882,9.290187204912911
SKU-0060,2017-10-09,0,1,3.0,5.0,0.0,4.666400328970186,1.610957237532505
SKU-0060,2017-10-10,0,1,0.0,4.0,0.0,5.074715825597168,0.0
SKU-0060,2017-10-11,2,1,0.0,0.0,0.0,4.658209221553359,1.8945126706457855
SKU-0060,2017-10-12,5,1,2.0,7.0,0.0,4.265900522156999,0.997980885504967
SKU-0060,2017-10-13,9,1,5.0,3.0,0.0,3.5488992181754146,0.6882152780685749
SKU-0060,2017-10-14,0,1,9.0,0.0,0.0,3.3276600914690935,1.6303747043954548
SKU-0060,2017-10-15,0,1,0.0,3.0,0.0,3.35537842510369,0.24212790399721806
SKU-0060,2017-10-16,2,1,0.0,0.0,0.0,4.671174800288119,0.7238954438472555
SKU-0060,2017-10-17,5,1,2.0,0.0,0.0,5.079490296915101,0.21314711496239785
SKU-0060,2017-10-18,6,1,5.0,2.0,0.0,4.662983692871292,3.372615214619197
SKU-0060,2017-10-19,1,1,6.0,5.0,0.0,4.270674993474932,0.5172256778756363
SKU-0060,2017-10-20,0,1,1.0,9.0,0.0,3.553673689493348,0.3239905182025766
SKU-0060,2017-10-21,0,1,0.0,0.0,0.0,3.332434562787026,2.1749419759137707
SKU-0060,2017-10-22,0,1,0.0,0.0,0.0,3.3601528964216234,0.9090850167117519
SKU-0060,2017-10-23,0,1,0.0,2.0,0.0,4.6759492716060524,2.5726393737794053
SKU-0060,2017-10-24,8,1,0.0,5.0,0.0,5.084264768233035,2.018054108335792
SKU-0060,2017-10-25,0,1,8.0,6.0,0.0,4.667758164189226,1.7525565513907153
SKU-0060,2017-10-26,6,1,0.0,1.0,0.0,4.275449464792866,0.0
SKU-0060,2017-10-27,0,1,6.0,0.0,0.0,3.5584481608112815,1.2649344687166562
SKU-0060,2017-10-28,21,1,0.0,0.0,0.0,3.3372090341049594,1.764250760638314
SKU-0060,2017-10-29,5,1,21.0,0.0,0.0,3.364927367739557,1.223214684102863
SKU-0060,2017-10-30,2,1,5.0,0.0,0.0,4.680723742923986,0.3201986496882672
SKU-0060,2017-10-31,2,1,2.0,8.0,0.0,5.089039239550968,0.5325212783192076
SKU-0060,2017-11-01,0,1,2.0,0.0,0.0,4.672532635507159,0.1885585523732449
SKU-0060,2017-11-02,2,1,0.0,6.0,0.0,4.280223936110798,0.0
SKU-0060,2017-11-03,0,1,2.0,0.0,0.0,3.563222632129215,0.8162282295756405
SKU-0060,2017-11-04,4,1,0.0,21.0,0.0,3.341983505422893,1.8732497013667782
SKU-0060,2017-11-05,8,1,4.0,5.0,0.0,3.36970183905749,0.8665112404583185
SKU-0061,2017-10-09,5,1,4.0,0.0,0.0,2.433343944745595,1.396622871501137
SKU-0061,2017-10-10,1,1,5.0,0.0,0.0,3.23273630241453,1.395060607092603
SKU-0061,2017-10-11,0,1,1.0,0.0,0.0,3.786588729365322,1.3459686754207294
SKU-0061,2017-10-12,0,1,0.0,4.0,0.0,2.9510093169417377,0.0
SKU-0061,2017-10-13,0,1,0.0,2.0,0.0,2.2623719931192934,0.980025807798043
SKU-0061,2017-10-14,0,1,0.0,0.0,0.0,2.455589826620231,1.0740356757032476
SKU-0061,2017-10-15,5,1,0.0,4.0,0.0,2.5380495845179447,1.714430036885824
SKU-0061,2017-10-16,3,1,5.0,5.0,0.0,2.4379760506005375,2.9882969109367745
SKU-0061,2017-10-17,0,1,3.0,1.0,0.0,3.2373684082694725,2.7096436981243555
SKU-0061,2017-10-18,2,1,0.0,0.0,0.0,3.7912208352202645,3.2665620625466576
SKU-0061,2017-10-19,0,1,2.0,0.0,0.0,2.9556414227966803,0.0
SKU-0061,2017-10-20,0,1,0.0,0.0,0.0,2.267004098974236,0.7113114076753557
SKU-0061,2017-10-21,0,1,0.0,0.0,0.0,2.4602219324751737,2.1749419759137707
SKU-0061,2017-10-22,0,1,0.0,5.0,0.0,2.5426816903728873,0.3949065537287036
SKU-0061,2017-10-23,6,1,0.0,3.0,0.0,2.4426081564554805,1.1958078909256382
SKU-0061,2017-10-24,0,1,6.0,0.0,0.0,3.242000514124415,0.7727893482260028
SKU-0061,2017-10-25,7,1,0.0,2.0,0.0,3.795852941075207,2.90191153366904
SKU-0061,2017-10-26,7,1,7.0,0.0,0.0,2.960273528651623,0.990368747196448
SKU-0061,2017-10-27,0,1,7.0,0.0,0.0,2.2716362048291785,2.4625047800783775
SKU-0061,2017-10-28,3,1,0.0,0.0,0.0,2.4648540383301163,1.764250760638314
SKU-0061,2017-10-29,0,1,3.0,0.0,0.0,2.54731379622783,1.0139939024989413
SKU-0061,2017-10-30,4,1,0.0,6.0,0.0,2.447240262310423,0.6421204360656988
SKU-0061,2017-10-31,2,1,4.0,0.0,0.0,3.2466326199793576,2.1873731382199986
SKU-0061,2017-11-01,0,1,2.0,7.0,0.0,3.8004850469301497,1.0328408620164984
SKU-0061,2017-11-02,6,1,0.0,7.0,0.0,2.964905634506566,0.0
SKU-0061,2017-11-03,1,1,6.0,0.0,0.0,2.276268310684121,1.143704808541958
SKU-0061,2017-11-04,0,1,1.0,3.0,0.0,2.469486144185059,1.023363279558273
SKU-0061,2017-11-05,0,1,0.0,0.0,0.0,2.551945902082773,0.27273789964516076
SKU-0062,2017-10-09,0,1,4.0,0.0,0.0,3.1281670395514447,0.8841019988249765
SKU-0062,2017-10-10,5,1,0.0,12.0,0.0,4.64196230624132,0.0
SKU-0062,2017-10-11,5,1,5.0,0.0,0.0,4.4408677088439,2.016749042279221
SKU-0062,2017-10-12,1,1,5.0,10.0,0.0,4.151486026416065,1.0417021200633096
SKU-0062,2017-10-13,4,1,1.0,0.0,0.0,3.3855792275778867,0.3492683354136557
SKU-0062,2017-10-14,0,1,4.0,2.0,0.0,2.820137820863378,0.3420115933390844
SKU-0062,2017-10-15,13,1,0.0,4.0,0.0,2.1031242822654015,1.714430036885824
SKU-0062,2017-10-16,2,1,13.0,0.0,0.0,3.1248595437301105,2.766190261155211
SKU-0062,2017-10-17,0,1,2.0,5.0,0.0,4.638654810419986,1.5812649746562875
SKU-0062,2017-10-18,5,1,0.0,5.0,0.0,4.437560213022566,3.0328365135578763
SKU-0062,2017-10-19,8,1,5.0,1.0,0.0,4.148178530594731,0.634395208097073
SKU-0062,2017-10-20,0,1,8.0,4.0,0.0,3.3822717317565525,2.9065444535862963
SKU-0062,2017-10-21,0,1,0.0,0.0,0.0,2.8168303250420443,0.48923298940922516
SKU-0062,2017-10-22,0,1,0.0,13.0,0.0,2.0998167864440678,0.2869467637602566
SKU-0062,2017-10-23,0,1,0.0,2.0,0.0,3.1215520479087764,2.702930057340603
SKU-0062,2017-10-24,2,1,0.0,0.0,0.0,4.6353473145986515,0.3218352282745533
SKU-0062,2017-10-25,0,1,2.0,5.0,0.0,4.4342527172012325,1.16874863756143
SKU-0062,2017-10-26,10,1,0.0,8.0,0.0,4.144871034773398,0.0
SKU-0062,2017-10-27,5,1,10.0,0.0,0.0,3.3789642359352183,0.7362974984155765
SKU-0062,2017-10-28,0,1,5.0,0.0,0.0,2.8135228292207097,1.4899961231006327
SKU-0062,2017-10-29,0,1,0.0,0.0,0.0,2.0965092906227336,0.7434772991648412
SKU-0062,2017-10-30,3,1,0.0,0.0,0.0,3.1182445520874427,0.5169924053937142
SKU-0062,2017-10-31,5,1,3.0,2.0,0.0,4.632039818777318,2.3841950392357707
SKU-0062,2017-11-01,0,1,5.0,0.0,0.0,4.430945221379898,0.5876649588235603
SKU-0062,2017-11-02,0,1,0.0,10.0,0.0,4.141563538952063,0.2104510089914762
SKU-0062,2017-11-03,3,1,0.0,5.0,0.0,3.3756567401138846,1.0550281337275076
SKU-0062,2017-11-04,0,1,3.0,0.0,0.0,2.810215333399376,0.7465616012712496
SKU-0062,2017-11-05,9,1,0.0,0.0,0.0,2.0932017948013995,0.27273789964516076
SKU-0063,2017-10-09,5,1,2.0,12.0,0.0,10.195560826988777,2.174138731714198
SKU-0063,2017-10-10,26,1,5.0,6.0,0.0,11.92375539067865,1.174403670888579
SKU-0063,2017-10-11,19,1,26.0,18.0,0.0,12.463257665126019,1.8281581006438379
SKU-0063,2017-10-12,2,1,19.0,1.0,0.0,10.498700100128826,1.7033730188471727
SKU-0063,2017-10-13,9,1,2.0,8.0,0.0,7.361338849544469,1.538157996981696
SKU-0063,2017-10-14,4,1,9.0,1.0,0.0,5.441125416122868,1.6640452022269339
SKU-0063,2017-10-15,4,1,4.0,2.0,0.0,5.571806782147572,1.2172901946082415
SKU-0063,2017-10-16,5,1,4.0,5.0,0.0,10.18671536791828,1.7890032419903628
SKU-0063,2017-10-17,5,1,5.0,26.0,0.0,11.914909931608154,0.0
SKU-0063,2017-10-18,10,1,5.0,19.0,0.0,12.454412206055522,1.7499140619873053
SKU-0063,2017-10-19,8,1,10.0,2.0,0.0,10.48985464105833,0.6392321982913955
SKU-0063,2017-10-20,6,1,8.0,9.0,0.0,7.352493390473973,1.4404181609333737
SKU-0063,2017-10-21,2,1,6.0,4.0,0.0,5.432279957052372,1.2191911118857213
SKU-0063,2017-10-22,16,1,2.0,4.0,0.0,5.562961323077076,0.600844889335543
SKU-0063,2017-10-23,3,1,16.0,5.0,0.0,10.177869908847784,1.7741003301950848
SKU-0063,2017-10-24,0,1,3.0,5.0,0.0,11.906064472537658,0.9575054796850027
SKU-0063,2017-10-25,5,1,0.0,10.0,0.0,12.445566746985026,0.44332026088172405
SKU-0063,2017-10-26,5,1,5.0,8.0,0.0,10.481009181987833,0.0
SKU-0063,2017-10-27,5,1,5.0,6.0,0.0,7.343647931403477,1.1528908988784246
SKU-0063,2017-10-28,3,1,5.0,2.0,0.0,5.423434497981876,0.0
SKU-0063,2017-10-29,4,1,3.0,16.0,0.0,5.5541158640065795,1.1049736865958366
SKU-0063,2017-10-30,6,1,4.0,3.0,0.0,10.169024449777288,0.8301686192154869
SKU-0063,2017-10-31,17,1,6.0,0.0,0.0,11.897219013467161,0.9361929426640607
SKU-0063,2017-11-01,6,1,17.0,5.0,0.0,12.43672128791453,0.844863956202509
SKU-0063,2017-11-02,2,1,6.0,5.0,0.0,10.472163722917337,0.0
SKU-0063,2017-11-03,9,1,2.0,5.0,0.0,7.3348024723329805,0.08438521165845178
SKU-0063,2017-11-04,5,1,9.0,3.0,0.0,5.414589038911379,0.2966386345210193
SKU-0063,2017-11-05,14,1,5.0,4.0,0.0,5.545270404936083,0.8317637612232117
SKU-0064,2017-10-09,0,1,0.0,2.0,0.0,4.279757224307466,0.5031017689483714
SKU-0064,2017-10-10,20,1,0.0,14.0,0.0,5.294217626515058,0.8249537239532823
SKU-0064,2017-10-11,3,1,20.0,6.0,0.0,5.814145668787065,1.6653238671152724
SKU-0064,2017-10-12,3,1,3.0,6.0,0.0,4.346249250812222,0.804879656074752
SKU-0064,2017-10-13,2,1,3.0,4.0,0.0,2.835545841214324,0.13629740898591775
SKU-0064,2017-10-14,10,1,2.0,3.0,0.0,3.0564235582635835,0.2029130672824938
SKU-0064,2017-10-15,0,1,10.0,0.0,0.0,3.483641063299348,2.574807587134786
SKU-0064,2017-10-16,0,1,0.0,0.0,0.0,4.285724629202016,0.8855204192539263
SKU-0064,2017-10-17,15,1,0.0,20.0,0.0,5.300185031409607,0.7972704681900337
SKU-0064,2017-10-18,14,1,15.0,3.0,0.0,5.820113073681615,2.0943267753218064
SKU-0064,2017-10-19,2,1,14.0,3.0,0.0,4.352216655706772,1.1813791356593215
SKU-0064,2017-10-20,4,1,2.0,2.0,0.0,2.841513246108874,0.2998002842813085
SKU-0064,2017-10-21,6,1,4.0,10.0,0.0,3.0623909631581325,0.6607556185801549
SKU-0064,2017-10-22,0,1,6.0,0.0,0.0,3.489608468193898,2.5386625388166304
SKU-0064,2017-10-23,8,1,0.0,0.0,0.0,4.291692034096566,2.8718049443226223
SKU-0064,2017-10-24,9,1,8.0,15.0,0.0,5.306152436304157,0.8686862343554507
SKU-0064,2017-10-25,5,1,9.0,14.0,0.0,5.826080478576165,1.8577244824787238
SKU-0064,2017-10-26,1,1,5.0,2.0,0.0,4.358184060601322,0.07767984791899701
SKU-0064,2017-10-27,4,1,1.0,4.0,0.0,2.847480651003424,0.42662686775639963
SKU-0064,2017-10-28,0,1,4.0,6.0,0.0,3.0683583680526825,0.5937943999649486
SKU-0064,2017-10-29,0,1,0.0,0.0,0.0,3.495575873088447,1.918746825451526
SKU-0064,2017-10-30,7,1,0.0,8.0,0.0,4.297659438991116,1.9625665047544574
SKU-0064,2017-10-31,10,1,7.0,9.0,0.0,5.312119841198707,2.0484529547964865
SKU-0064,2017-11-01,1,1,10.0,5.0,0.0,5.832047883470715,1.846629352445576
SKU-0064,2017-11-02,3,1,1.0,1.0,0.0,4.364151465495871,0.0
SKU-0064,2017-11-03,1,1,3.0,4.0,0.0,2.853448055897974,0.0
SKU-0064,2017-11-04,3,1,1.0,0.0,0.0,3.0743257729472324,0.0
SKU-0064,2017-11-05,9,1,3.0,0.0,0.0,3.501543277982997,0.4239167657078206
SKU-0065,2017-10-09,0,1,2.0,0.0,0.0,1.4677957064639897,0.6057201911379111
SKU-0065,2017-10-10,0,1,0.0,0.0,0.0,1.5507650546646767,0.017021416539820883
SKU-0065,2017-10-11,0,1,0.0,0.0,0.0,1.745029053565816,1.1254473184965221
SKU-0065,2017-10-12,0,1,0.0,5.0,0.0,1.886468152358949,0.2001462753154485
SKU-0065,2017-10-13,0,1,0.0,0.0,0.0,1.1551810119331396,0.0
SKU-0065,2017-10-14,0,1,0.0,0.0,0.0,1.3140251297129792,1.0740356757032476
SKU-0065,2017-10-15,0,1,0.0,2.0,0.0,1.2727433129221344,0.09127329577220342
SKU-0065,2017-10-16,0,1,0.0,0.0,0.0,1.462271568811862,2.5086771603675477
SKU-0065,2017-10-17,3,1,0.0,0.0,0.0,1.5452409170125492,2.5668838294536753
SKU-0065,2017-10-18,0,1,3.0,0.0,0.0,1.7395049159136882,3.121918397862768
SKU-0065,2017-10-19,3,1,0.0,0.0,0.0,1.8809440147068213,0.0
SKU-0065,2017-10-20,0,1,3.0,0.0,0.0,1.1496568742810118,2.443982170776675
SKU-0065,2017-10-21,3,1,0.0,0.0,0.0,1.3085009920608515,2.112389730522845
SKU-0065,2017-10-22,5,1,3.0,0.0,0.0,1.2672191752700068,0.6488515270778779
SKU-0065,2017-10-23,7,1,5.0,0.0,0.0,1.4567474311597342,2.769832472823873
SKU-0065,2017-10-24,4,1,7.0,3.0,0.0,1.5397167793604214,3.1375903921949835
SKU-0065,2017-10-25,4,1,4.0,0.0,0.0,1.7339807782615606,2.9070869510530786
SKU-0065,2017-10-26,2,1,4.0,3.0,0.0,1.8754198770546935,1.412016059492333
SKU-0065,2017-10-27,0,1,2.0,0.0,0.0,1.144132736628884,2.4649787952453317
SKU-0065,2017-10-28,0,1,0.0,3.0,0.0,1.302976854408724,1.5953758736562949
SKU-0065,2017-10-29,0,1,0.0,5.0,0.0,1.261695037617879,1.5770745063898162
SKU-0065,2017-10-30,3,1,0.0,7.0,0.0,1.4512232935076064,1.9625665047544574
SKU-0065,2017-10-31,0,1,3.0,4.0,0.0,1.5341926417082936,0.7507053496783732
SKU-0065,2017-11-01,2,1,0.0,4.0,0.0,1.7284566406094328,1.5389449510656306
SKU-0065,2017-11-02,0,1,2.0,2.0,0.0,1.869895739402566,0.0
SKU-0065,2017-11-03,0,1,0.0,0.0,0.0,1.1386085989767563,0.7405982734989245
SKU-0065,2017-11-04,0,1,0.0,0.0,0.0,1.2974527167565961,0.0
SKU-0065,2017-11-05,0,1,0.0,0.0,0.0,1.2561708999657515,0.0
SKU-0066,2017-10-09,4,1,1.0,181.0,0.0,38.66248334825135,4.774312826096133
SKU-0066,2017-10-10,311,1,4.0,66.0,0.0,51.658217582290305,0.0
SKU-0066,2017-10-11,0,1,311.0,87.0,0.0,61.31571687794973,0.0
SKU-0066,2017-10-12,118,1,0.0,23.0,0.0,44.914766191543436,0.0
SKU-0066,2017-10-13,68,1,118.0,57.0,0.0,39.88248719811261,0.0
SKU-0066,2017-10-14,62,1,68.0,6.0,0.0,34.274298451371266,0.0
SKU-0066,2017-10-15,11,1,62.0,1.0,0.0,34.1075350336749,0.018667397348435946
SKU-0066,2017-10-16,66,1,11.0,4.0,0.0,38.74558888124213,0.0
SKU-0066,2017-10-17,0,1,66.0,311.0,0.0,51.74132311528109,9.196188750226957
SKU-0066,2017-10-18,38,1,0.0,0.0,0.0,61.39882241094052,0.0
SKU-0066,2017-10-19,63,1,38.0,118.0,0.0,44.99787172453422,0.0
SKU-0066,2017-10-20,28,1,63.0,68.0,0.0,39.96559273110339,2.0396476613652386
SKU-0066,2017-10-21,3,1,28.0,62.0,0.0,34.35740398436205,4.746849049193632
SKU-0066,2017-10-22,8,1,3.0,11.0,0.0,34.190640566665685,0.7176122810590922
SKU-0066,2017-10-23,40,1,8.0,66.0,0.0,38.82869441423291,2.01500743101321
SKU-0066,2017-10-24,56,1,40.0,0.0,0.0,51.82442864827187,0.0
SKU-0066,2017-10-25,22,1,56.0,38.0,0.0,61.4819279439313,0.0
SKU-0066,2017-10-26,23,1,22.0,63.0,0.0,45.080977257525,0.0
SKU-0066,2017-10-27,13,1,23.0,28.0,0.0,40.04869826409417,4.781740253973717
SKU-0066,2017-10-28,30,1,13.0,3.0,0.0,34.44050951735283,0.0
SKU-0066,2017-10-29,3,1,30.0,8.0,0.0,34.273746099656464,0.0
SKU-0066,2017-10-30,58,1,3.0,40.0,0.0,38.91179994722369,2.0312069792151357
SKU-0066,2017-10-31,0,1,58.0,56.0,0.0,51.90753418126265,0.0
SKU-0066,2017-11-01,90,1,0.0,22.0,0.0,61.565033476922075,0.0
SKU-0066,2017-11-02,0,1,90.0,23.0,0.0,45.164082790515785,1.5817530826660309
SKU-0066,2017-11-03,25,1,0.0,13.0,0.0,40.131803797084956,3.421566754650739
SKU-0066,2017-11-04,20,1,25.0,30.0,0.0,34.523615050343615,2.0796071734041917
SKU-0066,2017-11-05,11,1,20.0,3.0,0.0,34.35685163264725,0.58589528147908
SKU-0067,2017-10-09,5,1,4.0,0.0,0.0,4.007055319419336,0.8841019988249765
SKU-0067,2017-10-10,9,1,5.0,2.0,0.0,5.57726777313457,0.9039189606188673
SKU-0067,2017-10-11,5,1,9.0,8.0,0.0,5.878570878196252,1.930511141271104
SKU-0067,2017-10-12,5,1,5.0,5.0,0.0,4.956585029848553,0.8261020753080499
SKU-0067,2017-10-13,0,1,5.0,5.0,0.0,3.862515560859543,1.0904921862653627
SKU-0067,2017-10-14,5,1,0.0,2.0,0.0,3.052123120235832,0.0
SKU-0067,2017-10-15,1,1,5.0,4.0,0.0,2.931729149577248,0.9134124689987582
SKU-0067,2017-10-16,8,1,1.0,5.0,0.0,4.007170495938912,2.752979980571453
SKU-0067,2017-10-17,7,1,8.0,9.0,0.0,5.5773829496541465,1.3454180951421526
SKU-0067,2017-10-18,13,1,7.0,5.0,0.0,5.878686054715828,2.257144902216737
SKU-0067,2017-10-19,2,1,13.0,5.0,0.0,4.956700206368129,1.422498035820962
SKU-0067,2017-10-20,12,1,2.0,0.0,0.0,3.8626307373791198,0.15793886142302738
SKU-0067,2017-10-21,0,1,12.0,5.0,0.0,3.0522382967554087,1.2463958789343128
SKU-0067,2017-10-22,0,1,0.0,1.0,0.0,2.931844326096824,0.5051517404174697
SKU-0067,2017-10-23,5,1,0.0,8.0,0.0,4.007285672458488,1.3173908197159767
SKU-0067,2017-10-24,0,1,5.0,7.0,0.0,5.577498126173723,0.7130333295881609
SKU-0067,2017-10-25,1,1,0.0,13.0,0.0,5.878801231235404,0.8740093222573759
SKU-0067,2017-10-26,10,1,1.0,2.0,0.0,4.956815382887706,0.0
SKU-0067,2017-10-27,3,1,10.0,12.0,0.0,3.8627459138986966,2.988228028295984
SKU-0067,2017-10-28,1,1,3.0,0.0,0.0,3.0523534732749846,0.0
SKU-0067,2017-10-29,0,1,1.0,0.0,0.0,2.931959502616401,0.2783493270517044
SKU-0067,2017-10-30,2,1,0.0,5.0,0.0,4.007400848978065,0.6830430342988967
SKU-0067,2017-10-31,4,1,2.0,0.0,0.0,5.577613302693299,0.6557646109278851
SKU-0067,2017-11-01,4,1,4.0,1.0,0.0,5.878916407754981,1.5695176487677607
SKU-0067,2017-11-02,10,1,4.0,10.0,0.0,4.956930559407283,0.47102660264219864
SKU-0067,2017-11-03,1,1,10.0,3.0,0.0,3.8628610904182725,0.3367361440938785
SKU-0067,2017-11-04,0,1,1.0,1.0,0.0,3.0524686497945615,1.023363279558273
SKU-0067,2017-11-05,4,1,0.0,0.0,0.0,2.9320746791359777,0.27273789964516076
SKU-0068,2017-10-09,19,1,17.0,18.0,0.0,13.686734843053994,6.09094512163952
SKU-0068,2017-10-10,13,1,19.0,8.0,0.0,15.949461866386141,0.6939266134492843
SKU-0068,2017-10-11,31,1,13.0,15.0,0.0,15.397402383294713,3.613985018335708
SKU-0068,2017-10-12,7,1,31.0,4.0,0.0,15.456835874740406,0.0
SKU-0068,2017-10-13,2,1,7.0,18.0,0.0,12.366403472564288,1.6924112541318628
SKU-0068,2017-10-14,20,1,2.0,16.0,0.0,12.528552209628488,0.08344961821846988
SKU-0068,2017-10-15,8,1,20.0,17.0,0.0,11.898679584286446,1.7850514890693068
SKU-0068,2017-10-16,14,1,8.0,19.0,0.0,13.695737692229914,3.089762026689297
SKU-0068,2017-10-17,24,1,14.0,13.0,0.0,15.95846471556206,0.07176459357290016
SKU-0068,2017-10-18,11,1,24.0,31.0,0.0,15.406405232470632,0.2773665644775252
SKU-0068,2017-10-19,5,1,11.0,7.0,0.0,15.465838723916326,0.9433272562938986
SKU-0068,2017-10-20,14,1,5.0,2.0,0.0,12.375406321740208,0.6883118450670191
SKU-0068,2017-10-21,15,1,14.0,20.0,0.0,12.537555058804408,2.2615028933905568
SKU-0068,2017-10-22,17,1,15.0,8.0,0.0,11.907682433462366,2.0086577955575087
SKU-0068,2017-10-23,17,1,17.0,14.0,0.0,13.704740541405833,1.2174165680165439
SKU-0068,2017-10-24,18,1,17.0,24.0,0.0,15.96746756473798,0.9721039503855212
SKU-0068,2017-10-25,13,1,18.0,11.0,0.0,15.415408081646552,2.6755059206738947
SKU-0068,2017-10-26,24,1,13.0,5.0,0.0,15.474841573092245,0.1255293261429828
SKU-0068,2017-10-27,17,1,24.0,14.0,0.0,12.384409170916125,0.0
SKU-0068,2017-10-28,6,1,17.0,15.0,0.0,12.546557907980327,3.058200399499951
SKU-0068,2017-10-29,12,1,6.0,17.0,0.0,11.916685282638285,1.7636237600072524
SKU-0068,2017-10-30,9,1,12.0,17.0,0.0,13.713743390581753,2.474095811340772
SKU-0068,2017-10-31,25,1,9.0,18.0,0.0,15.9764704139139,3.9492172240631724
SKU-0068,2017-11-01,15,1,25.0,13.0,0.0,15.424410930822471,0.44828561841912734
SKU-0068,2017-11-02,10,1,15.0,24.0,0.0,15.483844422268165,0.15596637066123772
SKU-0068,2017-11-03,14,1,10.0,17.0,0.0,12.393412020092045,1.0827750079115466
SKU-0068,2017-11-04,24,1,14.0,6.0,0.0,12.555560757156247,0.8740464781862809
SKU-0068,2017-11-05,16,1,24.0,12.0,0.0,11.925688131814205,0.19418329919855873
SKU-0069,2017-10-09,9,1,4.0,1.0,0.0,3.674055570134195,1.6734245497881612
SKU-0069,2017-10-10,5,1,9.0,3.0,0.0,3.5017647069295634,1.0644094145098333
SKU-0069,2017-10-11,13,1,5.0,0.0,0.0,3.6052858716966227,0.8927350118168849
SKU-0069,2017-10-12,7,1,13.0,9.0,0.0,4.505309905565381,1.3698410487330248
SKU-0069,2017-10-13,0,1,7.0,1.0,0.0,3.8634633913738736,1.5143478427468688
SKU-0069,2017-10-14,4,1,0.0,0.0,0.0,3.5534588435149357,0.22456622935933518
SKU-0069,2017-10-15,4,1,4.0,4.0,0.0,3.6349426175107484,2.8404469357218622
SKU-0069,2017-10-16,0,1,4.0,9.0,0.0,3.674547805691073,1.4559141345622597
SKU-0069,2017-10-17,4,1,0.0,5.0,0.0,3.5022569424864414,0.00943915061470079
SKU-0069,2017-10-18,5,1,4.0,13.0,0.0,3.6057781072535007,3.5631756903666885
SKU-0069,2017-10-19,5,1,5.0,7.0,0.0,4.50580214112226,0.46270479044895824
SKU-0069,2017-10-20,4,1,5.0,0.0,0.0,3.8639556269307516,0.3576280265651152
SKU-0069,2017-10-21,5,1,4.0,4.0,0.0,3.553951079071814,2.1226273444039756
SKU-0069,2017-10-22,6,1,5.0,4.0,0.0,3.6354348530676264,1.31051165684675
SKU-0069,2017-10-23,1,1,6.0,0.0,0.0,3.675040041247951,1.8550848087639122
SKU-0069,2017-10-24,5,1,1.0,4.0,0.0,3.5027491780433193,0.46459509694523476
SKU-0069,2017-10-25,0,1,5.0,5.0,0.0,3.6062703428103786,1.9361363667591949
SKU-0069,2017-10-26,0,1,0.0,5.0,0.0,4.506294376679137,0.0
SKU-0069,2017-10-27,2,1,0.0,4.0,0.0,3.8644478624876295,2.4019550185415244
SKU-0069,2017-10-28,5,1,2.0,5.0,0.0,3.554443314628692,0.0
SKU-0069,2017-10-29,9,1,5.0,6.0,0.0,3.6359270886245043,1.023994213818489
SKU-0069,2017-10-30,0,1,9.0,1.0,0.0,3.675532276804829,2.8500217848813474
SKU-0069,2017-10-31,1,1,0.0,5.0,0.0,3.5032414136001973,0.1298120478893966
SKU-0069,2017-11-01,0,1,1.0,0.0,0.0,3.6067625783672566,0.15768571668389667
SKU-0069,2017-11-02,10,1,0.0,0.0,0.0,4.506786612236016,0.0
SKU-0069,2017-11-03,9,1,10.0,2.0,0.0,3.8649400980445074,0.0
SKU-0069,2017-11-04,12,1,9.0,5.0,0.0,3.55493555018557,0.07606672694602004
SKU-0069,2017-11-05,2,1,12.0,9.0,0.0,3.6364193241813823,1.3642611155337703
SKU-0072,2017-10-09,0,1,0.0,0.0,0.0,0.8827129826202905,0.9957553800170863
SKU-0072,2017-10-10,4,1,0.0,0.0,0.0,0.8006128704274981,1.1410354470021524
SKU-0072,2017-10-11,8,1,4.0,0.0,0.0,1.7595921390677893,2.2001486877053087
SKU-0072,2017-10-12,0,1,8.0,7.0,0.0,0.8353610877982531,1.7007646452627616
SKU-0072,2017-10-13,0,1,0.0,3.0,0.0,1.367388968364414,0.8187985361795878
SKU-0072,2017-10-14,0,1,0.0,0.0,0.0,0.39438573572138175,1.0740356757032476
SKU-0072,2017-10-15,0,1,0.0,0.0,0.0,1.3314711652507807,1.8833049238678432
SKU-0072,2017-10-16,0,1,0.0,0.0,0.0,0.8819720386384172,2.5086771603675477
SKU-0072,2017-10-17,0,1,0.0,4.0,0.0,0.7998719264456247,2.398008942471656
SKU-0072,2017-10-18,0,1,0.0,8.0,0.0,1.758851195085916,3.1551172297673733
SKU-0072,2017-10-19,0,1,0.0,0.0,0.0,0.8346201438163797,0.0
SKU-0072,2017-10-20,0,1,0.0,0.0,0.0,1.3666480243825405,0.15704041561062737
SKU-0072,2017-10-21,0,1,0.0,0.0,0.0,0.39364479173950834,2.112389730522845
SKU-0072,2017-10-22,0,1,0.0,0.0,0.0,1.3307302212689072,1.9138518181199167
SKU-0072,2017-10-23,0,1,0.0,0.0,0.0,0.8812310946565438,2.7415142607614245
SKU-0072,2017-10-24,3,1,0.0,0.0,0.0,0.7991309824637512,0.3218352282745533
SKU-0072,2017-10-25,0,1,3.0,0.0,0.0,1.7581102511040427,1.3577482746447502
SKU-0072,2017-10-26,0,1,0.0,0.0,0.0,0.8338791998345063,1.6327666082515948
SKU-0072,2017-10-27,0,1,0.0,0.0,0.0,1.3659070804006674,2.2268725260670297
SKU-0072,2017-10-28,12,1,0.0,0.0,0.0,0.3929038477576349,1.764250760638314
SKU-0072,2017-10-29,0,1,12.0,0.0,0.0,1.329989277287034,1.9449242547933163
SKU-0072,2017-10-30,0,1,0.0,0.0,0.0,0.8804901506746704,2.1401491465073343
SKU-0072,2017-10-31,11,1,0.0,3.0,0.0,0.7983900384818778,2.260222745637102
SKU-0072,2017-11-01,0,1,11.0,0.0,0.0,1.7573693071221692,2.554648699200678
SKU-0072,2017-11-02,0,1,0.0,0.0,0.0,0.8331382558526329,0.0
SKU-0072,2017-11-03,0,1,0.0,0.0,0.0,1.365166136418794,0.5793710018804697
SKU-0072,2017-11-04,0,1,0.0,12.0,0.0,0.3921629037757615,1.4393182212115792
SKU-0072,2017-11-05,0,1,0.0,0.0,0.0,1.3292483333051606,0.04413927282304555
SKU-0073,2017-10-09,22,1,29.0,10.0,0.0,20.280713647572675,0.0
SKU-0073,2017-10-10,32,1,22.0,44.0,0.0,27.961575093332172,2.125340810342419
SKU-0073,2017-10-11,19,1,32.0,24.0,0.0,28.459950789775935,0.0
SKU-0073,2017-10-12,26,1,19.0,22.0,0.0,23.331937336215454,3.757109993999954
SKU-0073,2017-10-13,25,1,26.0,40.0,0.0,18.72252946993167,2.5910119018267626
SKU-0073,2017-10-14,20,1,25.0,12.0,0.0,12.66859580761741,1.1609299200873024
SKU-0073,2017-10-15,17,1,20.0,29.0,0.0,16.337393302984545,2.8611721305787547
SKU-0073,2017-10-16,20,1,17.0,22.0,0.0,20.31235725387451,2.3961626577054496
SKU-0073,2017-10-17,31,1,20.0,32.0,0.0,27.993218699634006,1.8273453401251
SKU-0073,2017-10-18,55,1,31.0,19.0,0.0,28.491594396077765,2.280682254531174
SKU-0073,2017-10-19,37,1,55.0,26.0,0.0,23.363580942517288,0.0
SKU-0073,2017-10-20,30,1,37.0,25.0,0.0,18.754173076233503,0.0
SKU-0073,2017-10-21,20,1,30.0,20.0,0.0,12.700239413919244,0.0
SKU-0073,2017-10-22,14,1,20.0,17.0,0.0,16.36903690928638,4.887513903474436
SKU-0073,2017-10-23,26,1,14.0,20.0,0.0,20.344000860176344,3.665091823738907
SKU-0073,2017-10-24,33,1,26.0,31.0,0.0,28.024862305935834,0.6808070962219152
SKU-0073,2017-10-25,35,1,33.0,55.0,0.0,28.5232380023796,0.15186161574623458
SKU-0073,2017-10-26,36,1,35.0,37.0,0.0,23.395224548819122,0.0
SKU-0073,2017-10-27,9,1,36.0,30.0,0.0,18.785816682535337,0.09053511873143755
SKU-0073,2017-10-28,16,1,9.0,20.0,0.0,12.731883020221078,1.454882395753438
SKU-0073,2017-10-29,14,1,16.0,14.0,0.0,16.400680515588213,1.9501227828362895
SKU-0073,2017-10-30,9,1,14.0,26.0,0.0,20.375644466478175,2.9589401769444215
SKU-0073,2017-10-31,35,1,9.0,33.0,0.0,28.056505912237668,4.434409960751104
SKU-0073,2017-11-01,14,1,35.0,35.0,0.0,28.554881608681434,0.0
SKU-0073,2017-11-02,19,1,14.0,36.0,0.0,23.426868155120957,0.0
SKU-0073,2017-11-03,14,1,19.0,9.0,0.0,18.81746028883717,0.0
SKU-0073,2017-11-04,12,1,14.0,16.0,0.0,12.763526626522912,1.4901486678676306
SKU-0073,2017-11-05,21,1,12.0,14.0,0.0,16.432324121890048,1.1779215610054024
SKU-0074,2017-10-09,0,1,0.0,0.0,0.0,1.7664493707920996,0.4702484547864106
SKU-0074,2017-10-10,2,1,0.0,0.0,0.0,2.3437246849739495,1.1410354470021524
SKU-0074,2017-10-11,4,1,2.0,1.0,0.0,2.141035624431243,1.616617625158302
SKU-0074,2017-10-12,9,1,4.0,1.0,0.0,2.2243835470172586,0.38462190862115003
SKU-0074,2017-10-13,0,1,9.0,4.0,0.0,1.6113543084419617,1.9972380773326714
SKU-0074,2017-10-14,0,1,0.0,0.0,0.0,1.1627229145860336,0.3456003075956792
SKU-0074,2017-10-15,0,1,0.0,0.0,0.0,1.6866775885495593,1.9458571692587687
SKU-0074,2017-10-16,0,1,0.0,0.0,0.0,1.7606459330953017,2.5136383299887126
SKU-0074,2017-10-17,4,1,0.0,2.0,0.0,2.3379212472771513,2.3761739084578757
SKU-0074,2017-10-18,5,1,4.0,4.0,0.0,2.135232186734445,1.4226533765340965
SKU-0074,2017-10-19,3,1,5.0,9.0,0.0,2.2185801093204605,0.06392706272610632
SKU-0074,2017-10-20,5,1,3.0,0.0,0.0,1.6055508707451636,0.14527230140065545
SKU-0074,2017-10-21,3,1,5.0,0.0,0.0,1.1569194768892355,1.969901028838496
SKU-0074,2017-10-22,0,1,3.0,0.0,0.0,1.6808741508527612,2.272008268191496
SKU-0074,2017-10-23,0,1,0.0,0.0,0.0,1.7548424953985036,2.631849350339784
SKU-0074,2017-10-24,0,1,0.0,4.0,0.0,2.3321178095803536,0.38633361562452145
SKU-0074,2017-10-25,0,1,0.0,5.0,0.0,2.129428749037647,0.8775528945752842
SKU-0074,2017-10-26,0,1,0.0,3.0,0.0,2.2127766716236623,0.2689817045777521
SKU-0074,2017-10-27,0,1,0.0,5.0,0.0,1.5997474330483656,2.0579976390850105
SKU-0074,2017-10-28,0,1,0.0,3.0,0.0,1.1511160391924373,1.5953758736562949
SKU-0074,2017-10-29,5,1,0.0,0.0,0.0,1.6750707131559632,1.918746825451526
SKU-0074,2017-10-30,1,1,5.0,0.0,0.0,1.7490390577017056,2.0992033963562093
SKU-0074,2017-10-31,0,1,1.0,0.0,0.0,2.3263143718835555,0.6427785583733695
SKU-0074,2017-11-01,0,1,0.0,0.0,0.0,2.123625311340849,0.0
SKU-0074,2017-11-02,9,1,0.0,0.0,0.0,2.2069732339268646,0.0
SKU-0074,2017-11-03,4,1,9.0,0.0,0.0,1.5939439953515675,0.0
SKU-0074,2017-11-04,8,1,4.0,0.0,0.0,1.1453126014956392,0.0
SKU-0074,2017-11-05,0,1,8.0,5.0,0.0,1.669267275459165,0.851521745932052
SKU-0078,2017-10-09,1,1,6.0,2.0,0.0,1.3695773343287116,1.6149795951909358
SKU-0078,2017-10-10,0,1,1.0,4.0,0.0,1.371595197762755,1.6546943529843465
SKU-0078,2017-10-11,1,1,0.0,0.0,0.0,1.398568107977067,1.9853780749903784
SKU-0078,2017-10-12,0,1,1.0,0.0,0.0,1.2247446569013185,0.6058783899926385
SKU-0078,2017-10-13,0,1,0.0,0.0,0.0,1.3482826646160455,0.0
SKU-0078,2017-10-14,3,1,0.0,0.0,0.0,1.0016629355712752,0.11222703326369182
SKU-0078,2017-10-15,0,1,3.0,6.0,0.0,1.5502274213394924,1.1775532669973712
SKU-0078,2017-10-16,0,1,0.0,1.0,0.0,1.370301422822139,0.7166455322719071
SKU-0078,2017-10-17,3,1,0.0,0.0,0.0,1.3723192862561824,0.3147751516533049
SKU-0078,2017-10-18,2,1,3.0,1.0,0.0,1.3992921964704943,3.475459740190932
SKU-0078,2017-10-19,0,1,2.0,0.0,0.0,1.2254687453947457,1.451314282413979
SKU-0078,2017-10-20,1,1,0.0,0.0,0.0,1.3490067531094727,2.409149093410998
SKU-0078,2017-10-21,0,1,1.0,3.0,0.0,1.0023870240647024,2.255149599193526
SKU-0078,2017-10-22,1,1,0.0,0.0,0.0,1.5509515098329199,0.634938845302125
SKU-0078,2017-10-23,0,1,1.0,0.0,0.0,1.3710255113155663,1.1450686381250657
SKU-0078,2017-10-24,0,1,0.0,3.0,0.0,1.3730433747496096,2.4050690190929034
SKU-0078,2017-10-25,0,1,0.0,2.0,0.0,1.4000162849639215,0.8269828711115266
SKU-0078,2017-10-26,0,1,0.0,0.0,0.0,1.226192833888173,1.6327666082515948
SKU-0078,2017-10-27,0,1,0.0,1.0,0.0,1.3497308416029,2.2612708308976353
SKU-0078,2017-10-28,4,1,0.0,0.0,0.0,1.0031111125581298,0.0
SKU-0078,2017-10-29,0,1,4.0,1.0,0.0,1.551675598326347,2.070297589136519
SKU-0078,2017-10-30,15,1,0.0,0.0,0.0,1.3717495998089935,2.1401491465073343
SKU-0078,2017-10-31,0,1,15.0,0.0,0.0,1.3737674632430368,1.1181319270888592
SKU-0078,2017-11-01,0,1,0.0,0.0,0.0,1.400740373457349,0.07213643435015193
SKU-0078,2017-11-02,0,1,0.0,0.0,0.0,1.2269169223816003,0.0
SKU-0078,2017-11-03,7,1,0.0,0.0,0.0,1.350454930096327,0.0
SKU-0078,2017-11-04,0,1,7.0,4.0,0.0,1.003835201051557,1.360282136360121
SKU-0078,2017-11-05,3,1,0.0,0.0,0.0,1.5523996868197742,0.0
SKU-0080,2017-10-09,0,1,0.0,0.0,0.0,3.845410657973211,0.9957553800170863
SKU-0080,2017-10-10,10,1,0.0,8.0,0.0,6.840001338473353,1.1323276922312944
SKU-0080,2017-10-11,8,1,10.0,0.0,0.0,7.460558227112152,0.0
SKU-0080,2017-10-12,77,1,8.0,0.0,0.0,6.479528468650154,2.335474960178965
SKU-0080,2017-10-13,0,1,77.0,0.0,0.0,5.426881408840274,0.0
SKU-0080,2017-10-14,9,1,0.0,0.0,0.0,1.972281241905713,0.11222703326369182
SKU-0080,2017-10-15,4,1,9.0,0.0,0.0,4.9451289759908,2.011647257000648
SKU-0080,2017-10-16,0,1,4.0,0.0,0.0,3.83689155069985,2.452402119872997
SKU-0080,2017-10-17,0,1,0.0,10.0,0.0,6.831482231199993,0.9266815444974077
SKU-0080,2017-10-18,8,1,0.0,8.0,0.0,7.4520391198387905,3.1551172297673733
SKU-0080,2017-10-19,0,1,8.0,77.0,0.0,6.471009361376794,0.0
SKU-0080,2017-10-20,0,1,0.0,0.0,0.0,5.418362301566913,1.9392700388317883
SKU-0080,2017-10-21,0,1,0.0,9.0,0.0,1.9637621346323524,2.0291501195325803
SKU-0080,2017-10-22,7,1,0.0,4.0,0.0,4.936609868717439,1.5044032934516218
SKU-0080,2017-10-23,0,1,7.0,0.0,0.0,3.8283724434264896,3.1523011909003267
SKU-0080,2017-10-24,134,1,0.0,0.0,0.0,6.822963123926632,1.2661549471142506
SKU-0080,2017-10-25,3,1,134.0,8.0,0.0,7.443520012565431,0.0
SKU-0080,2017-10-26,0,1,3.0,0.0,0.0,6.462490254103433,13.073983804985918
SKU-0080,2017-10-27,0,1,0.0,0.0,0.0,5.409843194293552,2.2268725260670297
SKU-0080,2017-10-28,0,1,0.0,0.0,0.0,1.955243027358991,0.18692896138946663
SKU-0080,2017-10-29,3,1,0.0,7.0,0.0,4.9280907614440785,0.1251874603082389
SKU-0080,2017-10-30,19,1,3.0,0.0,0.0,3.819853336153129,2.2765251754062357
SKU-0080,2017-10-31,0,1,19.0,134.0,0.0,6.814444016653272,11.765956355847736
SKU-0080,2017-11-01,9,1,0.0,3.0,0.0,7.435000905292069,0.1715822117994392
SKU-0080,2017-11-02,5,1,9.0,0.0,0.0,6.453971146830073,0.06272016573222612
SKU-0080,2017-11-03,4,1,5.0,0.0,0.0,5.401324087020192,0.8153185921256227
SKU-0080,2017-11-04,7,1,4.0,0.0,0.0,1.9467239200856303,0.809028913526906
SKU-0080,2017-11-05,0,1,7.0,3.0,0.0,4.919571654170717,0.4392036685538571
SKU-0081,2017-10-09,6,1,0.0,3.0,0.0,2.411953602595279,0.26732001190951726
SKU-0081,2017-10-10,10,1,6.0,5.0,0.0,3.83589976390554,1.2099447336787368
SKU-0081,2017-10-11,0,1,10.0,0.0,0.0,3.273783064789012,1.9175836665200425
SKU-0081,2017-10-12,0,1,0.0,11.0,0.0,3.6917352330783952,0.0
SKU-0081,2017-10-13,0,1,0.0,10.0,0.0,2.967865732794674,0.5330696007002667
SKU-0081,2017-10-14,0,1,0.0,0.0,0.0,1.6436378255983841,0.3456003075956792
SKU-0081,2017-10-15,0,1,0.0,0.0,0.0,1.739907572585963,0.7052630487555854
SKU-0081,2017-10-16,0,1,0.0,6.0,0.0,2.411510644678591,1.010648449925912
SKU-0081,2017-10-17,0,1,0.0,10.0,0.0,3.8354568059888527,0.4078295970308758
SKU-0081,2017-10-18,5,1,0.0,0.0,0.0,3.273340106872324,3.33269987152025
SKU-0081,2017-10-19,0,1,5.0,0.0,0.0,3.6912922751617074,0.7648322086055503
SKU-0081,2017-10-20,6,1,0.0,0.0,0.0,2.9674227748779862,0.9271960453041543
SKU-0081,2017-10-21,5,1,6.0,0.0,0.0,1.6431948676816963,2.490897671342096
SKU-0081,2017-10-22,0,1,5.0,0.0,0.0,1.7394646146692752,2.086929858526603
SKU-0081,2017-10-23,2,1,0.0,0.0,0.0,2.4110676867619034,1.3776688304621734
SKU-0081,2017-10-24,0,1,2.0,0.0,0.0,3.835013848072165,1.086770545802507
SKU-0081,2017-10-25,6,1,0.0,5.0,0.0,3.272897148955636,2.664263439582587
SKU-0081,2017-10-26,12,1,6.0,0.0,0.0,3.6908493172450196,1.6184396503078868
SKU-0081,2017-10-27,6,1,12.0,6.0,0.0,2.9669798169612984,2.3941009446304347
SKU-0081,2017-10-28,0,1,6.0,5.0,0.0,1.642751909765009,2.419560379744588
SKU-0081,2017-10-29,0,1,0.0,0.0,0.0,1.7390216567525874,1.918746825451526
SKU-0081,2017-10-30,5,1,0.0,2.0,0.0,2.4106247288452156,1.8616093491036765
SKU-0081,2017-10-31,1,1,5.0,0.0,0.0,3.834570890155477,2.012301588759291
SKU-0081,2017-11-01,1,1,1.0,6.0,0.0,3.272454191038949,0.5671030564264865
SKU-0081,2017-11-02,0,1,1.0,12.0,0.0,3.690406359328332,1.0391620056660478
SKU-0081,2017-11-03,4,1,0.0,6.0,0.0,2.9665368590446106,0.0
SKU-0081,2017-11-04,0,1,4.0,0.0,0.0,1.6423089518483212,0.0
SKU-0081,2017-11-05,5,1,0.0,0.0,0.0,1.7385786988358995,0.04413927282304555
SKU-0082,2017-10-09,3,1,1.0,5.0,0.0,2.237566342155727,1.610957237532505
SKU-0082,2017-10-10,2,1,3.0,4.0,0.0,2.592074472157711,0.4803545651115539
SKU-0082,2017-10-11,3,1,2.0,2.0,0.0,3.158714429866335,1.0751595925478632
SKU-0082,2017-10-12,3,1,3.0,1.0,0.0,3.2793475921594926,0.1437964640163797
SKU-0082,2017-10-13,4,1,3.0,15.0,0.0,2.328012114478634,0.1309095333462998
SKU-0082,2017-10-14,0,1,4.0,0.0,0.0,1.6166841006279804,1.0970769158657043
SKU-0082,2017-10-15,7,1,0.0,1.0,0.0,2.045336478940734,1.714430036885824
SKU-0082,2017-10-16,0,1,7.0,3.0,0.0,2.2380592704681885,2.0169836245152664
SKU-0082,2017-10-17,2,1,0.0,2.0,0.0,2.5925674004701724,0.14590026467128553
SKU-0082,2017-10-18,0,1,2.0,3.0,0.0,3.1592073581787967,1.4567243367225478
SKU-0082,2017-10-19,0,1,0.0,3.0,0.0,3.2798405204719536,0.0
SKU-0082,2017-10-20,10,1,0.0,4.0,0.0,2.3285050427910954,0.8137378793032672
SKU-0082,2017-10-21,1,1,10.0,0.0,0.0,1.617177028940442,2.5452555979266513
SKU-0082,2017-10-22,8,1,1.0,7.0,0.0,2.0458294072531955,0.5321350958906954
SKU-0082,2017-10-23,0,1,8.0,0.0,0.0,2.23855219878065,1.6850929603981097
SKU-0082,2017-10-24,0,1,0.0,2.0,0.0,2.593060328782634,0.38633361562452145
SKU-0082,2017-10-25,9,1,0.0,0.0,0.0,3.1597002864912582,1.1987862009704393
SKU-0082,2017-10-26,0,1,9.0,0.0,0.0,3.2803334487844156,0.0
SKU-0082,2017-10-27,4,1,0.0,10.0,0.0,2.328997971103557,0.02091600858667635
SKU-0082,2017-10-28,1,1,4.0,1.0,0.0,1.6176699572529034,1.8832344468975621
SKU-0082,2017-10-29,2,1,1.0,8.0,0.0,2.046322335565657,0.5725414911374165
SKU-0082,2017-10-30,0,1,2.0,0.0,0.0,2.2390451270931115,2.0393169496590433
SKU-0082,2017-10-31,0,1,0.0,0.0,0.0,2.5935532570950954,0.7048576412830939
SKU-0082,2017-11-01,0,1,0.0,9.0,0.0,3.1601932148037197,2.782168175362697
SKU-0082,2017-11-02,5,1,0.0,0.0,0.0,3.2808263770968766,0.0
SKU-0082,2017-11-03,0,1,5.0,4.0,0.0,2.3294908994160184,0.0
SKU-0082,2017-11-04,0,1,0.0,1.0,0.0,1.618162885565365,0.0
SKU-0082,2017-11-05,0,1,0.0,2.0,0.0,2.0468152638781185,0.0
SKU-0086,2017-10-09,2,1,5.0,7.0,0.0,5.499470418427001,1.3121520560953746
SKU-0086,2017-10-10,24,1,2.0,4.0,0.0,5.897722056174048,1.7189946756166912
SKU-0086,2017-10-11,6,1,24.0,1.0,0.0,5.722418530202669,0.9204280168660643
SKU-0086,2017-10-12,17,1,6.0,3.0,0.0,5.853024536968895,1.5731504235099407
SKU-0086,2017-10-13,1,1,17.0,7.0,0.0,5.824779465848129,1.7340828232359253
SKU-0086,2017-10-14,3,1,1.0,0.0,0.0,5.506077342180729,0.1470601106293697
SKU-0086,2017-10-15,3,1,3.0,5.0,0.0,4.2722023230887975,1.1490310376111863
SKU-0086,2017-10-16,5,1,3.0,2.0,0.0,5.5026384863292686,1.508141337129697
SKU-0086,2017-10-17,9,1,5.0,24.0,0.0,5.900890124076316,1.0792521960641837
SKU-0086,2017-10-18,13,1,9.0,6.0,0.0,5.725586598104936,2.2553385847404677
SKU-0086,2017-10-19,1,1,13.0,17.0,0.0,5.856192604871162,1.1622055489023613
SKU-0086,2017-10-20,15,1,1.0,1.0,0.0,5.827947533750398,0.5775622582905948
SKU-0086,2017-10-21,1,1,15.0,3.0,0.0,5.509245410082998,2.1852060341979382
SKU-0086,2017-10-22,0,1,1.0,3.0,0.0,4.275370390991066,0.8167864960701703
SKU-0086,2017-10-23,1,1,0.0,5.0,0.0,5.505806554231537,0.8398177222441444
SKU-0086,2017-10-24,4,1,1.0,9.0,0.0,5.904058191978585,1.0467387463122828
SKU-0086,2017-10-25,0,1,4.0,13.0,0.0,5.728754666007204,1.477276510943739
SKU-0086,2017-10-26,3,1,0.0,1.0,0.0,5.85936067277343,0.1889215549749237
SKU-0086,2017-10-27,14,1,3.0,15.0,0.0,5.831115601652665,0.43285496674582086
SKU-0086,2017-10-28,8,1,14.0,1.0,0.0,5.512413477985265,1.3477252659144916
SKU-0086,2017-10-29,10,1,8.0,0.0,0.0,4.278538458893333,1.023752784045955
SKU-0086,2017-10-30,8,1,10.0,1.0,0.0,5.508974622133804,1.5218210493593973
SKU-0086,2017-10-31,7,1,8.0,4.0,0.0,5.9072262598808525,1.913259590430801
SKU-0086,2017-11-01,3,1,7.0,0.0,0.0,5.731922733909472,1.6765101085307292
SKU-0086,2017-11-02,0,1,3.0,3.0,0.0,5.862528740675698,0.0
SKU-0086,2017-11-03,2,1,0.0,14.0,0.0,5.8342836695549325,1.24795362634971
SKU-0086,2017-11-04,2,1,2.0,8.0,0.0,5.515581545887533,0.9598682199072406
SKU-0086,2017-11-05,4,1,2.0,10.0,0.0,4.281706526795601,1.779325597681621
SKU-0088,2017-10-09,4,1,7.0,4.0,0.0,4.293910217610664,2.1404865204216144
SKU-0088,2017-10-10,5,1,4.0,12.0,0.0,5.605720393920291,0.7806409306479252
SKU-0088,2017-10-11,0,1,5.0,8.0,0.0,5.98821598537258,1.415360311559586
SKU-0088,2017-10-12,5,1,0.0,11.0,0.0,4.944730716543959,0.0
SKU-0088,2017-10-13,0,1,5.0,0.0,0.0,4.303133637044368,0.6265794839622254
SKU-0088,2017-10-14,1,1,0.0,0.0,0.0,3.647425362015798,1.0740356757032476
SKU-0088,2017-10-15,2,1,1.0,7.0,0.0,2.841480603720509,0.7334373920543762
SKU-0088,2017-10-16,7,1,2.0,4.0,0.0,4.30543120559368,1.1624110502465637
SKU-0088,2017-10-17,4,1,7.0,5.0,0.0,5.617241381903307,1.306401556875821
SKU-0088,2017-10-18,3,1,4.0,0.0,0.0,5.999736973355597,1.273113515245823
SKU-0088,2017-10-19,5,1,3.0,5.0,0.0,4.956251704526975,0.755028749621842
SKU-0088,2017-10-20,3,1,5.0,0.0,0.0,4.314654625027385,2.5953066050579294
SKU-0088,2017-10-21,5,1,3.0,1.0,0.0,3.658946349998814,2.367488795289168
SKU-0088,2017-10-22,3,1,5.0,2.0,0.0,2.853001591703525,1.3634752860738477
SKU-0088,2017-10-23,10,1,3.0,7.0,0.0,4.316952193576697,1.6566632575057134
SKU-0088,2017-10-24,8,1,10.0,4.0,0.0,5.628762369886323,1.0023848424493995
SKU-0088,2017-10-25,7,1,8.0,3.0,0.0,6.011257961338613,4.043991787967595
SKU-0088,2017-10-26,6,1,7.0,5.0,0.0,4.967772692509992,0.10084439068562084
SKU-0088,2017-10-27,3,1,6.0,3.0,0.0,4.326175613010402,2.555346272943615
SKU-0088,2017-10-28,9,1,3.0,5.0,0.0,3.6704673379818304,0.28385388819537505
SKU-0088,2017-10-29,1,1,9.0,3.0,0.0,2.8645225796865414,1.3051036143900572
SKU-0088,2017-10-30,12,1,1.0,10.0,0.0,4.328473181559714,1.1553749520126015
SKU-0088,2017-10-31,15,1,12.0,8.0,0.0,5.64028335786934,0.8238313850707231
SKU-0088,2017-11-01,5,1,15.0,7.0,0.0,6.02277894932163,1.6399267771515045
SKU-0088,2017-11-02,3,1,5.0,6.0,0.0,4.979293680493008,0.0
SKU-0088,2017-11-03,5,1,3.0,3.0,0.0,4.337696600993418,0.0
SKU-0088,2017-11-04,0,1,5.0,9.0,0.0,3.6819883259648467,0.6544255632872277
SKU-0088,2017-11-05,5,1,0.0,1.0,0.0,2.8760435676695577,0.0
SKU-0092,2017-10-09,40,1,0.0,0.0,0.0,7.302991900005386,1.8180967371101253
SKU-0092,2017-10-10,5,1,40.0,0.0,0.0,6.619574780017895,0.6377684479863103
SKU-0092,2017-10-11,10,1,5.0,0.0,0.0,10.268517854426788,1.5027053353628064
SKU-0092,2017-10-12,0,1,10.0,43.0,0.0,6.556945933801294,2.655186482196357
SKU-0092,2017-10-13,0,1,0.0,0.0,0.0,4.959458917799595,1.148900694780062
SKU-0092,2017-10-14,4,1,0.0,0.0,0.0,4.520328244429075,0.8615517347548505
SKU-0092,2017-10-15,0,1,4.0,0.0,0.0,5.156397858127055,1.481138991926971
SKU-0092,2017-10-16,0,1,0.0,40.0,0.0,7.3040442371950505,3.7196413986538013
SKU-0092,2017-10-17,15,1,0.0,5.0,0.0,6.620627117207558,2.398008942471656
SKU-0092,2017-10-18,5,1,15.0,10.0,0.0,10.26957019161645,4.103807130936588
SKU-0092,2017-10-19,29,1,5.0,0.0,0.0,6.557998270990957,1.1258362215440565
SKU-0092,2017-10-20,0,1,29.0,0.0,0.0,4.9605112549892585,1.3683334397184759
SKU-0092,2017-10-21,8,1,0.0,4.0,0.0,4.521380581618738,1.9435148435408263
SKU-0092,2017-10-22,0,1,8.0,0.0,0.0,5.157450195316718,2.5930204654011857
SKU-0092,2017-10-23,12,1,0.0,0.0,0.0,7.305096574384713,1.4058840139855604
SKU-0092,2017-10-24,0,1,12.0,15.0,0.0,6.6216794543972215,1.3637245790678632
SKU-0092,2017-10-25,0,1,0.0,5.0,0.0,10.270622528806115,1.556587541904425
SKU-0092,2017-10-26,16,1,0.0,29.0,0.0,6.559050608180621,1.7034572971771216
SKU-0092,2017-10-27,5,1,16.0,0.0,0.0,4.961563592178922,3.4098497799544725
SKU-0092,2017-10-28,14,1,5.0,8.0,0.0,4.522432918808402,0.42417378144485635
SKU-0092,2017-10-29,4,1,14.0,0.0,0.0,5.158502532506382,2.2671912697558976
SKU-0092,2017-10-30,44,1,4.0,12.0,0.0,7.306148911574377,2.7915674363710523
SKU-0092,2017-10-31,0,1,44.0,0.0,0.0,6.622731791586885,1.3202989115882815
SKU-0092,2017-11-01,0,1,0.0,0.0,0.0,10.271674865995777,0.0
SKU-0092,2017-11-02,0,1,0.0,16.0,0.0,6.560102945370284,0.0
SKU-0092,2017-11-03,0,1,0.0,5.0,0.0,4.962615929368585,1.0550281337275076
SKU-0092,2017-11-04,0,1,0.0,14.0,0.0,4.5234852559980645,0.4177951982971893
SKU-0092,2017-11-05,13,1,0.0,4.0,0.0,5.159554869696045,0.04413927282304555
SKU-0093,2017-10-09,9,1,0.0,11.0,0.0,5.4180744918380555,1.776080409641705
SKU-0093,2017-10-10,6,1,9.0,10.0,0.0,6.050927801013073,2.5188135109791716
SKU-0093,2017-10-11,5,1,6.0,7.0,0.0,6.168797529774038,3.08232439863731
SKU-0093,2017-10-12,10,1,5.0,5.0,0.0,5.713841600280488,0.9181980846741615
SKU-0093,2017-10-13,10,1,10.0,6.0,0.0,5.844496343404189,0.9634903023377483
SKU-0093,2017-10-14,9,1,10.0,9.0,0.0,5.5883314858844875,1.7743711914545923
SKU-0093,2017-10-15,11,1,9.0,0.0,0.0,6.016276822236352,2.002621981915733
SKU-0093,2017-10-16,3,1,11.0,9.0,0.0,5.412066834995469,2.875509437455905
SKU-0093,2017-10-17,4,1,3.0,6.0,0.0,6.044920144170487,1.0531307701940518
SKU-0093,2017-10-18,6,1,4.0,5.0,0.0,6.162789872931452,1.8045154039519498
SKU-0093,2017-10-19,8,1,6.0,10.0,0.0,5.707833943437902,1.0703717360507665
SKU-0093,2017-10-20,2,1,8.0,10.0,0.0,5.838488686561603,1.9248286717172542
SKU-0093,2017-10-21,4,1,2.0,9.0,0.0,5.5823238290419015,0.6867989899792535
SKU-0093,2017-10-22,5,1,4.0,11.0,0.0,6.010269165393766,2.7591666084081923
SKU-0093,2017-10-23,2,1,5.0,3.0,0.0,5.406059178152883,1.68015380676091
SKU-0093,2017-10-24,21,1,2.0,4.0,0.0,6.038912487327901,0.47758114949975067
SKU-0093,2017-10-25,4,1,21.0,6.0,0.0,6.156782216088866,0.9730229300768356
SKU-0093,2017-10-26,16,1,4.0,8.0,0.0,5.701826286595315,0.11914867295633164
SKU-0093,2017-10-27,0,1,16.0,2.0,0.0,5.832481029719017,1.9873810385556183
SKU-0093,2017-10-28,6,1,0.0,4.0,0.0,5.5763161721993155,0.020299314761253063
SKU-0093,2017-10-29,8,1,6.0,5.0,0.0,6.0042615085511795,1.7409311577475723
SKU-0093,2017-10-30,4,1,8.0,2.0,0.0,5.400051521310297,1.5779486487148209
SKU-0093,2017-10-31,1,1,4.0,21.0,0.0,6.0329048304853155,2.1794725322621296
SKU-0093,2017-11-01,0,1,1.0,4.0,0.0,6.150774559246279,0.4526180031540179
SKU-0093,2017-11-02,8,1,0.0,16.0,0.0,5.695818629752729,0.0
SKU-0093,2017-11-03,5,1,8.0,0.0,0.0,5.826473372876431,0.0
SKU-0093,2017-11-04,6,1,5.0,6.0,0.0,5.5703085153567296,0.6051820925045137
SKU-0093,2017-11-05,0,1,6.0,8.0,0.0,5.9982538517085935,1.09562331934843
SKU-0095,2017-10-09,2,1,4.0,10.0,0.0,4.032639474677153,2.4442902975523086
SKU-0095,2017-10-10,2,1,2.0,7.0,0.0,4.636440215341185,1.7457688277614574
SKU-0095,2017-10-11,5,1,2.0,10.0,0.0,4.809427164582381,1.297830994235823
SKU-0095,2017-10-12,5,1,5.0,5.0,0.0,4.661133458681408,0.9181980846741615
SKU-0095,2017-10-13,4,1,5.0,0.0,0.0,3.441743320628861,1.3156836510211065
SKU-0095,2017-10-14,4,1,4.0,8.0,0.0,2.468530052379524,1.5342170311434107
SKU-0095,2017-10-15,10,1,4.0,4.0,0.0,3.7375371481237076,1.5479370431721196
SKU-0095,2017-10-16,0,1,10.0,2.0,0.0,4.034522583850974,1.9853601264355214
SKU-0095,2017-10-17,0,1,0.0,2.0,0.0,4.638323324515005,0.1588863172258012
SKU-0095,2017-10-18,3,1,0.0,5.0,0.0,4.8113102737562015,1.7976173005541616
SKU-0095,2017-10-19,1,1,3.0,5.0,0.0,4.6630165678552284,0.0
SKU-0095,2017-10-20,1,1,1.0,4.0,0.0,3.4436264298026806,2.872806679814419
SKU-0095,2017-10-21,3,1,1.0,4.0,0.0,2.4704131615533447,0.7956716281652962
SKU-0095,2017-10-22,17,1,3.0,10.0,0.0,3.7394202572975273,1.3100488674486674
SKU-0095,2017-10-23,5,1,17.0,0.0,0.0,4.036405693024794,2.816285473963618
SKU-0095,2017-10-24,0,1,5.0,0.0,0.0,4.640206433688825,0.3210566679359767
SKU-0095,2017-10-25,7,1,0.0,3.0,0.0,4.813193382930021,1.0299113139884202
SKU-0095,2017-10-26,5,1,7.0,1.0,0.0,4.664899677029049,0.5294125282090216
SKU-0095,2017-10-27,2,1,5.0,1.0,0.0,3.445509538976501,0.3265306851473699
SKU-0095,2017-10-28,4,1,2.0,3.0,0.0,2.4722962707271643,0.05048061386338767
SKU-0095,2017-10-29,2,1,4.0,17.0,0.0,3.7413033664713478,2.3128404236758366
SKU-0095,2017-10-30,5,1,2.0,5.0,0.0,4.038288802198614,2.4672009399215264
SKU-0095,2017-10-31,6,1,5.0,0.0,0.0,4.642089542862646,2.014546829113096
SKU-0095,2017-11-01,3,1,6.0,7.0,0.0,4.815076492103842,1.274943035092749
SKU-0095,2017-11-02,5,1,3.0,5.0,0.0,4.666782786202869,0.0
SKU-0095,2017-11-03,5,1,5.0,2.0,0.0,3.4473926481503216,0.0
SKU-0095,2017-11-04,0,1,5.0,4.0,0.0,2.474179379900985,0.19967775749882338
SKU-0095,2017-11-05,5,1,0.0,2.0,0.0,3.7431864756451674,0.0018973778262334397
SKU-0098,2017-10-09,3,1,7.0,3.0,0.0,6.12582462993782,1.8896542966966658
SKU-0098,2017-10-10,8,1,3.0,0.0,0.0,6.333737973961759,0.9943476227907709
SKU-0098,2017-10-11,6,1,8.0,3.0,0.0,8.271349588145029,1.684687519815428
SKU-0098,2017-10-12,0,1,6.0,19.0,0.0,6.824787981093096,0.9032544114679424
SKU-0098,2017-10-13,0,1,0.0,8.0,0.0,5.885902357401383,0.43872656993765263
SKU-0098,2017-10-14,0,1,0.0,7.0,0.0,3.9066592701658323,0.046983587606457065
SKU-0098,2017-10-15,3,1,0.0,7.0,0.0,5.079158925962121,2.150837148116327
SKU-0098,2017-10-16,2,1,3.0,3.0,0.0,6.114138123787014,1.3327516823347259
SKU-0098,2017-10-17,13,1,2.0,8.0,0.0,6.322051467810954,2.8286700895924026
SKU-0098,2017-10-18,0,1,13.0,6.0,0.0,8.259663081994223,2.6417824564969137
SKU-0098,2017-10-19,0,1,0.0,0.0,0.0,6.8131014749422905,0.2558518691398381
SKU-0098,2017-10-20,4,1,0.0,0.0,0.0,5.874215851250577,0.940668284531931
SKU-0098,2017-10-21,0,1,4.0,0.0,0.0,3.8949727640150265,0.0
SKU-0098,2017-10-22,12,1,0.0,3.0,0.0,5.067472419811315,0.5043889968709988
SKU-0098,2017-10-23,0,1,12.0,2.0,0.0,6.102451617636208,1.3435227216141528
SKU-0098,2017-10-24,6,1,0.0,13.0,0.0,6.310364961660148,0.8654062565071213
SKU-0098,2017-10-25,11,1,6.0,0.0,0.0,8.247976575843417,1.9455400137403251
SKU-0098,2017-10-26,0,1,11.0,0.0,0.0,6.801414968791485,1.920325812599628
SKU-0098,2017-10-27,0,1,0.0,4.0,0.0,5.862529345099771,2.4019550185415244
SKU-0098,2017-10-28,8,1,0.0,0.0,0.0,3.8832862578642207,1.7121769259864343
SKU-0098,2017-10-29,10,1,8.0,12.0,0.0,5.055785913660509,1.4295365073844277
SKU-0098,2017-10-30,22,1,10.0,0.0,0.0,6.0907651114854024,0.8496770445635522
SKU-0098,2017-10-31,16,1,22.0,6.0,0.0,6.298678455509342,0.8634988051273512
SKU-0098,2017-11-01,8,1,16.0,11.0,0.0,8.236290069692611,4.123814230417441
SKU-0098,2017-11-02,8,1,8.0,0.0,0.0,6.789728462640679,0.0
SKU-0098,2017-11-03,0,1,8.0,0.0,0.0,5.8508428389489655,0.0
SKU-0098,2017-11-04,0,1,0.0,8.0,0.0,3.871599751713415,1.526958014260616
SKU-0098,2017-11-05,11,1,0.0,10.0,0.0,5.044099407509703,0.9744345734700635
SKU-0100,2017-10-09,8,1,10.0,6.0,0.0,12.67643806387163,2.3408238186084978
SKU-0100,2017-10-10,38,1,8.0,6.0,0.0,12.993486641768422,1.2759492030865542
SKU-0100,2017-10-11,12,1,38.0,12.0,0.0,13.391710005403855,2.7938573564354092
SKU-0100,2017-10-12,5,1,12.0,10.0,0.0,13.721785714695049,1.4042288420812783
SKU-0100,2017-10-13,5,1,5.0,27.0,0.0,12.322444087553327,0.0
SKU-0100,2017-10-14,23,1,5.0,19.0,0.0,13.584540682514923,1.9178562251809461
SKU-0100,2017-10-15,6,1,23.0,10.0,0.0,11.85625465230273,1.198430825323584
SKU-0100,2017-10-16,9,1,6.0,8.0,0.0,12.68990824462952,1.5539590099442504
SKU-0100,2017-10-17,11,1,9.0,38.0,0.0,13.00695682252631,1.369835482944285
SKU-0100,2017-10-18,2,1,11.0,12.0,0.0,13.405180186161743,2.8552015210026114
SKU-0100,2017-10-19,8,1,2.0,5.0,0.0,13.735255895452937,0.05587215752109262
SKU-0100,2017-10-20,20,1,8.0,5.0,0.0,12.335914268311216,2.6431243662960355
SKU-0100,2017-10-21,9,1,20.0,23.0,0.0,13.598010863272812,2.0500378094256817
SKU-0100,2017-10-22,6,1,9.0,6.0,0.0,11.86972483306062,2.2926325332497886
SKU-0100,2017-10-23,1,1,6.0,9.0,0.0,12.703378425387408,2.060625083287171
SKU-0100,2017-10-24,11,1,1.0,11.0,0.0,13.0204270032842,0.4295592272429753
SKU-0100,2017-10-25,10,1,11.0,2.0,0.0,13.418650366919632,2.0593157331200946
SKU-0100,2017-10-26,25,1,10.0,8.0,0.0,13.748726076210826,0.4537543869812561
SKU-0100,2017-10-27,16,1,25.0,20.0,0.0,12.349384449069104,1.134684851976261
SKU-0100,2017-10-28,4,1,16.0,9.0,0.0,13.6114810440307,1.2755116870283607
SKU-0100,2017-10-29,30,1,4.0,6.0,0.0,11.883195013818508,1.0757205757840265
SKU-0100,2017-10-30,9,1,30.0,1.0,0.0,12.716848606145296,0.0
SKU-0100,2017-10-31,21,1,9.0,11.0,0.0,13.033897184042088,1.7926959283950732
SKU-0100,2017-11-01,24,1,21.0,10.0,0.0,13.432120547677519,0.9125924309612485
SKU-0100,2017-11-02,16,1,24.0,25.0,0.0,13.762196256968714,0.13035414178976915
SKU-0100,2017-11-03,5,1,16.0,16.0,0.0,12.362854629826993,0.0
SKU-0100,2017-11-04,12,1,5.0,4.0,0.0,13.624951224788589,0.39010393082900247
SKU-0100,2017-11-05,10,1,12.0,30.0,0.0,11.896665194576396,1.2626612458677735
SKU-0101,2017-10-09,6,1,0.0,3.0,0.0,2.5208285929593637,0.9957553800170863
SKU-0101,2017-10-10,0,1,6.0,0.0,0.0,2.6672024551388276,1.8850227868137923
SKU-0101,2017-10-11,3,1,0.0,0.0,0.0,2.4589283115782576,1.9853780749903784
SKU-0101,2017-10-12,4,1,3.0,9.0,0.0,2.830920089447431,0.4324254333353857
SKU-0101,2017-10-13,0,1,4.0,0.0,0.0,1.6022223971986098,0.24560429242892198
SKU-0101,2017-10-14,0,1,0.0,8.0,0.0,1.4791108036141292,0.8964530339503693
SKU-0101,2017-10-15,6,1,0.0,0.0,0.0,1.948302728886651,0.463076625631117
SKU-0101,2017-10-16,1,1,6.0,6.0,0.0,2.5169039657018506,1.8671119453338545
SKU-0101,2017-10-17,13,1,1.0,0.0,0.0,2.6632778278813145,2.465255792762768
SKU-0101,2017-10-18,4,1,13.0,3.0,0.0,2.4550036843207446,3.82008167834145
SKU-0101,2017-10-19,5,1,4.0,4.0,0.0,2.826995462189918,0.0
SKU-0101,2017-10-20,9,1,5.0,0.0,0.0,1.5982977699410963,2.193048667132319
SKU-0101,2017-10-21,0,1,9.0,0.0,0.0,1.4751861763566156,0.9539614192939228
SKU-0101,2017-10-22,0,1,0.0,6.0,0.0,1.944378101629138,1.8436570813516158
SKU-0101,2017-10-23,0,1,0.0,1.0,0.0,2.5129793384443375,1.2087939434801542
SKU-0101,2017-10-24,0,1,0.0,13.0,0.0,2.6593532006238014,2.527876865883698
SKU-0101,2017-10-25,0,1,0.0,4.0,0.0,2.4510790570632315,1.0299113139884202
SKU-0101,2017-10-26,0,1,0.0,5.0,0.0,2.823070834932405,0.0
SKU-0101,2017-10-27,11,1,0.0,9.0,0.0,1.5943731426835832,2.0697514945744215
SKU-0101,2017-10-28,0,1,11.0,0.0,0.0,1.4712615490991026,2.2649327858288313
SKU-0101,2017-10-29,0,1,0.0,0.0,0.0,1.9404534743716244,0.4594307451174368
SKU-0101,2017-10-30,0,1,0.0,0.0,0.0,2.509054711186824,0.4073274949720745
SKU-0101,2017-10-31,3,1,0.0,0.0,0.0,2.6554285733662883,1.4572882719163054
SKU-0101,2017-11-01,1,1,3.0,0.0,0.0,2.4471544298057184,0.48540538864988925
SKU-0101,2017-11-02,2,1,1.0,0.0,0.0,2.819146207674892,0.0
SKU-0101,2017-11-03,5,1,2.0,11.0,0.0,1.5904485154260701,1.3381028094654777
SKU-0101,2017-11-04,0,1,5.0,0.0,0.0,1.4673369218415895,1.0318330908934816
SKU-0101,2017-11-05,0,1,0.0,0.0,0.0,1.9365288471141113,0.04413927282304555
SKU-0105,2017-10-09,0,1,5.0,0.0,0.0,3.0120907409682824,0.95726195558576
SKU-0105,2017-10-10,0,1,0.0,0.0,0.0,3.5531092703563507,0.0
SKU-0105,2017-10-11,1,1,0.0,8.0,0.0,4.198480682138001,0.43816685175200615
SKU-0105,2017-10-12,8,1,1.0,6.0,0.0,3.891154126807279,0.7026652175931025
SKU-0105,2017-10-13,1,1,8.0,4.0,0.0,2.324977028871858,2.3719507514124754
SKU-0105,2017-10-14,0,1,1.0,0.0,0.0,1.8762996386005892,1.1088687530689254
SKU-0105,2017-10-15,9,1,0.0,5.0,0.0,2.1043163360268538,0.38280199627644723
SKU-0105,2017-10-16,4,1,9.0,0.0,0.0,3.0085134371263758,2.9417481204545375
SKU-0105,2017-10-17,5,1,4.0,0.0,0.0,3.5495319665144445,2.2034320389346314
SKU-0105,2017-10-18,14,1,5.0,1.0,0.0,4.194903378296094,1.9733530509625619
SKU-0105,2017-10-19,5,1,14.0,8.0,0.0,3.8875768229653724,1.0491624192308773
SKU-0105,2017-10-20,8,1,5.0,1.0,0.0,2.321399725029951,0.5088072524913366
SKU-0105,2017-10-21,0,1,8.0,0.0,0.0,1.8727223347586825,2.4759916357130782
SKU-0105,2017-10-22,2,1,0.0,9.0,0.0,2.100739032184947,0.41798958432953487
SKU-0105,2017-10-23,0,1,2.0,4.0,0.0,3.0049361332844695,3.116107764526528
SKU-0105,2017-10-24,3,1,0.0,5.0,0.0,3.5459546626725382,2.018054108335792
SKU-0105,2017-10-25,9,1,3.0,14.0,0.0,4.191326074454187,1.2637594341806733
SKU-0105,2017-10-26,0,1,9.0,5.0,0.0,3.8839995191234657,0.6387593853080538
SKU-0105,2017-10-27,4,1,0.0,8.0,0.0,2.3178224211880445,0.030554480845768266
SKU-0105,2017-10-28,0,1,4.0,0.0,0.0,1.8691450309167759,1.6064327686105393
SKU-0105,2017-10-29,0,1,0.0,2.0,0.0,2.097161728343041,0.44322100436519124
SKU-0105,2017-10-30,3,1,0.0,0.0,0.0,3.001358829442563,1.0695912827098872
SKU-0105,2017-10-31,0,1,3.0,3.0,0.0,3.542377358830631,0.7507053496783732
SKU-0105,2017-11-01,5,1,0.0,9.0,0.0,4.187748770612281,1.8125293428219988
SKU-0105,2017-11-02,4,1,5.0,0.0,0.0,3.880422215281559,0.0
SKU-0105,2017-11-03,4,1,4.0,4.0,0.0,2.314245117346138,0.0
SKU-0105,2017-11-04,10,1,4.0,0.0,0.0,1.8655677270748696,0.809028913526906
SKU-0105,2017-11-05,0,1,10.0,0.0,0.0,2.093584424501134,0.0
SKU-0107,2017-10-09,0,1,0.0,3.0,0.0,4.083334308135928,0.7981418762957772
SKU-0107,2017-10-10,14,1,0.0,2.0,0.0,5.344566883379681,1.205335769634498
SKU-0107,2017-10-11,2,1,14.0,10.0,0.0,4.767964562374306,3.729344536423869
SKU-0107,2017-10-12,20,1,2.0,0.0,0.0,4.996730180498744,0.0
SKU-0107,2017-10-13,0,1,20.0,2.0,0.0,3.569427555209632,1.6637641720925258
SKU-0107,2017-10-14,0,1,0.0,0.0,0.0,2.2927739225673416,1.0740356757032476
SKU-0107,2017-10-15,1,1,0.0,0.0,0.0,3.007191044891492,1.8833049238678432
SKU-0107,2017-10-16,0,1,1.0,0.0,0.0,4.090305163976718,0.8173256828927341
SKU-0107,2017-10-17,0,1,0.0,14.0,0.0,5.351537739220472,0.26082503363550996
SKU-0107,2017-10-18,2,1,0.0,2.0,0.0,4.7749354182150965,1.8013131314693396
SKU-0107,2017-10-19,8,1,2.0,20.0,0.0,5.003701036339535,2.0404181543091964
SKU-0107,2017-10-20,0,1,8.0,0.0,0.0,3.5763984110504223,0.5790660116884737
SKU-0107,2017-10-21,1,1,0.0,0.0,0.0,2.2997447784081326,2.112389730522845
SKU-0107,2017-10-22,0,1,1.0,1.0,0.0,3.0141619007322826,2.4720731836191585
SKU-0107,2017-10-23,0,1,0.0,0.0,0.0,4.097276019817509,2.6617484676335224
SKU-0107,2017-10-24,0,1,0.0,0.0,0.0,5.358508595061263,1.1996676579022354
SKU-0107,2017-10-25,2,1,0.0,2.0,0.0,4.7819062740558875,0.8269828711115266
SKU-0107,2017-10-26,6,1,2.0,8.0,0.0,5.010671892180326,0.0
SKU-0107,2017-10-27,1,1,6.0,0.0,0.0,3.5833692668912134,2.5317687422919506
SKU-0107,2017-10-28,7,1,1.0,1.0,0.0,2.3067156342489237,1.907010629308996
SKU-0107,2017-10-29,4,1,7.0,0.0,0.0,3.0211327565730737,0.7399976975183209
SKU-0107,2017-10-30,5,1,4.0,0.0,0.0,4.1042468756583,2.043473157804718
SKU-0107,2017-10-31,0,1,5.0,0.0,0.0,5.365479450902054,2.264209760162131
SKU-0107,2017-11-01,1,1,0.0,2.0,0.0,4.788877129896679,0.0
SKU-0107,2017-11-02,3,1,1.0,6.0,0.0,5.017642748021117,0.0
SKU-0107,2017-11-03,0,1,3.0,1.0,0.0,3.5903401227320044,1.254257179481119
SKU-0107,2017-11-04,0,1,0.0,7.0,0.0,2.3136864900897143,0.0
SKU-0107,2017-11-05,0,1,0.0,4.0,0.0,3.0281036124138647,0.04413927282304555
SKU-0108,2017-10-09,10,1,0.0,4.0,0.0,3.62168506344204,1.4543508155927698
SKU-0108,2017-10-10,1,1,10.0,3.0,0.0,3.433424660379205,1.4149757902053308
SKU-0108,2017-10-11,1,1,1.0,4.0,0.0,4.009752845816898,1.4982957142003202
SKU-0108,2017-10-12,10,1,1.0,2.0,0.0,3.384831830323386,0.9941533634264286
SKU-0108,2017-10-13,4,1,10.0,0.0,0.0,2.5432386839224472,0.9174297803991445
SKU-0108,2017-10-14,1,1,4.0,7.0,0.0,3.3296603087285597,0.50314442649028
SKU-0108,2017-10-15,0,1,1.0,0.0,0.0,2.8466625803033647,1.9181380012335214
SKU-0108,2017-10-16,5,1,0.0,10.0,0.0,3.616845078768103,1.53117374194767
SKU-0108,2017-10-17,1,1,5.0,1.0,0.0,3.4285846757052676,0.6484905801421302
SKU-0108,2017-10-18,5,1,1.0,1.0,0.0,4.0049128611429605,1.5935149706258496
SKU-0108,2017-10-19,0,1,5.0,10.0,0.0,3.3799918456494487,0.0
SKU-0108,2017-10-20,0,1,0.0,4.0,0.0,2.5383986992485097,2.2402742064289787
SKU-0108,2017-10-21,12,1,0.0,1.0,0.0,3.324820324054622,0.13549961933101767
SKU-0108,2017-10-22,11,1,12.0,0.0,0.0,2.841822595629427,2.388675296259269
SKU-0108,2017-10-23,8,1,11.0,5.0,0.0,3.6120050940941653,2.3764553765081025
SKU-0108,2017-10-24,3,1,8.0,1.0,0.0,3.42374469103133,0.8311819208656082
SKU-0108,2017-10-25,0,1,3.0,5.0,0.0,4.000072876469024,0.9862592073510914
SKU-0108,2017-10-26,2,1,0.0,0.0,0.0,3.375151860975511,0.5108634838182342
SKU-0108,2017-10-27,5,1,2.0,0.0,0.0,2.5335587145745726,0.3695297546543143
SKU-0108,2017-10-28,2,1,5.0,12.0,0.0,3.3199803393806846,0.7703697194936556
SKU-0108,2017-10-29,1,1,2.0,11.0,0.0,2.8369826109554896,2.09137950148568
SKU-0108,2017-10-30,4,1,1.0,8.0,0.0,3.6071651094202277,0.9456332328299835
SKU-0108,2017-10-31,0,1,4.0,3.0,0.0,3.4189047063573925,0.8091987873845679
SKU-0108,2017-11-01,3,1,0.0,0.0,0.0,3.9952328917950863,0.0
SKU-0108,2017-11-02,8,1,3.0,2.0,0.0,3.3703118763015736,0.14177954766093442
SKU-0108,2017-11-03,4,1,8.0,5.0,0.0,2.528718729900635,1.5624535884735782
SKU-0108,2017-11-04,0,1,4.0,2.0,0.0,3.315140354706747,0.8863117096250197
SKU-0108,2017-11-05,2,1,0.0,1.0,0.0,2.8321426262815526,0.0
SKU-0109,2017-10-09,68,1,21.0,27.0,0.0,47.85354668299347,0.6490608160996079
SKU-0109,2017-10-10,29,1,68.0,38.0,0.0,51.35653898495028,0.0
SKU-0109,2017-10-11,8,1,29.0,87.0,0.0,52.442690726440155,2.0964744217142335
SKU-0109,2017-10-12,25,1,8.0,39.0,0.0,53.207802741875035,0.0
SKU-0109,2017-10-13,5,1,25.0,30.0,0.0,42.3368577497457,1.8752063577851077
SKU-0109,2017-10-14,11,1,5.0,11.0,0.0,32.323424813427714,1.0230825517824826
SKU-0109,2017-10-15,23,1,11.0,21.0,0.0,40.14678326905473,3.953776108442543
SKU-0109,2017-10-16,13,1,23.0,68.0,0.0,47.94205050752786,1.9692373050385366
SKU-0109,2017-10-17,31,1,13.0,29.0,0.0,51.44504280948466,2.014264447858163
SKU-0109,2017-10-18,31,1,31.0,8.0,0.0,52.53119455097455,0.0
SKU-0109,2017-10-19,31,1,31.0,25.0,0.0,53.29630656640943,1.5312928783146293
SKU-0109,2017-10-20,63,1,31.0,5.0,0.0,42.42536157428008,2.785070097072202
SKU-0109,2017-10-21,2,1,63.0,11.0,0.0,32.411928637962106,1.5373310161659666
SKU-0109,2017-10-22,25,1,2.0,23.0,0.0,40.235287093589115,0.5945296623029026
SKU-0109,2017-10-23,73,1,25.0,13.0,0.0,48.03055433206225,0.00776683445744544
SKU-0109,2017-10-24,21,1,73.0,31.0,0.0,51.533546634019054,0.0
SKU-0109,2017-10-25,37,1,21.0,31.0,0.0,52.61969837550893,1.6511744683751166
SKU-0109,2017-10-26,103,1,37.0,31.0,0.0,53.38481039094382,0.12370785187970747
SKU-0109,2017-10-27,52,1,103.0,63.0,0.0,42.513865398814474,0.0
SKU-0109,2017-10-28,82,1,52.0,2.0,0.0,32.50043246249649,0.0
SKU-0109,2017-10-29,33,1,82.0,25.0,0.0,40.32379091812351,0.0
SKU-0109,2017-10-30,37,1,33.0,73.0,0.0,48.11905815659664,0.0
SKU-0109,2017-10-31,48,1,37.0,21.0,0.0,51.622050458553446,3.564835237694346
SKU-0109,2017-11-01,51,1,48.0,37.0,0.0,52.708202200043324,0.0
SKU-0109,2017-11-02,37,1,51.0,103.0,0.0,53.473314215478204,0.0
SKU-0109,2017-11-03,15,1,37.0,52.0,0.0,42.602369223348866,0.0
SKU-0109,2017-11-04,19,1,15.0,82.0,0.0,32.58893628703088,1.068105690363776
SKU-0109,2017-11-05,60,1,19.0,33.0,0.0,40.41229474265789,2.286455997233005
SKU-0110,2017-10-09,114,1,0.0,127.0,0.0,69.18955150659839,0.9049615296169785
SKU-0110,2017-10-10,46,1,114.0,6.0,0.0,90.45466967841048,2.204705487309026
SKU-0110,2017-10-11,17,1,46.0,25.0,0.0,87.4756198765248,0.521580945849196
SKU-0110,2017-10-12,106,1,17.0,173.0,0.0,74.36633003919822,6.815072146647396
SKU-0110,2017-10-13,84,1,106.0,97.0,0.0,105.6454029233403,0.00054942073475978
SKU-0110,2017-10-14,126,1,84.0,4.0,0.0,67.09073875649675,0.0
SKU-0110,2017-10-15,28,1,126.0,0.0,0.0,64.72315676317734,5.178020597986903
SKU-0110,2017-10-16,12,1,28.0,114.0,0.0,69.17923328773581,0.0
SKU-0110,2017-10-17,235,1,12.0,46.0,0.0,90.4443514595479,0.38343960062847987
SKU-0110,2017-10-18,62,1,235.0,17.0,0.0,87.46530165766222,0.0
SKU-0110,2017-10-19,16,1,62.0,106.0,0.0,74.35601182033564,8.20221670082524
SKU-0110,2017-10-20,5,1,16.0,84.0,0.0,105.63508470447772,0.0
SKU-0110,2017-10-21,81,1,5.0,126.0,0.0,67.08042053763415,7.2963543053275846
SKU-0110,2017-10-22,25,1,81.0,28.0,0.0,64.71283854431476,0.0
SKU-0110,2017-10-23,283,1,25.0,12.0,0.0,69.16891506887322,0.0
SKU-0110,2017-10-24,9,1,283.0,235.0,0.0,90.4340332406853,20.71542441207142
SKU-0110,2017-10-25,52,1,9.0,62.0,0.0,87.45498343879963,1.3851895456483552
SKU-0110,2017-10-26,113,1,52.0,16.0,0.0,74.34569360147306,0.0
SKU-0110,2017-10-27,34,1,113.0,5.0,0.0,105.62476648561514,0.0
SKU-0110,2017-10-28,46,1,34.0,81.0,0.0,67.07010231877157,8.82740448229247
SKU-0110,2017-10-29,271,1,46.0,25.0,0.0,64.70252032545218,0.0
SKU-0110,2017-10-30,10,1,271.0,283.0,0.0,69.15859685001064,15.145677153070926
SKU-0110,2017-10-31,102,1,10.0,9.0,0.0,90.42371502182272,0.0
SKU-0110,2017-11-01,550,1,102.0,52.0,0.0,87.44466521993705,0.0
SKU-0110,2017-11-02,18,1,550.0,113.0,0.0,74.33537538261047,2.574873446883506
SKU-0110,2017-11-03,24,1,18.0,34.0,0.0,105.61444826675253,0.0
SKU-0110,2017-11-04,18,1,24.0,46.0,0.0,67.05978409990898,0.0
SKU-0110,2017-11-05,12,1,18.0,271.0,0.0,64.69220210658958,3.673872907122334
SKU-0112,2017-10-09,3,1,0.0,6.0,0.0,3.734987584008826,1.1454120452056695
SKU-0112,2017-10-10,0,1,3.0,4.0,0.0,4.023830276950836,0.29730704819002735
SKU-0112,2017-10-11,9,1,0.0,9.0,0.0,4.227026076362177,0.70911745407666
SKU-0112,2017-10-12,0,1,9.0,3.0,0.0,4.019729621349829,0.9389471129184577
SKU-0112,2017-10-13,0,1,0.0,9.0,0.0,2.8467265781904794,0.0
SKU-0112,2017-10-14,0,1,0.0,0.0,0.0,2.0531273732026394,1.0740356757032476
SKU-0112,2017-10-15,1,1,0.0,0.0,0.0,2.7395578871503243,0.463076625631117
SKU-0112,2017-10-16,7,1,1.0,3.0,0.0,3.7420299498510645,1.3457377348892414
SKU-0112,2017-10-17,3,1,7.0,0.0,0.0,4.030872642793075,0.8234215821451352
SKU-0112,2017-10-18,5,1,3.0,9.0,0.0,4.234068442204416,2.045534222972945
SKU-0112,2017-10-19,5,1,5.0,0.0,0.0,4.026771987192068,0.0
SKU-0112,2017-10-20,5,1,5.0,0.0,0.0,2.853768944032718,0.8731472877078745
SKU-0112,2017-10-21,0,1,5.0,0.0,0.0,2.0601697390448783,1.969901028838496
SKU-0112,2017-10-22,0,1,0.0,1.0,0.0,2.746600252992563,1.9253800386541966
SKU-0112,2017-10-23,2,1,0.0,7.0,0.0,3.7490723156933035,0.8025993489782022
SKU-0112,2017-10-24,7,1,2.0,3.0,0.0,4.037915008635314,2.580242660689019
SKU-0112,2017-10-25,0,1,7.0,5.0,0.0,4.241110808046655,2.1861257729625754
SKU-0112,2017-10-26,0,1,0.0,5.0,0.0,4.033814353034306,1.0742537706654305
SKU-0112,2017-10-27,3,1,0.0,5.0,0.0,2.860811309874957,2.0579976390850105
SKU-0112,2017-10-28,4,1,3.0,0.0,0.0,2.067212104887117,1.7990838380039922
SKU-0112,2017-10-29,0,1,4.0,0.0,0.0,2.7536426188348018,0.2978824850614304
SKU-0112,2017-10-30,1,1,0.0,2.0,0.0,3.756114681535542,0.6901778024363491
SKU-0112,2017-10-31,0,1,1.0,7.0,0.0,4.044957374477552,0.5325212783192076
SKU-0112,2017-11-01,0,1,0.0,0.0,0.0,4.248153173888894,0.0
SKU-0112,2017-11-02,0,1,0.0,0.0,0.0,4.040856718876546,0.0
SKU-0112,2017-11-03,0,1,0.0,3.0,0.0,2.8678536757171953,0.0
SKU-0112,2017-11-04,0,1,0.0,4.0,0.0,2.0742544707293558,0.5097043735760787
SKU-0112,2017-11-05,2,1,0.0,0.0,0.0,2.7606849846770403,0.04413927282304555
SKU-0115,2017-10-09,0,1,5.0,0.0,0.0,5.967259374775861,0.8864452366138866
SKU-0115,2017-10-10,0,1,0.0,2.0,0.0,7.509601597455381,1.3379848634152005
SKU-0115,2017-10-11,9,1,0.0,2.0,0.0,7.474141652073723,0.9846368082181269
SKU-0115,2017-10-12,7,1,9.0,3.0,0.0,5.97803852515161,1.0574246624132344
SKU-0115,2017-10-13,1,1,7.0,2.0,0.0,5.86678875260213,1.610214130071746
SKU-0115,2017-10-14,9,1,1.0,6.0,0.0,5.336634707071935,0.6794300549947753
SKU-0115,2017-10-15,7,1,9.0,5.0,0.0,5.480421494305183,1.7905027336060864
SKU-0115,2017-10-16,1,1,7.0,0.0,0.0,5.98338507694405,2.91946409050645
SKU-0115,2017-10-17,13,1,1.0,0.0,0.0,7.52572729962357,0.1306520663517593
SKU-0115,2017-10-18,0,1,13.0,9.0,0.0,7.490267354241912,1.8313611346639815
SKU-0115,2017-10-19,18,1,0.0,7.0,0.0,5.994164227319799,0.0
SKU-0115,2017-10-20,3,1,18.0,1.0,0.0,5.882914454770319,1.9744339907497823
SKU-0115,2017-10-21,5,1,3.0,9.0,0.0,5.352760409240124,0.6325518805234412
SKU-0115,2017-10-22,5,1,5.0,7.0,0.0,5.496547196473371,1.3434147795869726
SKU-0115,2017-10-23,7,1,5.0,1.0,0.0,5.999510779112239,2.9490654986685545
SKU-0115,2017-10-24,1,1,7.0,13.0,0.0,7.541853001791759,2.5053651176777456
SKU-0115,2017-10-25,11,1,1.0,0.0,0.0,7.506393056410101,1.9309476987496441
SKU-0115,2017-10-26,12,1,11.0,18.0,0.0,6.010289929487987,0.9129228658932695
SKU-0115,2017-10-27,4,1,12.0,3.0,0.0,5.899040156938507,0.6775482287286942
SKU-0115,2017-10-28,1,1,4.0,5.0,0.0,5.3688861114083135,0.0
SKU-0115,2017-10-29,0,1,1.0,5.0,0.0,5.5126728986415605,0.42939318170842705
SKU-0115,2017-10-30,10,1,0.0,7.0,0.0,6.015636481280428,0.33940976364083686
SKU-0115,2017-10-31,8,1,10.0,1.0,0.0,7.5579787039599475,1.973954825770878
SKU-0115,2017-11-01,4,1,8.0,11.0,0.0,7.52251875857829,3.9065189294755753
SKU-0115,2017-11-02,0,1,4.0,12.0,0.0,6.026415631656176,0.027971959542797773
SKU-0115,2017-11-03,11,1,0.0,4.0,0.0,5.915165859106696,0.0
SKU-0115,2017-11-04,0,1,11.0,1.0,0.0,5.385011813576502,0.7048177061469827
SKU-0115,2017-11-05,4,1,0.0,0.0,0.0,5.528798600809749,0.0
SKU-0116,2017-10-09,14,1,5.0,7.0,0.0,9.681496317842905,3.3214443788587764
SKU-0116,2017-10-10,7,1,14.0,0.0,0.0,13.2572020374549,1.9815789070715268
SKU-0116,2017-10-11,14,1,7.0,18.0,0.0,13.006648200280962,3.819218551965444
SKU-0116,2017-10-12,22,1,14.0,5.0,0.0,11.118256094473997,1.068529325553792
SKU-0116,2017-10-13,15,1,22.0,9.0,0.0,8.444207832904283,0.5542108563005904
SKU-0116,2017-10-14,7,1,15.0,3.0,0.0,6.782445130050437,1.2911237119009
SKU-0116,2017-10-15,6,1,7.0,5.0,0.0,8.919143598785997,4.204369510131835
SKU-0116,2017-10-16,6,1,6.0,14.0,0.0,9.689077384475967,2.5849411870558083
SKU-0116,2017-10-17,8,1,6.0,7.0,0.0,13.264783104087961,2.599244404415727
SKU-0116,2017-10-18,8,1,8.0,14.0,0.0,13.014229266914024,2.857105242616281
SKU-0116,2017-10-19,5,1,8.0,22.0,0.0,11.12583716110706,1.8088777859906398
SKU-0116,2017-10-20,4,1,5.0,15.0,0.0,8.451788899537345,0.8709315326958369
SKU-0116,2017-10-21,3,1,4.0,7.0,0.0,6.790026196683499,0.46591787611359464
SKU-0116,2017-10-22,0,1,3.0,6.0,0.0,8.926724665419059,1.278258082076978
SKU-0116,2017-10-23,8,1,0.0,6.0,0.0,9.696658451109029,1.990938280348847
SKU-0116,2017-10-24,6,1,8.0,8.0,0.0,13.272364170721023,0.8201373266579217
SKU-0116,2017-10-25,3,1,6.0,8.0,0.0,13.021810333547085,1.942529647087576
SKU-0116,2017-10-26,5,1,3.0,5.0,0.0,11.133418227740123,0.0
SKU-0116,2017-10-27,12,1,5.0,4.0,0.0,8.459369966170408,1.1155307541459065
SKU-0116,2017-10-28,8,1,12.0,3.0,0.0,6.797607263316561,1.306065181553197
SKU-0116,2017-10-29,6,1,8.0,0.0,0.0,8.93430573205212,1.6380660636187276
SKU-0116,2017-10-30,34,1,6.0,8.0,0.0,9.70423951774209,1.6756791774313136
SKU-0116,2017-10-31,2,1,34.0,6.0,0.0,13.279945237354084,0.0
SKU-0116,2017-11-01,3,1,2.0,3.0,0.0,13.029391400180147,0.0
SKU-0116,2017-11-02,10,1,3.0,5.0,0.0,11.140999294373184,0.0
SKU-0116,2017-11-03,8,1,10.0,12.0,0.0,8.46695103280347,0.8720111704222241
SKU-0116,2017-11-04,11,1,8.0,8.0,0.0,6.805188329949624,1.2269040100515525
SKU-0116,2017-11-05,8,1,11.0,6.0,0.0,8.941886798685182,1.3566990910701107
SKU-0118,2017-10-09,0,1,0.0,0.0,0.0,2.226094409852137,0.8199188892256902
SKU-0118,2017-10-10,11,1,0.0,0.0,0.0,4.461615735806773,1.0983477272522413
SKU-0118,2017-10-11,0,1,11.0,32.0,0.0,5.256294120155613,2.6457301621050955
SKU-0118,2017-10-12,0,1,0.0,0.0,0.0,5.144769162535388,0.3284023024797745
SKU-0118,2017-10-13,15,1,0.0,9.0,0.0,4.747546455670651,0.0
SKU-0118,2017-10-14,0,1,15.0,6.0,0.0,2.8437731814791616,1.461973847638325
SKU-0118,2017-10-15,3,1,0.0,0.0,0.0,2.4489394377247975,1.8833049238678432
SKU-0118,2017-10-16,0,1,3.0,0.0,0.0,2.223589624783459,2.067484608076701
SKU-0118,2017-10-17,0,1,0.0,11.0,0.0,4.459110950738094,2.6936142213421403
SKU-0118,2017-10-18,24,1,0.0,0.0,0.0,5.253789335086935,3.163261174865136
SKU-0118,2017-10-19,0,1,24.0,0.0,0.0,5.14226437746671,0.0
SKU-0118,2017-10-20,0,1,0.0,15.0,0.0,4.745041670601973,0.6039069714061147
SKU-0118,2017-10-21,0,1,0.0,0.0,0.0,2.8412683964104835,0.30437450631303703
SKU-0118,2017-10-22,20,1,0.0,3.0,0.0,2.4464346526561194,1.9253800386541966
SKU-0118,2017-10-23,7,1,20.0,0.0,0.0,2.22108483971478,3.565554744724808
SKU-0118,2017-10-24,4,1,7.0,0.0,0.0,4.456606165669416,1.645076946824594
SKU-0118,2017-10-25,0,1,4.0,24.0,0.0,5.251284550018257,3.0427625625624164
SKU-0118,2017-10-26,0,1,0.0,0.0,0.0,5.139759592398032,1.596536136573868
SKU-0118,2017-10-27,0,1,0.0,0.0,0.0,4.742536885533295,1.007403913497969
SKU-0118,2017-10-28,0,1,0.0,0.0,0.0,2.838763611341805,1.764250760638314
SKU-0118,2017-10-29,3,1,0.0,20.0,0.0,2.443929867587441,0.3343239982595285
SKU-0118,2017-10-30,0,1,3.0,7.0,0.0,2.218580054646102,2.4755264414883507
SKU-0118,2017-10-31,3,1,0.0,4.0,0.0,4.454101380600737,2.260222745637102
SKU-0118,2017-11-01,0,1,3.0,0.0,0.0,5.248779764949578,1.465561674612528
SKU-0118,2017-11-02,0,1,0.0,0.0,0.0,5.137254807329354,0.0
SKU-0118,2017-11-03,0,1,0.0,0.0,0.0,4.740032100464616,0.9891361053201768
SKU-0118,2017-11-04,0,1,0.0,0.0,0.0,2.8362588262731268,0.6605466357773583
SKU-0118,2017-11-05,0,1,0.0,3.0,0.0,2.4414250825187627,0.0
SKU-0120,2017-10-09,3,1,7.0,5.0,0.0,2.943908102786532,1.6842435574045103
SKU-0120,2017-10-10,1,1,3.0,5.0,0.0,3.64458145709853,1.744054030950408
SKU-0120,2017-10-11,8,1,1.0,5.0,0.0,3.8395011456792805,1.457591297640912
SKU-0120,2017-10-12,2,1,8.0,7.0,0.0,3.3635040882849263,1.030021587695568
SKU-0120,2017-10-13,0,1,2.0,8.0,0.0,3.1012108782743515,0.22737188376302653
SKU-0120,2017-10-14,9,1,0.0,0.0,0.0,3.18412589769291,1.0740356757032476
SKU-0120,2017-10-15,1,1,9.0,7.0,0.0,2.8253115797742256,2.942683740198919
SKU-0120,2017-10-16,0,1,1.0,3.0,0.0,2.9493572912991226,0.9248014486682001
SKU-0120,2017-10-17,6,1,0.0,1.0,0.0,3.6500306456111202,0.14590026467128553
SKU-0120,2017-10-18,4,1,6.0,8.0,0.0,3.8449503341918705,2.0728155361423513
SKU-0120,2017-10-19,12,1,4.0,2.0,0.0,3.3689532767975163,0.0
SKU-0120,2017-10-20,3,1,12.0,0.0,0.0,3.1066600667869415,1.2395904257323311
SKU-0120,2017-10-21,4,1,3.0,9.0,0.0,3.1895750862055,2.4405671047332502
SKU-0120,2017-10-22,4,1,4.0,1.0,0.0,2.8307607682868157,1.801017492346651
SKU-0120,2017-10-23,1,1,4.0,0.0,0.0,2.9548064798117126,1.0970666584965276
SKU-0120,2017-10-24,6,1,1.0,6.0,0.0,3.6554798341237102,0.616245413974641
SKU-0120,2017-10-25,4,1,6.0,4.0,0.0,3.8503995227044605,2.129037590802707
SKU-0120,2017-10-26,0,1,4.0,12.0,0.0,3.374402465310107,0.0
SKU-0120,2017-10-27,0,1,0.0,3.0,0.0,3.1121092552995315,2.133727515572082
SKU-0120,2017-10-28,5,1,0.0,4.0,0.0,3.19502427471809,0.1976712243848806
SKU-0120,2017-10-29,0,1,5.0,4.0,0.0,2.836209956799406,0.5650666955153182
SKU-0120,2017-10-30,0,1,0.0,1.0,0.0,2.9602556683243026,1.7340660337781235
SKU-0120,2017-10-31,5,1,0.0,6.0,0.0,3.6609290226363003,0.10632925989547012
SKU-0120,2017-11-01,8,1,5.0,4.0,0.0,3.855848711217051,0.6379993339843297
SKU-0120,2017-11-02,0,1,8.0,0.0,0.0,3.379851653822697,0.0
SKU-0120,2017-11-03,2,1,0.0,0.0,0.0,3.1175584438121215,0.0
SKU-0120,2017-11-04,2,1,2.0,5.0,0.0,3.20047346323068,0.22883612810517512
SKU-0120,2017-11-05,5,1,2.0,0.0,0.0,2.841659145311996,0.3966537270581419
SKU-0002,2017-11-06,0,2,0.0,6.0,1.6071428571428572,3.614383830186494,2.3292802690599452
SKU-0002,2017-11-07,2,2,0.0,0.0,1.6428571428571428,3.155577662678852,2.4300663382432477
SKU-0002,2017-11-08,10,2,2.0,8.0,1.5714285714285714,3.952791825995405,3.1387595193607485
SKU-0002,2017-11-09,0,2,10.0,0.0,1.7142857142857142,2.9592370998528894,2.0890539515186006
SKU-0002,2017-11-10,3,2,0.0,0.0,1.4642857142857142,3.2543793759361535,2.4602641089738073
SKU-0002,2017-11-11,0,2,3.0,0.0,1.5357142857142858,2.737359696850114,1.9124866759598707
SKU-0002,2017-11-12,1,2,0.0,0.0,1.5357142857142858,2.9452705871720757,2.6844726138484893
SKU-0002,2017-11-13,2,2,1.0,0.0,1.5357142857142858,3.6202789015763255,3.339748922260391
SKU-0002,2017-11-14,0,2,2.0,2.0,1.5357142857142858,3.1614727340686835,2.2270780801265078
SKU-0002,2017-11-15,3,2,0.0,10.0,1.8571428571428572,3.9586868973852365,2.2206483716410985
SKU-0002,2017-11-16,14,2,3.0,0.0,1.8928571428571428,2.965132171242721,1.1697898649234477
SKU-0002,2017-11-17,19,2,14.0,3.0,1.8928571428571428,3.260274447325985,2.558768791265577
SKU-0002,2017-11-18,0,2,19.0,0.0,2.0,2.7432547682399457,2.945211846386325
SKU-0002,2017-11-19,7,2,0.0,1.0,1.9285714285714286,2.9511656585619073,2.2010091477620435
SKU-0002,2017-11-20,0,2,7.0,2.0,1.8928571428571428,3.626173972966157,2.1122088492291753
SKU-0002,2017-11-21,0,2,0.0,0.0,1.8928571428571428,3.167367805458515,2.0670482139118884
SKU-0002,2017-11-22,0,2,0.0,3.0,1.8928571428571428,3.964581968775068,2.557276683432605
SKU-0002,2017-11-23,13,2,0.0,14.0,2.0714285714285716,2.9710272426325526,3.005370896714301
SKU-0002,2017-11-24,9,2,13.0,19.0,2.392857142857143,3.2661695187158166,3.5530828193545556
SKU-0002,2017-11-25,0,2,9.0,0.0,2.2857142857142856,2.7491498396297773,2.011919295014597
SKU-0002,2017-11-26,0,2,0.0,7.0,2.2857142857142856,2.957060729951739,2.513801368826226
SKU-0002,2017-11-27,0,2,0.0,0.0,2.2857142857142856,3.6320690443559887,2.790200209518691
SKU-0002,2017-11-28,0,2,0.0,0.0,2.2857142857142856,3.1732628768483466,1.9736619044248302
SKU-0002,2017-11-29,0,2,0.0,0.0,2.0714285714285716,3.9704770401648997,5.111865191413135
SKU-0002,2017-11-30,0,2,0.0,13.0,2.0714285714285716,2.976922314022384,5.465901144178706
SKU-0002,2017-12-01,0,2,0.0,9.0,2.0357142857142856,3.272064590105648,4.421197124005215
SKU-0002,2017-12-02,5,2,0.0,0.0,1.75,2.755044911019609,1.904992065913547
SKU-0002,2017-12-03,3,2,5.0,0.0,1.6071428571428572,2.9629558013415704,3.082350135139382
SKU-0003,2017-11-06,1,2,0.0,0.0,4.142857142857143,1.6120745742807476,1.8850844435782603
SKU-0003,2017-11-07,2,2,1.0,6.0,4.178571428571429,1.679534244259249,1.6646499540426745
SKU-0003,2017-11-08,4,2,2.0,0.0,4.071428571428571,1.5990967186069092,1.879431006173246
SKU-0003,2017-11-09,1,2,4.0,3.0,3.4285714285714284,1.663561713122379,0.9235660540216298
SKU-0003,2017-11-10,7,2,1.0,8.0,3.9285714285714284,1.4762325211826648,1.3498888344695568
SKU-0003,2017-11-11,0,2,7.0,4.0,4.142857142857143,1.2211221893142923,0.9501970070508753
SKU-0003,2017-11-12,0,2,0.0,0.0,4.535714285714286,1.4694857660776464,1.2166806253345084
SKU-0003,2017-11-13,0,2,0.0,1.0,4.75,1.6140359754039828,1.5691740556676013
SKU-0003,2017-11-14,9,2,0.0,2.0,4.607142857142857,1.6814956453824843,1.3622788506632715
SKU-0003,2017-11-15,1,2,9.0,4.0,4.535714285714286,1.6010581197301446,1.3383990308498843
SKU-0003,2017-11-16,0,2,1.0,1.0,4.75,1.6655231142456142,1.3488978847428843
SKU-0003,2017-11-17,3,2,0.0,7.0,4.821428571428571,1.4781939223059002,1.191069638060217
SKU-0003,2017-11-18,0,2,3.0,0.0,4.821428571428571,1.2230835904375277,1.001127329153691
SKU-0003,2017-11-19,0,2,0.0,0.0,4.928571428571429,1.4714471672008815,0.9569194699494287
SKU-0003,2017-11-20,0,2,0.0,0.0,4.571428571428571,1.6159973765272184,1.4430209894144774
SKU-0003,2017-11-21,0,2,0.0,9.0,4.535714285714286,1.6834570465057197,1.3728348602730365
SKU-0003,2017-11-22,5,2,0.0,1.0,4.357142857142857,1.6030195208533797,1.7723743755769115
SKU-0003,2017-11-23,10,2,5.0,0.0,4.464285714285714,1.6674845153688496,1.0423823118828186
SKU-0003,2017-11-24,0,2,10.0,3.0,4.428571428571429,1.4801553234291356,1.3416530641897457
SKU-0003,2017-11-25,0,2,0.0,0.0,4.178571428571429,1.2250449915607629,0.9029097723189204
SKU-0003,2017-11-26,0,2,0.0,0.0,4.25,1.473408568324117,0.9260053539037573
SKU-0003,2017-11-27,0,2,0.0,0.0,4.25,1.6179587776504536,2.289365110077138
SKU-0003,2017-11-28,0,2,0.0,0.0,4.0,1.6854184476289549,2.371311191682137
SKU-0003,2017-11-29,0,2,0.0,5.0,4.25,1.6049809219766151,1.2832277065776094
SKU-0003,2017-11-30,2,2,0.0,10.0,4.285714285714286,1.669445916492085,0.5689993525516581
SKU-0003,2017-12-01,0,2,2.0,0.0,4.142857142857143,1.4821167245523708,1.7154049726180935
SKU-0003,2017-12-02,0,2,0.0,0.0,4.107142857142857,1.2270063926839982,1.1105134461359583
SKU-0003,2017-12-03,10,2,0.0,0.0,4.142857142857143,1.4753699694473523,1.7060441178291508
SKU-0005,2017-11-06,2,2,4.0,7.0,5.035714285714286,4.507270366002766,4.228878666379631
SKU-0005,2017-11-07,0,2,2.0,0.0,5.071428571428571,4.819380892728539,4.087863549717017
SKU-0005,2017-11-08,0,2,0.0,3.0,4.892857142857143,4.756743965947656,4.884525760268188
SKU-0005,2017-11-09,18,2,0.0,4.0,4.392857142857143,4.658160447382061,3.7922420500114633
SKU-0005,2017-11-10,8,2,18.0,5.0,5.071428571428571,4.645007915099478,4.684223093077044
SKU-0005,2017-11-11,13,2,8.0,9.0,5.071428571428571,4.538507885041399,3.5046084514236266
SKU-0005,2017-11-12,6,2,13.0,4.0,5.178571428571429,4.430244426208795,3.443922909540245
SKU-0005,2017-11-13,6,2,6.0,2.0,5.107142857142857,4.5142629385949435,4.089823462152475
SKU-0005,2017-11-14,4,2,6.0,0.0,5.107142857142857,4.826373465320716,4.156888089822927
SKU-0005,2017-11-15,6,2,4.0,0.0,5.035714285714286,4.763736538539834,4.067236311759316
SKU-0005,2017-11-16,3,2,6.0,18.0,5.035714285714286,4.6651530199742375,3.6215033395801663
SKU-0005,2017-11-17,0,2,3.0,8.0,5.107142857142857,4.652000487691655,3.3213241343373756
SKU-0005,2017-11-18,6,2,0.0,13.0,5.107142857142857,4.545500457633577,2.936092810502382
SKU-0005,2017-11-19,4,2,6.0,6.0,5.107142857142857,4.437236998800973,3.9421568954283335
SKU-0005,2017-11-20,0,2,4.0,6.0,5.0,4.521255511187121,4.220984335091652
SKU-0005,2017-11-21,0,2,0.0,4.0,5.0,4.833366037912894,3.724312808412032
SKU-0005,2017-11-22,4,2,0.0,6.0,4.964285714285714,4.770729111132011,3.967471705564765
SKU-0005,2017-11-23,0,2,4.0,3.0,6.714285714285714,4.672145592566414,3.1331308306374344
SKU-0005,2017-11-24,5,2,0.0,0.0,6.75,4.658993060283832,4.660626164639897
SKU-0005,2017-11-25,2,2,5.0,6.0,6.071428571428571,4.5524930302257545,3.1547993566045514
SKU-0005,2017-11-26,0,2,2.0,4.0,5.785714285714286,4.444229571393151,3.2483220550679084
SKU-0005,2017-11-27,0,2,0.0,0.0,5.785714285714286,4.528248083779299,4.369679200048844
SKU-0005,2017-11-28,7,2,0.0,0.0,6.214285714285714,4.8403586105050715,4.348282473742601
SKU-0005,2017-11-29,4,2,7.0,4.0,5.785714285714286,4.777721683724189,4.039245957069079
SKU-0005,2017-11-30,0,2,4.0,0.0,5.678571428571429,4.679138165158593,3.7384216007598545
SKU-0005,2017-12-01,4,2,0.0,5.0,4.607142857142857,4.665985632876009,4.744608862095676
SKU-0005,2017-12-02,10,2,4.0,2.0,4.392857142857143,4.559485602817932,5.314641930852225
SKU-0005,2017-12-03,0,2,10.0,0.0,4.821428571428571,4.451222143985328,4.088153263711393
SKU-0008,2017-11-06,3,2,4.0,12.0,69.82142857142857,5.064675807002011,4.827856607249312
SKU-0008,2017-11-07,1,2,3.0,0.0,68.78571428571429,4.681751977652627,5.628793869415035
SKU-0008,2017-11-08,7,2,1.0,16.0,69.35714285714286,5.788340859602718,5.504795649910365
SKU-0008,2017-11-09,0,2,7.0,5.0,69.96428571428571,4.312276523029563,4.1954626108233235
SKU-0008,2017-11-10,0,2,0.0,0.0,69.39285714285714,4.124118235595648,4.209706788075999
SKU-0008,2017-11-11,0,2,0.0,0.0,68.35714285714286,3.304357916487496,3.284627491595005
SKU-0008,2017-11-12,0,2,0.0,4.0,68.35714285714286,4.1502777576404775,3.7575159241170213
SKU-0008,2017-11-13,5,2,0.0,3.0,67.57142857142857,5.062746351723723,4.425894530663588
SKU-0008,2017-11-14,0,2,5.0,1.0,67.0,4.679822522374338,5.42175188780996
SKU-0008,2017-11-15,13,2,0.0,7.0,65.75,5.786411404324429,5.196541533645001
SKU-0008,2017-11-16,5,2,13.0,0.0,65.07142857142857,4.310347067751275,4.3157642448546305
SKU-0008,2017-11-17,0,2,5.0,0.0,64.17857142857143,4.1221887803173605,4.318748727676508
SKU-0008,2017-11-18,2,2,0.0,0.0,65.10714285714286,3.3024284612092076,3.4793464932485443
SKU-0008,2017-11-19,0,2,2.0,0.0,64.60714285714286,4.148348302362189,3.9148544519582447
SKU-0008,2017-11-20,0,2,0.0,5.0,62.75,5.060816896445434,4.549517876079354
SKU-0008,2017-11-21,1,2,0.0,0.0,63.285714285714285,4.67789306709605,4.836955262533745
SKU-0008,2017-11-22,10,2,1.0,13.0,64.07142857142857,5.784481949046141,4.98467830811015
SKU-0008,2017-11-23,0,2,10.0,5.0,62.857142857142854,4.3084176124729865,4.527626190146124
SKU-0008,2017-11-24,10,2,0.0,0.0,64.64285714285714,4.120259325039072,4.214868246548221
SKU-0008,2017-11-25,5,2,10.0,2.0,64.5,3.300499005930919,3.3360558459532
SKU-0008,2017-11-26,0,2,5.0,0.0,64.25,4.1464188470839005,4.295801677890557
SKU-0008,2017-11-27,1,2,0.0,0.0,65.75,5.058887441167147,5.026832388012245
SKU-0008,2017-11-28,0,2,1.0,1.0,65.67857142857143,4.675963611817761,5.378204995323014
SKU-0008,2017-11-29,0,2,0.0,10.0,64.21428571428571,5.782552493767852,6.47702588576205
SKU-0008,2017-11-30,18,2,0.0,0.0,63.357142857142854,4.306488157194698,4.2199528741819154
SKU-0008,2017-12-01,0,2,18.0,10.0,63.714285714285715,4.1183298697607835,5.551562487044452
SKU-0008,2017-12-02,0,2,0.0,5.0,65.32142857142857,3.2985695506526307,4.8946173470761245
SKU-0008,2017-12-03,3,2,0.0,0.0,68.25,4.144489391805612,5.003580211461665
SKU-0013,2017-11-06,5,2,0.0,0.0,2.6785714285714284,6.839426845501304,6.968077207491045
SKU-0013,2017-11-07,0,2,5.0,14.0,3.0357142857142856,8.95445031893562,9.320272294496183
SKU-0013,2017-11-08,6,2,0.0,3.0,2.9285714285714284,9.988195501436648,8.035512781151933
SKU-0013,2017-11-09,19,2,6.0,30.0,2.892857142857143,6.98302488463729,5.619314237508041
SKU-0013,2017-11-10,0,2,19.0,6.0,2.75,6.533466985124772,5.708380266205868
SKU-0013,2017-11-11,3,2,0.0,0.0,2.607142857142857,4.446159389236455,6.3136717372899165
SKU-0013,2017-11-12,4,2,3.0,0.0,3.0357142857142856,5.902626854511204,4.039759062821533
SKU-0013,2017-11-13,0,2,4.0,5.0,3.0,6.847702600282821,6.456934376692645
SKU-0013,2017-11-14,4,2,0.0,0.0,3.0,8.962726073717137,5.954954657011718
SKU-0013,2017-11-15,0,2,4.0,6.0,3.2142857142857144,9.996471256218165,8.371419956517922
SKU-0013,2017-11-16,2,2,0.0,19.0,3.2142857142857144,6.991300639418806,7.980069114967454
SKU-0013,2017-11-17,7,2,2.0,0.0,3.3214285714285716,6.5417427399062875,4.582007540972914
SKU-0013,2017-11-18,5,2,7.0,3.0,3.0714285714285716,4.454435144017971,3.0939497551608977
SKU-0013,2017-11-19,0,2,5.0,4.0,3.0714285714285716,5.9109026092927195,6.861077864224645
SKU-0013,2017-11-20,0,2,0.0,0.0,3.0,6.8559783550643365,6.325178338083098
SKU-0013,2017-11-21,0,2,0.0,4.0,2.75,8.971001828498652,8.688775059246094
SKU-0013,2017-11-22,49,2,0.0,0.0,3.2857142857142856,10.00474701099968,7.476508680864234
SKU-0013,2017-11-23,5,2,49.0,2.0,3.2857142857142856,6.999576394200322,0.5204074348524357
SKU-0013,2017-11-24,0,2,5.0,7.0,3.1785714285714284,6.550018494687803,4.0954234089962
SKU-0013,2017-11-25,0,2,0.0,5.0,3.0,4.462710898799487,2.4039892975321107
SKU-0013,2017-11-26,0,2,0.0,0.0,2.9285714285714284,5.919178364074236,3.212378587186097
SKU-0013,2017-11-27,12,2,0.0,0.0,2.642857142857143,6.864254109845852,4.712078223613388
SKU-0013,2017-11-28,2,2,12.0,0.0,2.9642857142857144,8.979277583280169,7.627969388373883
SKU-0013,2017-11-29,0,2,2.0,49.0,3.3214285714285716,10.013022765781196,2.3460596315854993
SKU-0013,2017-11-30,0,2,0.0,5.0,3.642857142857143,7.007852148981838,6.891535982119945
SKU-0013,2017-12-01,0,2,0.0,0.0,3.4642857142857144,6.558294249469319,11.33908730638274
SKU-0013,2017-12-02,12,2,0.0,0.0,3.642857142857143,4.4709866535810034,4.1243707696753305
SKU-0013,2017-12-03,8,2,12.0,0.0,3.642857142857143,5.927454118855752,6.0506406091498
SKU-0019,2017-11-06,5,2,0.0,0.0,2.2142857142857144,17.640605617142004,23.58305797290749
SKU-0019,2017-11-07,15,2,5.0,19.0,2.0357142857142856,21.18644294381543,26.875691723807712
SKU-0019,2017-11-08,28,2,15.0,6.0,1.6785714285714286,19.32136410818941,28.683500665241088
SKU-0019,2017-11-09,0,2,28.0,3.0,1.6785714285714286,25.667076399742704,47.58479366782617
SKU-0019,2017-11-10,21,2,0.0,7.0,1.6785714285714286,14.418617212883984,19.770990178321153
SKU-0019,2017-11-11,0,2,21.0,48.0,1.6071428571428572,12.033131607287157,7.608600731025921
SKU-0019,2017-11-12,0,2,0.0,0.0,1.75,12.318490149364603,11.164928757591847
SKU-0019,2017-11-13,58,2,0.0,5.0,1.75,17.645542759165533,23.548574773696277
SKU-0019,2017-11-14,85,2,58.0,15.0,1.75,21.191380085838958,8.54498820191909
SKU-0019,2017-11-15,12,2,85.0,28.0,1.3928571428571428,19.32630125021294,5.3538370064692105
SKU-0019,2017-11-16,22,2,12.0,0.0,1.3928571428571428,25.672013541766233,9.45350508172164
SKU-0019,2017-11-17,14,2,22.0,21.0,1.2142857142857142,14.423554354907512,8.230855750764468
SKU-0019,2017-11-18,25,2,14.0,0.0,1.2142857142857142,12.038068749310685,5.023590948858994
SKU-0019,2017-11-19,57,2,25.0,0.0,1.2142857142857142,12.323427291388132,13.163402868842358
SKU-0019,2017-11-20,69,2,57.0,58.0,1.3214285714285714,17.650479901189062,14.830879413520776
SKU-0019,2017-11-21,0,2,69.0,85.0,1.25,21.196317227862487,8.646314886863417
SKU-0019,2017-11-22,2,2,0.0,12.0,0.9642857142857143,19.331238392236468,36.63069359327548
SKU-0019,2017-11-23,35,2,2.0,22.0,0.8928571428571429,25.676950683789762,24.993619572552003
SKU-0019,2017-11-24,2,2,35.0,14.0,0.8928571428571429,14.428491496931041,2.0744400354605106
SKU-0019,2017-11-25,75,2,2.0,25.0,0.8928571428571429,12.043005891334214,9.392279659740144
SKU-0019,2017-11-26,0,2,75.0,57.0,0.8928571428571429,12.32836443341166,7.319830706898609
SKU-0019,2017-11-27,10,2,0.0,69.0,0.8928571428571429,17.65541704321259,22.96267147369151
SKU-0019,2017-11-28,0,2,10.0,0.0,0.8928571428571429,21.201254369886016,13.910436748802624
SKU-0019,2017-11-29,72,2,0.0,2.0,1.0714285714285714,19.336175534259997,35.24477920396148
SKU-0019,2017-11-30,0,2,72.0,35.0,0.8571428571428571,25.68188782581329,14.125239470902354
SKU-0019,2017-12-01,14,2,0.0,2.0,0.8571428571428571,14.43342863895457,20.02708259366278
SKU-0019,2017-12-02,14,2,14.0,75.0,0.8571428571428571,12.047943033357743,19.90942654770153
SKU-0019,2017-12-03,10,2,14.0,0.0,0.8928571428571429,12.33330157543519,17.108345851188794
SKU-0021,2017-11-06,8,2,51.0,10.0,1.9642857142857142,20.191298648826642,14.381880732642793
SKU-0021,2017-11-07,7,2,8.0,23.0,1.9285714285714286,23.365400769179743,20.422219481047364
SKU-0021,2017-11-08,2,2,7.0,8.0,2.0714285714285716,21.56161881175328,27.575293362368036
SKU-0021,2017-11-09,19,2,2.0,8.0,1.8928571428571428,18.139268088383865,21.800259398258614
SKU-0021,2017-11-10,12,2,19.0,14.0,1.8928571428571428,16.859063293152623,13.53995487368941
SKU-0021,2017-11-11,4,2,12.0,6.0,2.0,15.492249119821697,13.937165222966893
SKU-0021,2017-11-12,6,2,4.0,51.0,2.0,19.34588164564705,18.224117068594865
SKU-0021,2017-11-13,9,2,6.0,8.0,2.142857142857143,20.180514854804787,25.220289514982557
SKU-0021,2017-11-14,11,2,9.0,7.0,2.0,23.35461697515789,25.126490439789116
SKU-0021,2017-11-15,5,2,11.0,2.0,1.75,21.550835017731423,23.74123158944572
SKU-0021,2017-11-16,32,2,5.0,19.0,1.5714285714285714,18.12848429436201,20.581325193075816
SKU-0021,2017-11-17,46,2,32.0,12.0,1.5714285714285714,16.848279499130765,15.755514039293773
SKU-0021,2017-11-18,0,2,46.0,4.0,1.8571428571428572,15.481465325799839,8.692489355245444
SKU-0021,2017-11-19,11,2,0.0,6.0,1.8571428571428572,19.335097851625196,18.711889001457884
SKU-0021,2017-11-20,0,2,11.0,9.0,1.8571428571428572,20.16973106078293,24.96805443225099
SKU-0021,2017-11-21,23,2,0.0,11.0,1.5357142857142858,23.343833181136027,29.347259170696532
SKU-0021,2017-11-22,19,2,23.0,5.0,1.5357142857142858,21.540051223709565,23.517508051884484
SKU-0021,2017-11-23,14,2,19.0,32.0,1.5357142857142858,18.117700500340153,15.737300351463901
SKU-0021,2017-11-24,40,2,14.0,46.0,1.5357142857142858,16.837495705108907,22.15599943577119
SKU-0021,2017-11-25,5,2,40.0,0.0,1.3214285714285714,15.47068153177798,15.044435061786585
SKU-0021,2017-11-26,1,2,5.0,11.0,1.3214285714285714,19.32431405760334,21.897883679990738
SKU-0021,2017-11-27,23,2,1.0,0.0,1.2142857142857142,20.15894726676107,21.791650458931166
SKU-0021,2017-11-28,0,2,23.0,23.0,1.1785714285714286,23.333049387114173,18.841388977376027
SKU-0021,2017-11-29,9,2,0.0,19.0,1.1785714285714286,21.52926742968771,26.34701997343485
SKU-0021,2017-11-30,28,2,9.0,14.0,1.0357142857142858,18.106916706318295,20.923491352601722
SKU-0021,2017-12-01,34,2,28.0,40.0,0.9642857142857143,16.82671191108705,21.6522411398858
SKU-0021,2017-12-02,26,2,34.0,5.0,0.9642857142857143,15.459897737756126,24.203834777113908
SKU-0021,2017-12-03,9,2,26.0,1.0,0.9642857142857143,19.31353026358148,14.582839532181184
SKU-0022,2017-11-06,25,2,65.0,91.0,0.9285714285714286,69.85014990564368,53.61792620237175
SKU-0022,2017-11-07,64,2,25.0,124.0,0.9285714285714286,86.57600017316926,57.50515758321039
SKU-0022,2017-11-08,103,2,64.0,107.0,0.9285714285714286,98.12994294886816,91.76078579794124
SKU-0022,2017-11-09,78,2,103.0,63.0,0.9285714285714286,79.68886820775245,61.04142979812289
SKU-0022,2017-11-10,41,2,78.0,40.0,0.9285714285714286,59.13866944139296,47.77668726503142
SKU-0022,2017-11-11,38,2,41.0,32.0,0.9285714285714286,49.43817346610446,48.35750172047476
SKU-0022,2017-11-12,8,2,38.0,65.0,0.9285714285714286,53.86483009982047,48.53606720599728
SKU-0022,2017-11-13,86,2,8.0,25.0,0.9285714285714286,70.03190496069342,53.60956358943006
SKU-0022,2017-11-14,76,2,86.0,64.0,0.9285714285714286,86.75775522821903,86.83506065231313
SKU-0022,2017-11-15,89,2,76.0,103.0,1.1071428571428572,98.31169800391791,78.4185345139964
SKU-0022,2017-11-16,48,2,89.0,78.0,1.0714285714285714,79.87062326280218,70.37379728002554
SKU-0022,2017-11-17,68,2,48.0,41.0,1.0,59.32042449644271,43.89950665416122
SKU-0022,2017-11-18,24,2,68.0,38.0,1.1785714285714286,49.61992852115421,30.257033365275177
SKU-0022,2017-11-19,53,2,24.0,8.0,1.1785714285714286,54.04658515487022,35.227159841721964
SKU-0022,2017-11-20,76,2,53.0,86.0,1.1785714285714286,70.21366001574317,46.32689840765845
SKU-0022,2017-11-21,79,2,76.0,76.0,1.1785714285714286,86.93951028326876,54.76016475971481
SKU-0022,2017-11-22,105,2,79.0,89.0,1.1428571428571428,98.49345305896766,76.95617045134318
SKU-0022,2017-11-23,103,2,105.0,48.0,1.1428571428571428,80.05237831785193,72.96123513113825
SKU-0022,2017-11-24,54,2,103.0,68.0,1.1428571428571428,59.50217955149246,50.3651985696186
SKU-0022,2017-11-25,51,2,54.0,24.0,0.8214285714285714,49.801683576203956,34.20137863046745
SKU-0022,2017-11-26,50,2,51.0,53.0,0.8214285714285714,54.228340209919956,29.96060499111995
SKU-0022,2017-11-27,89,2,50.0,76.0,0.8571428571428571,70.39541507079292,53.99785850883879
SKU-0022,2017-11-28,83,2,89.0,79.0,0.8571428571428571,87.1212653383185,75.1391667207401
SKU-0022,2017-11-29,83,2,83.0,105.0,1.0,98.67520811401741,88.93180246710284
SKU-0022,2017-11-30,73,2,83.0,103.0,1.0,80.23413337290168,67.84554122780176
SKU-0022,2017-12-01,85,2,73.0,54.0,0.6071428571428571,59.683934606542195,74.5098435475387
SKU-0022,2017-12-02,114,2,85.0,51.0,0.6071428571428571,49.983438631253705,60.68266836623894
SKU-0022,2017-12-03,54,2,114.0,50.0,0.6071428571428571,54.410095264969705,62.31773787067896
SKU-0024,2017-11-06,22,2,0.0,10.0,17.964285714285715,2.9211096019294844,5.406607456422702
SKU-0024,2017-11-07,0,2,22.0,10.0,17.678571428571427,4.4681986332035954,6.6127758256476
SKU-0024,2017-11-08,20,2,0.0,3.0,18.428571428571427,4.4440654754367355,4.74839348562535
SKU-0024,2017-11-09,3,2,20.0,0.0,17.821428571428573,3.6091979347036673,2.9030407788467314
SKU-0024,2017-11-10,0,2,3.0,0.0,18.178571428571427,3.2308833236199472,3.064270952908657
SKU-0024,2017-11-11,0,2,0.0,3.0,18.607142857142858,1.8486238685545853,2.2397016978244024
SKU-0024,2017-11-12,0,2,0.0,0.0,18.642857142857142,2.2167091925868414,2.8044329785050826
SKU-0024,2017-11-13,2,2,0.0,22.0,18.357142857142858,2.915339857154834,5.02239256501831
SKU-0024,2017-11-14,0,2,2.0,0.0,18.964285714285715,4.462428888428946,4.402843141866751
SKU-0024,2017-11-15,0,2,0.0,20.0,17.25,4.438295730662086,4.750759838727586
SKU-0024,2017-11-16,25,2,0.0,3.0,16.214285714285715,3.6034281899290166,3.783758194339686
SKU-0024,2017-11-17,0,2,25.0,0.0,15.357142857142858,3.225113578845297,3.4343307443420175
SKU-0024,2017-11-18,0,2,0.0,0.0,15.071428571428571,1.842854123779935,2.707644537602406
SKU-0024,2017-11-19,15,2,0.0,0.0,14.5,2.210939447812191,2.5805549012908497
SKU-0024,2017-11-20,8,2,15.0,2.0,13.464285714285714,2.909570112380184,3.3905128263368716
SKU-0024,2017-11-21,3,2,8.0,0.0,13.178571428571429,4.456659143654295,5.502000158540419
SKU-0024,2017-11-22,0,2,3.0,0.0,12.678571428571429,4.432525985887436,4.652224278973394
SKU-0024,2017-11-23,1,2,0.0,25.0,12.178571428571429,3.5976584451543667,8.248627630195152
SKU-0024,2017-11-24,0,2,1.0,0.0,12.964285714285714,3.2193438340706466,4.039033200240515
SKU-0024,2017-11-25,0,2,0.0,0.0,13.571428571428571,1.8370843790052847,3.4865241867701355
SKU-0024,2017-11-26,0,2,0.0,15.0,13.285714285714286,2.205169703037541,2.2990460729132907
SKU-0024,2017-11-27,0,2,0.0,8.0,13.178571428571429,2.9038003676055335,3.014963420631854
SKU-0024,2017-11-28,0,2,0.0,3.0,12.75,4.450889398879645,5.671864612031221
SKU-0024,2017-11-29,3,2,0.0,0.0,13.428571428571429,4.426756241112786,5.985233581163693
SKU-0024,2017-11-30,0,2,3.0,1.0,13.75,3.591888700379716,4.016400662177916
SKU-0024,2017-12-01,28,2,0.0,0.0,13.642857142857142,3.2135740892959963,4.836330958619316
SKU-0024,2017-12-02,0,2,28.0,0.0,14.071428571428571,1.8313146342306343,3.114881365532381
SKU-0024,2017-12-03,11,2,0.0,0.0,14.285714285714286,2.1993999582628905,3.974496193993507
SKU-0026,2017-11-06,0,2,3.0,16.0,1.8571428571428572,10.655729018945355,10.739324914678875
SKU-0026,2017-11-07,0,2,0.0,0.0,1.8571428571428572,7.942760541438065,8.378170260693556
SKU-0026,2017-11-08,18,2,0.0,5.0,1.8571428571428572,11.040122727749889,6.031874061930284
SKU-0026,2017-11-09,0,2,18.0,34.0,1.8571428571428572,10.372953418723709,3.7298327323593963
SKU-0026,2017-11-10,0,2,0.0,10.0,1.8571428571428572,10.351413534601793,5.996467850012612
SKU-0026,2017-11-11,10,2,0.0,30.0,1.8571428571428572,7.552818553899076,2.0850857997110515
SKU-0026,2017-11-12,32,2,10.0,3.0,2.0357142857142856,9.572231796276816,6.690973295205098
SKU-0026,2017-11-13,72,2,32.0,0.0,2.0357142857142856,10.658982719471155,4.772131972245308
SKU-0026,2017-11-14,0,2,72.0,0.0,2.107142857142857,7.946014241963865,7.666083892161111
SKU-0026,2017-11-15,64,2,0.0,18.0,2.107142857142857,11.043376428275689,6.582600965862614
SKU-0026,2017-11-16,0,2,64.0,0.0,2.2142857142857144,10.376207119249509,13.097849092079581
SKU-0026,2017-11-17,37,2,0.0,0.0,2.25,10.354667235127593,8.04365914756829
SKU-0026,2017-11-18,12,2,37.0,10.0,2.25,7.556072254424876,2.5236118857265644
SKU-0026,2017-11-19,0,2,12.0,32.0,2.25,9.575485496802616,6.305562574867221
SKU-0026,2017-11-20,4,2,0.0,72.0,2.25,10.662236419996955,1.6959177369351948
SKU-0026,2017-11-21,41,2,4.0,0.0,2.0357142857142856,7.949267942489663,6.733077368343882
SKU-0026,2017-11-22,62,2,41.0,64.0,2.357142857142857,11.046630128801487,2.6380936195335347
SKU-0026,2017-11-23,0,2,62.0,0.0,2.2857142857142856,10.379460819775307,20.155755909762938
SKU-0026,2017-11-24,5,2,0.0,37.0,2.0357142857142856,10.357920935653391,3.9899130091862123
SKU-0026,2017-11-25,10,2,5.0,12.0,2.1785714285714284,7.559325954950674,6.2293958204722495
SKU-0026,2017-11-26,4,2,10.0,0.0,2.0714285714285716,9.578739197328414,7.813421358750778
SKU-0026,2017-11-27,29,2,4.0,4.0,2.0714285714285716,10.665490120522755,10.983982919646573
SKU-0026,2017-11-28,7,2,29.0,41.0,1.9285714285714286,7.952521643015463,5.285317897002477
SKU-0026,2017-11-29,0,2,7.0,62.0,2.2142857142857144,11.049883829327287,7.07839865494462
SKU-0026,2017-11-30,0,2,0.0,0.0,2.2142857142857144,10.382714520301107,15.945740414391404
SKU-0026,2017-12-01,58,2,0.0,5.0,2.107142857142857,10.361174636179191,9.172087070055683
SKU-0026,2017-12-02,0,2,58.0,10.0,2.3214285714285716,7.562579655476474,7.354296856775164
SKU-0026,2017-12-03,67,2,0.0,4.0,2.3214285714285716,9.581992897854214,12.117958943020055
SKU-0030,2017-11-06,10,2,0.0,0.0,1.2857142857142858,9.984532903845912,9.410074945073125
SKU-0030,2017-11-07,0,2,10.0,6.0,1.2857142857142858,7.193249889311605,7.5453194534524055
SKU-0030,2017-11-08,0,2,0.0,0.0,1.3571428571428572,8.234526636810866,3.8500901713023654
SKU-0030,2017-11-09,5,2,0.0,0.0,1.3571428571428572,9.056705548788056,14.8012978334019
SKU-0030,2017-11-10,0,2,5.0,0.0,1.4642857142857142,6.25123596565086,5.097155242710602
SKU-0030,2017-11-11,0,2,0.0,0.0,1.4642857142857142,6.002952653810721,5.149150558867822
SKU-0030,2017-11-12,0,2,0.0,0.0,1.4642857142857142,4.970187486813614,3.748592613725093
SKU-0030,2017-11-13,0,2,0.0,10.0,1.6428571428571428,9.988440215184045,14.52357222603107
SKU-0030,2017-11-14,0,2,0.0,0.0,1.75,7.197157200649738,3.411065928426528
SKU-0030,2017-11-15,0,2,0.0,0.0,1.75,8.238433948149,2.9538917710399377
SKU-0030,2017-11-16,0,2,0.0,5.0,1.8214285714285714,9.06061286012619,12.133221965978734
SKU-0030,2017-11-17,3,2,0.0,0.0,1.7142857142857142,6.255143276988996,4.952706603637801
SKU-0030,2017-11-18,0,2,3.0,0.0,1.7142857142857142,6.0068599651488555,4.128435853555407
SKU-0030,2017-11-19,0,2,0.0,0.0,1.6071428571428572,4.974094798151748,5.401178964912571
SKU-0030,2017-11-20,14,2,0.0,0.0,1.6071428571428572,9.99234752652218,6.8142058451533325
SKU-0030,2017-11-21,0,2,14.0,0.0,1.3571428571428572,7.201064511987872,3.0260536087205696
SKU-0030,2017-11-22,19,2,0.0,0.0,1.3571428571428572,8.242341259487134,5.815186838447407
SKU-0030,2017-11-23,0,2,19.0,0.0,1.2142857142857142,9.064520171464324,7.17076054079846
SKU-0030,2017-11-24,0,2,0.0,3.0,1.1428571428571428,6.2590505883271295,6.501521646543249
SKU-0030,2017-11-25,0,2,0.0,0.0,1.25,6.010767276486989,7.5154139446940205
SKU-0030,2017-11-26,3,2,0.0,0.0,1.5714285714285714,4.978002109489883,2.8848626216096984
SKU-0030,2017-11-27,15,2,3.0,14.0,1.5714285714285714,9.996254837860315,7.478898048853907
SKU-0030,2017-11-28,14,2,15.0,0.0,1.4642857142857142,7.204971823326006,4.345948034081806
SKU-0030,2017-11-29,3,2,14.0,19.0,1.4642857142857142,8.246248570825268,3.4777128841802307
SKU-0030,2017-11-30,0,2,3.0,0.0,1.3928571428571428,9.068427482802457,3.197975430356797
SKU-0030,2017-12-01,0,2,0.0,0.0,1.3928571428571428,6.262957899665263,9.58402481543207
SKU-0030,2017-12-02,26,2,0.0,0.0,1.3928571428571428,6.014674587825123,8.501585904295117
SKU-0030,2017-12-03,69,2,26.0,3.0,1.5714285714285714,4.981909420828017,12.436269187000917
SKU-0031,2017-11-06,0,2,0.0,17.0,41.82142857142857,8.265339684501308,8.155878694546688
SKU-0031,2017-11-07,19,2,0.0,28.0,42.107142857142854,10.408648697370054,9.865348142409463
SKU-0031,2017-11-08,0,2,19.0,13.0,33.535714285714285,10.676009572070406,9.423162632692275
SKU-0031,2017-11-09,13,2,0.0,8.0,36.857142857142854,8.838992552497212,9.059255061295211
SKU-0031,2017-11-10,10,2,13.0,15.0,32.642857142857146,6.79819309417568,8.223288356636818
SKU-0031,2017-11-11,4,2,10.0,3.0,30.892857142857142,5.209731505089229,5.390080745932779
SKU-0031,2017-11-12,4,2,4.0,0.0,28.678571428571427,6.818442017660755,6.862594452109181
SKU-0031,2017-11-13,8,2,4.0,0.0,29.607142857142858,8.264151693238247,8.378422699711424
SKU-0031,2017-11-14,10,2,8.0,19.0,28.428571428571427,10.407460706106992,9.385359499530567
SKU-0031,2017-11-15,10,2,10.0,0.0,33.32142857142857,10.674821580807343,10.274936537902816
SKU-0031,2017-11-16,9,2,10.0,13.0,34.464285714285715,8.83780456123415,9.495112853014529
SKU-0031,2017-11-17,5,2,9.0,10.0,32.214285714285715,6.797005102912618,6.457166439762157
SKU-0031,2017-11-18,16,2,5.0,4.0,32.857142857142854,5.208543513826168,5.085355042061602
SKU-0031,2017-11-19,0,2,16.0,4.0,32.75,6.817254026397693,6.265226028780558
SKU-0031,2017-11-20,4,2,0.0,8.0,32.785714285714285,8.262963701975185,9.365845295509876
SKU-0031,2017-11-21,0,2,4.0,10.0,31.714285714285715,10.406272714843931,8.79305407710355
SKU-0031,2017-11-22,31,2,0.0,10.0,31.5,10.673633589544282,10.046676244091703
SKU-0031,2017-11-23,13,2,31.0,9.0,31.892857142857142,8.836616569971088,7.568606122954449
SKU-0031,2017-11-24,0,2,13.0,5.0,31.25,6.795817111649557,7.034751819260905
SKU-0031,2017-11-25,19,2,0.0,16.0,31.464285714285715,5.207355522563105,5.67907935221144
SKU-0031,2017-11-26,4,2,19.0,0.0,30.392857142857142,6.816066035134631,6.643789181500693
SKU-0031,2017-11-27,12,2,4.0,4.0,30.75,8.261775710712124,8.6987521919688
SKU-0031,2017-11-28,0,2,12.0,0.0,31.714285714285715,10.40508472358087,11.418043688638576
SKU-0031,2017-11-29,18,2,0.0,31.0,32.642857142857146,10.672445598281222,13.004502664997075
SKU-0031,2017-11-30,3,2,18.0,13.0,32.25,8.835428578708026,9.466742161944863
SKU-0031,2017-12-01,5,2,3.0,0.0,35.0,6.794629120386495,7.370562985981288
SKU-0031,2017-12-02,11,2,5.0,19.0,34.17857142857143,5.206167531300045,6.548732165366839
SKU-0031,2017-12-03,0,2,11.0,4.0,35.142857142857146,6.81487804387157,6.790306263172051
SKU-0032,2017-11-06,10,2,1.0,1.0,4.178571428571429,4.124240339708206,3.6636818694592415
SKU-0032,2017-11-07,0,2,10.0,1.0,4.0,4.604084629716422,3.7431982292015133
SKU-0032,2017-11-08,0,2,0.0,9.0,3.9642857142857144,5.004341426232935,4.275911177367841
SKU-0032,2017-11-09,0,2,0.0,5.0,3.892857142857143,4.015504326195496,3.260526866775222
SKU-0032,2017-11-10,1,2,0.0,2.0,3.7142857142857144,3.43065301434328,3.2987899043785704
SKU-0032,2017-11-11,12,2,1.0,0.0,4.071428571428571,3.0421783126270125,2.5422334928243218
SKU-0032,2017-11-12,0,2,12.0,1.0,3.892857142857143,3.0403117627331833,3.0123940077842213
SKU-0032,2017-11-13,0,2,0.0,10.0,3.857142857142857,4.129449923192041,3.885655754523131
SKU-0032,2017-11-14,6,2,0.0,0.0,3.7142857142857144,4.609294213200259,3.705840714351982
SKU-0032,2017-11-15,0,2,6.0,0.0,3.7857142857142856,5.0095510097167715,4.808483906031747
SKU-0032,2017-11-16,3,2,0.0,0.0,3.5,4.0207139096793325,3.48976275669639
SKU-0032,2017-11-17,0,2,3.0,1.0,3.607142857142857,3.435862597827116,3.170674379170609
SKU-0032,2017-11-18,3,2,0.0,12.0,3.5714285714285716,3.0473878961108487,2.7542769990738205
SKU-0032,2017-11-19,0,2,3.0,0.0,3.642857142857143,3.0455213462170194,2.8771075750346204
SKU-0032,2017-11-20,5,2,0.0,0.0,3.642857142857143,4.134659506675877,3.308773241059435
SKU-0032,2017-11-21,15,2,5.0,6.0,3.4642857142857144,4.614503796684095,3.7554492828454022
SKU-0032,2017-11-22,0,2,15.0,0.0,3.607142857142857,5.014760593200607,4.265969429561411
SKU-0032,2017-11-23,0,2,0.0,3.0,3.75,4.025923493163169,3.333830492939242
SKU-0032,2017-11-24,0,2,0.0,0.0,3.5714285714285716,3.441072181310952,3.3583562323536054
SKU-0032,2017-11-25,0,2,0.0,3.0,3.5357142857142856,3.052597479594685,2.27985360069607
SKU-0032,2017-11-26,0,2,0.0,0.0,3.642857142857143,3.0507309297008556,2.3681244701113435
SKU-0032,2017-11-27,10,2,0.0,5.0,3.642857142857143,4.1398690901597135,3.62436583119346
SKU-0032,2017-11-28,11,2,10.0,15.0,3.607142857142857,4.619713380167931,3.864906502763634
SKU-0032,2017-11-29,18,2,11.0,0.0,3.6785714285714284,5.019970176684443,4.873861451834678
SKU-0032,2017-11-30,0,2,18.0,0.0,3.5357142857142856,4.031133076647005,2.9776339570934285
SKU-0032,2017-12-01,7,2,0.0,0.0,3.2142857142857144,3.446281764794788,3.659889466431232
SKU-0032,2017-12-02,0,2,7.0,0.0,3.25,3.057807063078521,3.2490458080150653
SKU-0032,2017-12-03,8,2,0.0,0.0,3.25,3.0559405131846917,2.9374012121214044
SKU-0033,2017-11-06,4,2,0.0,26.0,15.0,12.154870227803462,13.582696504932152
SKU-0033,2017-11-07,3,2,4.0,10.0,14.714285714285714,11.707184867531934,11.737068898421178
SKU-0033,2017-11-08,20,2,3.0,17.0,14.464285714285714,9.85803147074319,10.684985177096978
SKU-0033,2017-11-09,1,2,20.0,51.0,13.821428571428571,11.551573250995819,8.734114761754471
SKU-0033,2017-11-10,9,2,1.0,2.0,14.107142857142858,9.163007805275363,8.823440989673722
SKU-0033,2017-11-11,0,2,9.0,5.0,14.321428571428571,10.278284557302392,10.146155465018099
SKU-0033,2017-11-12,1,2,0.0,0.0,13.821428571428571,9.495891802272252,10.659158200131976
SKU-0033,2017-11-13,4,2,1.0,4.0,13.821428571428571,12.154784846522485,17.902940607688898
SKU-0033,2017-11-14,0,2,4.0,3.0,13.857142857142858,11.707099486250959,15.137077309641818
SKU-0033,2017-11-15,9,2,0.0,20.0,13.214285714285714,9.857946089462214,14.306507173001519
SKU-0033,2017-11-16,16,2,9.0,1.0,13.0,11.551487869714842,12.040541381385221
SKU-0033,2017-11-17,4,2,16.0,9.0,13.107142857142858,9.162922423994386,12.329361425736709
SKU-0033,2017-11-18,20,2,4.0,0.0,12.928571428571429,10.278199176021417,9.28399263114458
SKU-0033,2017-11-19,0,2,20.0,1.0,12.928571428571429,9.495806420991276,10.493648989696764
SKU-0033,2017-11-20,1,2,0.0,4.0,13.071428571428571,12.154699465241508,19.86844702166253
SKU-0033,2017-11-21,28,2,1.0,0.0,12.785714285714286,11.707014104969982,13.425634760196083
SKU-0033,2017-11-22,4,2,28.0,9.0,12.964285714285714,9.857860708181239,9.410691391809449
SKU-0033,2017-11-23,18,2,4.0,16.0,12.964285714285714,11.551402488433865,13.149289371578318
SKU-0033,2017-11-24,12,2,18.0,4.0,12.892857142857142,9.16283704271341,9.385383400332207
SKU-0033,2017-11-25,2,2,12.0,20.0,12.535714285714286,10.27811379474044,5.7710262267448735
SKU-0033,2017-11-26,0,2,2.0,0.0,13.5,9.495721039710299,12.050036219757134
SKU-0033,2017-11-27,15,2,0.0,1.0,14.107142857142858,12.154614083960531,16.036601319899844
SKU-0033,2017-11-28,5,2,15.0,28.0,13.964285714285714,11.706928723689005,12.098350349761239
SKU-0033,2017-11-29,0,2,5.0,4.0,13.607142857142858,9.857775326900262,13.2984436068892
SKU-0033,2017-11-30,0,2,0.0,18.0,14.321428571428571,11.551317107152888,19.5890459591931
SKU-0033,2017-12-01,0,2,0.0,12.0,14.25,9.162751661432432,20.400303273201754
SKU-0033,2017-12-02,0,2,0.0,2.0,14.178571428571429,10.278028413459463,16.41328382489991
SKU-0033,2017-12-03,3,2,0.0,0.0,13.5,9.495635658429324,13.931100598192055
SKU-0038,2017-11-06,4,2,2.0,16.0,1.4642857142857142,21.85390975062212,21.302836311494445
SKU-0038,2017-11-07,11,2,4.0,30.0,1.4285714285714286,25.440896539767014,22.069471026106264
SKU-0038,2017-11-08,29,2,11.0,53.0,1.4285714285714286,26.421947947218754,18.022534463091638
SKU-0038,2017-11-09,20,2,29.0,30.0,1.3928571428571428,25.240149878653064,23.30097955417922
SKU-0038,2017-11-10,30,2,20.0,24.0,1.3928571428571428,21.207290475588362,18.380045134883183
SKU-0038,2017-11-11,27,2,30.0,38.0,1.4642857142857142,20.328313032826685,14.95825033497485
SKU-0038,2017-11-12,5,2,27.0,2.0,1.3571428571428572,20.51065979120233,16.239664780692284
SKU-0038,2017-11-13,31,2,5.0,4.0,1.4285714285714286,21.91108197041603,18.49251619679855
SKU-0038,2017-11-14,32,2,31.0,11.0,1.4285714285714286,25.498068759560926,18.57809553467379
SKU-0038,2017-11-15,22,2,32.0,29.0,1.3214285714285714,26.47912016701266,17.302358040868604
SKU-0038,2017-11-16,28,2,22.0,20.0,1.2857142857142858,25.297322098446976,17.054270356380545
SKU-0038,2017-11-17,20,2,28.0,30.0,1.6071428571428572,21.264462695382274,16.46075924895518
SKU-0038,2017-11-18,21,2,20.0,27.0,1.5714285714285714,20.385485252620597,13.782893390870854
SKU-0038,2017-11-19,34,2,21.0,5.0,1.7142857142857142,20.56783201099624,13.810667352808672
SKU-0038,2017-11-20,20,2,34.0,31.0,1.75,21.968254190209944,12.245111182255481
SKU-0038,2017-11-21,0,2,20.0,32.0,1.75,25.55524097935484,18.705528995059463
SKU-0038,2017-11-22,44,2,0.0,22.0,1.8928571428571428,26.536292386806572,24.90192406749244
SKU-0038,2017-11-23,24,2,44.0,28.0,2.107142857142857,25.35449431824089,20.186138435860038
SKU-0038,2017-11-24,26,2,24.0,20.0,2.142857142857143,21.321634915176187,16.470597975964438
SKU-0038,2017-11-25,8,2,26.0,21.0,2.142857142857143,20.44265747241451,16.711012900674962
SKU-0038,2017-11-26,5,2,8.0,34.0,2.0,20.625004230790154,17.356179975001115
SKU-0038,2017-11-27,26,2,5.0,20.0,2.1785714285714284,22.025426410003853,17.344782964800313
SKU-0038,2017-11-28,28,2,26.0,0.0,1.6428571428571428,25.61241319914875,17.1384834648924
SKU-0038,2017-11-29,14,2,28.0,44.0,1.6428571428571428,26.593464606600485,21.874060273808507
SKU-0038,2017-11-30,23,2,14.0,24.0,1.6428571428571428,25.4116665380348,20.110286995823504
SKU-0038,2017-12-01,39,2,23.0,26.0,1.7857142857142858,21.378807134970096,18.535386986457656
SKU-0038,2017-12-02,32,2,39.0,8.0,1.5357142857142858,20.499829692208422,21.157877674839433
SKU-0038,2017-12-03,26,2,32.0,5.0,1.5357142857142858,20.682176450584066,15.368753250122833
SKU-0045,2017-11-06,24,2,39.0,30.0,6.178571428571429,31.551474201611605,25.839963669880035
SKU-0045,2017-11-07,61,2,24.0,69.0,5.892857142857143,32.02440478304533,30.716581263292213
SKU-0045,2017-11-08,35,2,61.0,42.0,5.964285714285714,33.504151968202784,42.53201347094658
SKU-0045,2017-11-09,20,2,35.0,73.0,5.964285714285714,33.915562018036844,51.89689849072357
SKU-0045,2017-11-10,7,2,20.0,69.0,5.607142857142857,31.714216013967093,28.060312844000485
SKU-0045,2017-11-11,54,2,7.0,50.0,5.285714285714286,30.459200585381897,24.38642716810939
SKU-0045,2017-11-12,52,2,54.0,39.0,5.321428571428571,32.58670563302166,26.29830882178477
SKU-0045,2017-11-13,47,2,52.0,24.0,5.071428571428571,31.617283530929136,33.35703559639582
SKU-0045,2017-11-14,29,2,47.0,61.0,5.214285714285714,32.09021411236286,44.049420338758935
SKU-0045,2017-11-15,33,2,29.0,35.0,5.25,33.569961297520315,32.53386033371475
SKU-0045,2017-11-16,53,2,33.0,20.0,5.535714285714286,33.981371347354376,48.18581771515318
SKU-0045,2017-11-17,24,2,53.0,7.0,5.357142857142857,31.780025343284624,43.02896581802791
SKU-0045,2017-11-18,38,2,24.0,54.0,5.607142857142857,30.525009914699428,19.105612454685673
SKU-0045,2017-11-19,23,2,38.0,52.0,5.607142857142857,32.65251496233918,22.83911693829929
SKU-0045,2017-11-20,43,2,23.0,47.0,5.428571428571429,31.683092860246663,24.87547924154026
SKU-0045,2017-11-21,21,2,43.0,29.0,5.857142857142857,32.15602344168039,22.24413171738527
SKU-0045,2017-11-22,27,2,21.0,33.0,5.178571428571429,33.63577062683785,28.43518576328857
SKU-0045,2017-11-23,5,2,27.0,53.0,5.214285714285714,34.04718067667191,38.33894618000428
SKU-0045,2017-11-24,45,2,5.0,24.0,4.642857142857143,31.84583467260215,27.893194326650043
SKU-0045,2017-11-25,27,2,45.0,38.0,4.75,30.590819244016956,26.939214974461187
SKU-0045,2017-11-26,18,2,27.0,23.0,4.75,32.718324291656714,35.719109812369275
SKU-0045,2017-11-27,18,2,18.0,43.0,4.464285714285714,31.748902189564195,23.13776481379196
SKU-0045,2017-11-28,39,2,18.0,21.0,4.642857142857143,32.22183277099792,29.357742842862795
SKU-0045,2017-11-29,40,2,39.0,27.0,4.964285714285714,33.70157995615538,35.66375534865054
SKU-0045,2017-11-30,28,2,40.0,5.0,5.0,34.11299000598944,38.9595003033435
SKU-0045,2017-12-01,103,2,28.0,45.0,4.928571428571429,31.911644001919683,38.05914730574351
SKU-0045,2017-12-02,15,2,103.0,27.0,5.357142857142857,30.656628573334487,44.70013007543307
SKU-0045,2017-12-03,26,2,15.0,18.0,5.571428571428571,32.784133620974245,34.126242802912444
SKU-0047,2017-11-06,3,2,6.0,4.0,5.392857142857143,8.166108334100807,10.39487602496283
SKU-0047,2017-11-07,17,2,3.0,8.0,5.5,9.854727987790675,8.811493996820781
SKU-0047,2017-11-08,14,2,17.0,0.0,5.785714285714286,10.139442984558737,9.87047652255361
SKU-0047,2017-11-09,17,2,14.0,0.0,5.75,7.910502112975352,8.281241893434174
SKU-0047,2017-11-10,3,2,17.0,14.0,6.071428571428571,7.458132534018011,6.169305230800072
SKU-0047,2017-11-11,15,2,3.0,16.0,6.392857142857143,5.866513022582108,4.5346964075399425
SKU-0047,2017-11-12,4,2,15.0,6.0,6.571428571428571,5.291667184432173,5.743467992566995
SKU-0047,2017-11-13,4,2,4.0,3.0,6.821428571428571,8.172410592381993,7.818666982665201
SKU-0047,2017-11-14,15,2,4.0,17.0,7.107142857142857,9.861030246071861,11.171694489518757
SKU-0047,2017-11-15,8,2,15.0,14.0,7.0,10.145745242839926,8.69195624274214
SKU-0047,2017-11-16,3,2,8.0,17.0,7.107142857142857,7.916804371256539,7.153694113464724
SKU-0047,2017-11-17,0,2,3.0,3.0,8.035714285714286,7.4644347922991985,6.546488813812181
SKU-0047,2017-11-18,7,2,0.0,15.0,8.107142857142858,5.8728152808632945,5.755572343798691
SKU-0047,2017-11-19,13,2,7.0,4.0,8.142857142857142,5.29796944271336,5.9535102722532605
SKU-0047,2017-11-20,10,2,13.0,4.0,7.892857142857143,8.17871285066318,8.120860076895129
SKU-0047,2017-11-21,0,2,10.0,15.0,7.892857142857143,9.867332504353048,8.992497007110437
SKU-0047,2017-11-22,14,2,0.0,8.0,8.0,10.152047501121114,9.262247790339893
SKU-0047,2017-11-23,39,2,14.0,3.0,7.821428571428571,7.923106629537727,7.732844001816836
SKU-0047,2017-11-24,7,2,39.0,0.0,8.464285714285714,7.470737050580386,4.327198631563117
SKU-0047,2017-11-25,13,2,7.0,7.0,9.535714285714286,5.879117539144483,5.469530142117065
SKU-0047,2017-11-26,0,2,13.0,13.0,9.571428571428571,5.304271700994548,5.812250742232357
SKU-0047,2017-11-27,9,2,0.0,10.0,9.392857142857142,8.185015108944368,8.368960183282086
SKU-0047,2017-11-28,2,2,9.0,0.0,8.607142857142858,9.873634762634236,8.373591904470663
SKU-0047,2017-11-29,8,2,2.0,14.0,8.035714285714286,10.1583497594023,10.270484945739156
SKU-0047,2017-11-30,15,2,8.0,39.0,8.321428571428571,7.929408887818913,7.991171887209475
SKU-0047,2017-12-01,8,2,15.0,7.0,8.428571428571429,7.477039308861573,7.660640387229608
SKU-0047,2017-12-02,18,2,8.0,13.0,8.428571428571429,5.885419797425669,6.289329427318859
SKU-0047,2017-12-03,4,2,18.0,0.0,9.071428571428571,5.310573959275734,5.5129282825806225
SKU-0052,2017-11-06,23,2,0.0,48.0,3.6785714285714284,14.860410440930929,18.317657648490076
SKU-0052,2017-11-07,8,2,23.0,0.0,3.3214285714285716,16.440517323460035,14.068079719635845
SKU-0052,2017-11-08,27,2,8.0,46.0,3.2857142857142856,18.021571689168184,12.323162971529891
SKU-0052,2017-11-09,0,2,27.0,33.0,3.75,16.368517856688104,13.238738255650972
SKU-0052,2017-11-10,0,2,0.0,0.0,3.4285714285714284,11.865083724466594,5.787176278418208
SKU-0052,2017-11-11,0,2,0.0,5.0,3.2857142857142856,9.469828194518858,8.302518422398364
SKU-0052,2017-11-12,0,2,0.0,0.0,3.25,12.752281623886356,9.626466934382364
SKU-0052,2017-11-13,0,2,0.0,23.0,3.25,14.891725410661065,10.254667565090847
SKU-0052,2017-11-14,56,2,0.0,8.0,3.2142857142857144,16.47183229319017,20.322090144899725
SKU-0052,2017-11-15,0,2,56.0,27.0,3.2857142857142856,18.052886658898323,12.975336406400967
SKU-0052,2017-11-16,0,2,0.0,0.0,3.2142857142857144,16.39983282641824,22.42432276416009
SKU-0052,2017-11-17,0,2,0.0,0.0,3.4285714285714284,11.89639869419673,13.128813564133623
SKU-0052,2017-11-18,0,2,0.0,0.0,3.5714285714285716,9.501143164248994,6.809834899679156
SKU-0052,2017-11-19,5,2,0.0,0.0,3.357142857142857,12.783596593616494,14.016578656402368
SKU-0052,2017-11-20,43,2,5.0,0.0,3.107142857142857,14.923040380391203,12.700172140806478
SKU-0052,2017-11-21,8,2,43.0,56.0,2.857142857142857,16.503147262920308,6.868027440467394
SKU-0052,2017-11-22,4,2,8.0,0.0,2.7857142857142856,18.08420162862846,13.017767244185805
SKU-0052,2017-11-23,1,2,4.0,0.0,2.9285714285714284,16.431147796148377,14.47294870928275
SKU-0052,2017-11-24,0,2,1.0,0.0,3.0357142857142856,11.927713663926868,10.197433507565728
SKU-0052,2017-11-25,53,2,0.0,0.0,2.9285714285714284,9.532458133979134,7.849996644617939
SKU-0052,2017-11-26,5,2,53.0,5.0,2.857142857142857,12.81491156334663,10.34627813141867
SKU-0052,2017-11-27,0,2,5.0,43.0,3.0,14.95435535012134,11.585418858717338
SKU-0052,2017-11-28,0,2,0.0,8.0,3.0,16.534462232650448,10.292768181557266
SKU-0052,2017-11-29,25,2,0.0,4.0,3.0,18.115516598358596,22.522644518847393
SKU-0052,2017-11-30,0,2,25.0,1.0,2.892857142857143,16.462462765878513,9.014078517348311
SKU-0052,2017-12-01,18,2,0.0,0.0,2.6785714285714284,11.959028633657004,10.271894639613526
SKU-0052,2017-12-02,0,2,18.0,53.0,2.5357142857142856,9.56377310370927,6.029715704210098
SKU-0052,2017-12-03,0,2,0.0,5.0,2.7857142857142856,12.846226533076768,4.3480700521313445
SKU-0053,2017-11-06,0,2,5.0,0.0,36.892857142857146,2.4267518400416006,3.261556853700202
SKU-0053,2017-11-07,2,2,0.0,0.0,36.42857142857143,2.8235030384379685,3.206872734582921
SKU-0053,2017-11-08,0,2,2.0,9.0,38.035714285714285,3.568610137371076,3.1925659629417704
SKU-0053,2017-11-09,0,2,0.0,0.0,39.392857142857146,2.8445777489320108,3.2338031067471618
SKU-0053,2017-11-10,0,2,0.0,0.0,42.32142857142857,1.4571939561361509,1.8832260474604732
SKU-0053,2017-11-11,4,2,0.0,2.0,44.57142857142857,1.245144254419689,1.223719062092469
SKU-0053,2017-11-12,0,2,4.0,5.0,44.464285714285715,1.421403796602963,1.5000724804688113
SKU-0053,2017-11-13,0,2,0.0,0.0,45.17857142857143,2.425575114924586,2.4065190227886397
SKU-0053,2017-11-14,0,2,0.0,2.0,46.75,2.8223263133209544,2.527355965026204
SKU-0053,2017-11-15,0,2,0.0,0.0,50.142857142857146,3.5674334122540614,3.147162754630473
SKU-0053,2017-11-16,0,2,0.0,0.0,51.392857142857146,2.8434010238149967,2.5761218879678824
SKU-0053,2017-11-17,0,2,0.0,0.0,51.392857142857146,1.4560172310191364,1.9676713664124623
SKU-0053,2017-11-18,0,2,0.0,4.0,50.964285714285715,1.2439675293026748,1.0337827093906462
SKU-0053,2017-11-19,3,2,0.0,0.0,51.17857142857143,1.4202270714859488,1.6025634284449353
SKU-0053,2017-11-20,0,2,3.0,0.0,52.714285714285715,2.424398389807572,2.0741265093692824
SKU-0053,2017-11-21,0,2,0.0,0.0,52.535714285714285,2.8211495882039404,2.4540133259875607
SKU-0053,2017-11-22,0,2,0.0,0.0,54.035714285714285,3.566256687137047,3.132663206950862
SKU-0053,2017-11-23,0,2,0.0,0.0,54.07142857142857,2.8422242986979827,2.740967609195319
SKU-0053,2017-11-24,0,2,0.0,0.0,52.392857142857146,1.4548405059021223,1.993682961131268
SKU-0053,2017-11-25,0,2,0.0,0.0,52.92857142857143,1.2427908041856608,1.2187195437766012
SKU-0053,2017-11-26,0,2,0.0,3.0,50.785714285714285,1.4190503463689343,1.7187376028267274
SKU-0053,2017-11-27,0,2,0.0,0.0,50.892857142857146,2.423221664690558,2.458148572213787
SKU-0053,2017-11-28,5,2,0.0,0.0,51.035714285714285,2.819972863086926,3.1186406215566054
SKU-0053,2017-11-29,3,2,5.0,0.0,49.82142857142857,3.5650799620200333,3.378668788717369
SKU-0053,2017-11-30,0,2,3.0,0.0,49.714285714285715,2.841047573580968,3.463805082701546
SKU-0053,2017-12-01,0,2,0.0,0.0,51.17857142857143,1.4536637807851083,3.3447383558325945
SKU-0053,2017-12-02,3,2,0.0,0.0,52.357142857142854,1.2416140790686463,2.6323599311094545
SKU-0053,2017-12-03,0,2,3.0,0.0,53.75,1.4178736212519203,1.8108200863186732
SKU-0054,2017-11-06,0,2,6.0,12.0,89.25,7.113980210148924,6.525774582884479
SKU-0054,2017-11-07,7,2,0.0,5.0,85.35714285714286,7.772219107615234,5.955942462556799
SKU-0054,2017-11-08,3,2,7.0,28.0,88.28571428571429,9.001329502179658,8.356205739964748
SKU-0054,2017-11-09,22,2,3.0,9.0,96.46428571428571,7.626637303800671,5.688343890548054
SKU-0054,2017-11-10,0,2,22.0,8.0,93.85714285714286,7.31158643479557,3.5358537134542503
SKU-0054,2017-11-11,11,2,0.0,6.0,102.35714285714286,5.481222029836132,3.4126919535044076
SKU-0054,2017-11-12,4,2,11.0,6.0,102.0,6.253923878130698,4.882830388533239
SKU-0054,2017-11-13,0,2,4.0,0.0,101.14285714285714,7.133918901504154,5.8083557059021285
SKU-0054,2017-11-14,0,2,0.0,7.0,104.25,7.7921577989704645,6.5467001383864725
SKU-0054,2017-11-15,26,2,0.0,3.0,98.35714285714286,9.021268193534889,7.128019244555068
SKU-0054,2017-11-16,11,2,26.0,22.0,97.39285714285714,7.646575995155902,7.116340403651436
SKU-0054,2017-11-17,0,2,11.0,0.0,97.64285714285714,7.331525126150801,5.745993108544561
SKU-0054,2017-11-18,0,2,0.0,11.0,97.5,5.501160721191362,4.507925497780836
SKU-0054,2017-11-19,8,2,0.0,4.0,94.60714285714286,6.273862569485929,4.69993840356876
SKU-0054,2017-11-20,3,2,8.0,0.0,101.10714285714286,7.153857592859385,5.747180696742702
SKU-0054,2017-11-21,3,2,3.0,0.0,92.07142857142857,7.812096490325694,5.8747386905182415
SKU-0054,2017-11-22,13,2,3.0,26.0,103.39285714285714,9.04120688489012,6.116745989333675
SKU-0054,2017-11-23,11,2,13.0,11.0,106.5,7.666514686511133,5.468478086456129
SKU-0054,2017-11-24,9,2,11.0,0.0,104.10714285714286,7.351463817506032,4.953107715857471
SKU-0054,2017-11-25,5,2,9.0,0.0,104.35714285714286,5.521099412546593,3.7813781524858503
SKU-0054,2017-11-26,4,2,5.0,8.0,103.28571428571429,6.2938012608411595,4.411835206007088
SKU-0054,2017-11-27,0,2,4.0,3.0,94.35714285714286,7.173796284214615,5.610613765293181
SKU-0054,2017-11-28,0,2,0.0,3.0,95.28571428571429,7.832035181680925,5.69966811250398
SKU-0054,2017-11-29,6,2,0.0,13.0,91.64285714285714,9.06114557624535,8.150125088011773
SKU-0054,2017-11-30,0,2,6.0,11.0,72.5,7.686453377866363,6.095328413730056
SKU-0054,2017-12-01,7,2,0.0,9.0,73.75,7.371402508861262,5.770647590602141
SKU-0054,2017-12-02,7,2,7.0,5.0,73.60714285714286,5.5410381039018235,4.159294378079459
SKU-0054,2017-12-03,24,2,7.0,4.0,77.32142857142857,6.313739952196389,4.835121349920877
SKU-0055,2017-11-06,0,2,3.0,5.0,2.0357142857142856,1.6187408184160534,1.471289509198705
SKU-0055,2017-11-07,4,2,0.0,0.0,2.0714285714285716,2.0562590654034563,1.7258771910161068
SKU-0055,2017-11-08,0,2,4.0,4.0,2.357142857142857,1.9396578844058754,1.519779657730102
SKU-0055,2017-11-09,0,2,0.0,2.0,2.0357142857142856,1.4198698711745723,1.0580178338035255
SKU-0055,2017-11-10,4,2,0.0,0.0,2.2142857142857144,1.3030158241373726,1.429352999215652
SKU-0055,2017-11-11,0,2,4.0,0.0,2.5,0.6887239568608502,0.5315882734729042
SKU-0055,2017-11-12,4,2,0.0,3.0,2.642857142857143,1.2677124713153023,0.8391151046526439
SKU-0055,2017-11-13,0,2,4.0,0.0,2.642857142857143,1.6153703030415183,1.4090581831969837
SKU-0055,2017-11-14,0,2,0.0,4.0,2.392857142857143,2.052888550028921,1.1395828891234736
SKU-0055,2017-11-15,0,2,0.0,0.0,2.357142857142857,1.9362873690313402,2.1945735283434176
SKU-0055,2017-11-16,0,2,0.0,0.0,2.392857142857143,1.416499355800037,1.035125585004356
SKU-0055,2017-11-17,8,2,0.0,4.0,2.357142857142857,1.2996453087628375,1.654066922679043
SKU-0055,2017-11-18,0,2,8.0,0.0,2.1785714285714284,0.6853534414863148,0.6397608666765787
SKU-0055,2017-11-19,0,2,0.0,4.0,2.357142857142857,1.2643419559407671,1.3248379801147034
SKU-0055,2017-11-20,0,2,0.0,0.0,2.357142857142857,1.6119997876669832,2.040688214153946
SKU-0055,2017-11-21,0,2,0.0,0.0,2.2857142857142856,2.049518034654386,1.6767312006875648
SKU-0055,2017-11-22,0,2,0.0,0.0,2.0357142857142856,1.9329168536568049,1.6121800765432421
SKU-0055,2017-11-23,0,2,0.0,0.0,2.3214285714285716,1.413128840425502,0.6694033262887086
SKU-0055,2017-11-24,0,2,0.0,8.0,2.642857142857143,1.2962747933883023,1.2940591036792917
SKU-0055,2017-11-25,0,2,0.0,0.0,2.5714285714285716,0.6819829261117797,0.10519147028795019
SKU-0055,2017-11-26,0,2,0.0,0.0,2.5714285714285716,1.2609714405662318,0.7331554680822091
SKU-0055,2017-11-27,4,2,0.0,0.0,2.9642857142857144,1.608629272292448,1.6460119690430963
SKU-0055,2017-11-28,0,2,4.0,0.0,2.9285714285714284,2.0461475192798506,2.164239384063117
SKU-0055,2017-11-29,0,2,0.0,0.0,2.9285714285714284,1.9295463382822697,2.1761691656081985
SKU-0055,2017-11-30,0,2,0.0,0.0,3.0357142857142856,1.4097583250509667,2.1610228981485466
SKU-0055,2017-12-01,0,2,0.0,0.0,3.7142857142857144,1.2929042780137672,2.0165287131074425
SKU-0055,2017-12-02,0,2,0.0,0.0,3.7142857142857144,0.6786124107372445,1.9046910296611115
SKU-0055,2017-12-03,0,2,0.0,0.0,3.9285714285714284,1.2576009251916966,2.655439218631477
SKU-0056,2017-11-06,0,2,2.0,0.0,5.392857142857143,1.0216965451256383,1.5062861929072626
SKU-0056,2017-11-07,0,2,0.0,0.0,5.678571428571429,1.7712846277485998,1.9084697069816985
SKU-0056,2017-11-08,0,2,0.0,0.0,5.964285714285714,2.218438237884042,2.175135406971353
SKU-0056,2017-11-09,0,2,0.0,11.0,5.642857142857143,1.5275486390873927,1.7046179878785739
SKU-0056,2017-11-10,0,2,0.0,0.0,5.535714285714286,1.0446822450810196,1.9095396113704863
SKU-0056,2017-11-11,0,2,0.0,0.0,5.607142857142857,0.5873557528324975,0.7396859070022235
SKU-0056,2017-11-12,0,2,0.0,2.0,5.357142857142857,0.7886092025106074,1.1345910777862993
SKU-0056,2017-11-13,0,2,0.0,0.0,5.107142857142857,1.017183313960672,1.307381560120023
SKU-0056,2017-11-14,5,2,0.0,0.0,5.25,1.7667713965836334,1.59707186648687
SKU-0056,2017-11-15,0,2,5.0,0.0,5.214285714285714,2.213925006719076,2.4952364509635547
SKU-0056,2017-11-16,0,2,0.0,0.0,5.392857142857143,1.5230354079224264,2.8511085214654255
SKU-0056,2017-11-17,5,2,0.0,0.0,5.142857142857143,1.040169013916053,1.4932414488183083
SKU-0056,2017-11-18,0,2,5.0,0.0,5.392857142857143,0.5828425216675313,1.1980806582401804
SKU-0056,2017-11-19,0,2,0.0,0.0,5.428571428571429,0.7840959713456409,1.5041365143806893
SKU-0056,2017-11-20,0,2,0.0,0.0,5.392857142857143,1.0126700827957058,1.7471006430924105
SKU-0056,2017-11-21,0,2,0.0,5.0,5.5,1.762258165418667,2.0740258722684124
SKU-0056,2017-11-22,0,2,0.0,0.0,5.464285714285714,2.2094117755541096,2.1088581232641412
SKU-0056,2017-11-23,0,2,0.0,0.0,5.714285714285714,1.5185221767574602,1.7045025063679855
SKU-0056,2017-11-24,0,2,0.0,5.0,5.607142857142857,1.0356557827510868,1.053779695553248
SKU-0056,2017-11-25,0,2,0.0,0.0,5.678571428571429,0.5783292905025648,0.9215439272020974
SKU-0056,2017-11-26,1,2,0.0,0.0,5.821428571428571,0.7795827401806746,1.1384454082395044
SKU-0056,2017-11-27,0,2,1.0,0.0,5.857142857142857,1.0081568516307393,1.4019034660479126
SKU-0056,2017-11-28,4,2,0.0,0.0,5.535714285714286,1.7577449342537008,1.8258649997417165
SKU-0056,2017-11-29,0,2,4.0,0.0,5.25,2.2048985443891436,2.047970848553942
SKU-0056,2017-11-30,0,2,0.0,0.0,5.178571428571429,1.5140089455924937,3.057857903028428
SKU-0056,2017-12-01,0,2,0.0,0.0,5.535714285714286,1.0311425515861206,1.579408409232825
SKU-0056,2017-12-02,0,2,0.0,0.0,5.142857142857143,0.5738160593375985,1.0897451280486978
SKU-0056,2017-12-03,0,2,0.0,1.0,5.428571428571429,0.7750695090157081,2.1772958836332275
SKU-0057,2017-11-06,4,2,0.0,0.0,8.678571428571429,0.8100171137897005,1.069861669008058
SKU-0057,2017-11-07,0,2,4.0,0.0,9.178571428571429,1.0057696459005618,1.092093146432712
SKU-0057,2017-11-08,0,2,0.0,2.0,8.964285714285714,0.9307954753716335,1.255734935472663
SKU-0057,2017-11-09,0,2,0.0,0.0,8.607142857142858,1.0045547844003804,0.9170600279892385
SKU-0057,2017-11-10,0,2,0.0,5.0,7.821428571428571,0.7158566571205034,0.7811773309431017
SKU-0057,2017-11-11,0,2,0.0,0.0,7.535714285714286,0.45388508779297654,0.41085902093170407
SKU-0057,2017-11-12,0,2,0.0,0.0,7.642857142857143,0.9041703295556223,0.7797773191190659
SKU-0057,2017-11-13,0,2,0.0,4.0,7.571428571428571,0.8091838156247463,0.7700650378844407
SKU-0057,2017-11-14,0,2,0.0,0.0,7.678571428571429,1.0049363477356075,1.0132310446022308
SKU-0057,2017-11-15,0,2,0.0,0.0,7.821428571428571,0.9299621772066793,1.0680105791582089
SKU-0057,2017-11-16,8,2,0.0,0.0,8.392857142857142,1.003721486235426,1.5172462811049
SKU-0057,2017-11-17,0,2,8.0,0.0,8.464285714285714,0.7150233589555492,0.8783714414734369
SKU-0057,2017-11-18,0,2,0.0,0.0,8.428571428571429,0.4530517896280223,0.3313661292318614
SKU-0057,2017-11-19,0,2,0.0,0.0,8.464285714285714,0.9033370313906679,0.6889986514846926
SKU-0057,2017-11-20,1,2,0.0,0.0,8.714285714285714,0.808350517459792,1.3273173955935877
SKU-0057,2017-11-21,4,2,1.0,0.0,9.357142857142858,1.004103049570653,0.8950868469405395
SKU-0057,2017-11-22,0,2,4.0,0.0,9.714285714285714,0.9291288790417249,0.7842174160637403
SKU-0057,2017-11-23,0,2,0.0,8.0,10.107142857142858,1.0028881880704719,1.5165258861677753
SKU-0057,2017-11-24,0,2,0.0,0.0,10.571428571428571,0.7141900607905949,0.6086607985036364
SKU-0057,2017-11-25,0,2,0.0,0.0,10.142857142857142,0.45221849146306803,0.14980852936340436
SKU-0057,2017-11-26,0,2,0.0,0.0,10.071428571428571,0.9025037332257136,0.6347345750519624
SKU-0057,2017-11-27,0,2,0.0,1.0,10.214285714285714,0.8075172192948377,0.6897846551954273
SKU-0057,2017-11-28,0,2,0.0,4.0,9.5,1.003269751405699,0.9887742865486753
SKU-0057,2017-11-29,2,2,0.0,0.0,9.571428571428571,0.9282955808767707,1.1385882691498792
SKU-0057,2017-11-30,0,2,2.0,0.0,9.642857142857142,1.0020548899055175,1.405695251948141
SKU-0057,2017-12-01,0,2,0.0,0.0,9.678571428571429,0.7133567626256405,0.7997685137725066
SKU-0057,2017-12-02,9,2,0.0,0.0,10.5,0.45138519329811366,0.7252054276995402
SKU-0057,2017-12-03,0,2,9.0,0.0,10.321428571428571,0.9016704350607594,0.44140599745962966
SKU-0059,2017-11-06,8,2,6.0,29.0,3.392857142857143,15.851718442583577,14.446190797718197
SKU-0059,2017-11-07,28,2,8.0,0.0,3.4642857142857144,19.432990762967115,16.37161547206465
SKU-0059,2017-11-08,15,2,28.0,8.0,3.4285714285714284,20.87772740349522,19.859287478726266
SKU-0059,2017-11-09,25,2,15.0,25.0,3.142857142857143,17.955317618301002,16.779140036849984
SKU-0059,2017-11-10,31,2,25.0,3.0,3.0714285714285716,14.177620453980651,9.58968395441008
SKU-0059,2017-11-11,1,2,31.0,4.0,3.0714285714285716,11.123744330790949,6.800600703798566
SKU-0059,2017-11-12,3,2,1.0,6.0,2.9285714285714284,12.151373621006158,8.579964364313648
SKU-0059,2017-11-13,28,2,3.0,8.0,2.9642857142857144,15.867954849445047,17.358731722322993
SKU-0059,2017-11-14,10,2,28.0,28.0,3.4642857142857144,19.449227169828582,21.764906483220482
SKU-0059,2017-11-15,3,2,10.0,15.0,3.4285714285714284,20.893963810356688,16.21476124408939
SKU-0059,2017-11-16,7,2,3.0,25.0,3.2857142857142856,17.97155402516247,12.90416646534784
SKU-0059,2017-11-17,14,2,7.0,31.0,2.892857142857143,14.193856860842121,10.67962816688938
SKU-0059,2017-11-18,20,2,14.0,1.0,2.7857142857142856,11.139980737652419,6.892405430887741
SKU-0059,2017-11-19,4,2,20.0,3.0,2.6785714285714284,12.167610027867628,9.80721770958414
SKU-0059,2017-11-20,7,2,4.0,28.0,2.75,15.884191256306517,14.383680676691565
SKU-0059,2017-11-21,21,2,7.0,10.0,2.7142857142857144,19.465463576690055,20.794329853534183
SKU-0059,2017-11-22,21,2,21.0,3.0,2.5714285714285716,20.910200217218158,17.377851264567784
SKU-0059,2017-11-23,22,2,21.0,7.0,2.5357142857142856,17.987790432023942,13.227104306437884
SKU-0059,2017-11-24,17,2,22.0,14.0,2.642857142857143,14.210093267703591,7.834096911049769
SKU-0059,2017-11-25,2,2,17.0,20.0,2.9642857142857144,11.156217144513889,8.056788829102592
SKU-0059,2017-11-26,7,2,2.0,4.0,2.7857142857142856,12.183846434729098,8.600202216254681
SKU-0059,2017-11-27,17,2,7.0,7.0,2.892857142857143,15.900427663167987,17.758529258737056
SKU-0059,2017-11-28,19,2,17.0,21.0,3.0714285714285716,19.481699983551522,18.66811998872923
SKU-0059,2017-11-29,17,2,19.0,21.0,3.0,20.926436624079628,15.103594632348736
SKU-0059,2017-11-30,22,2,17.0,22.0,2.7142857142857144,18.00402683888541,17.75353222496995
SKU-0059,2017-12-01,15,2,22.0,17.0,2.7142857142857144,14.226329674565061,14.770877911364725
SKU-0059,2017-12-02,10,2,15.0,2.0,2.9642857142857144,11.172453551375359,10.2797947230534
SKU-0059,2017-12-03,10,2,10.0,7.0,3.3214285714285716,12.200082841590568,10.739029679732024
SKU-0060,2017-11-06,1,2,8.0,2.0,0.0,4.508753357773417,1.4393424722258736
SKU-0060,2017-11-07,3,2,1.0,2.0,0.0,4.981230300261257,1.6043747558093084
SKU-0060,2017-11-08,4,2,3.0,0.0,0.0,4.529007647491638,2.1217700688733396
SKU-0060,2017-11-09,2,2,4.0,2.0,0.0,4.185650843451509,0.4163427169965983
SKU-0060,2017-11-10,0,2,2.0,0.0,0.0,3.455494557996721,1.5590842189295189
SKU-0060,2017-11-11,0,2,0.0,4.0,0.0,3.3473971327373597,2.9378315041434435
SKU-0060,2017-11-12,4,2,0.0,8.0,0.0,3.2932550978457082,0.13227586445673897
SKU-0060,2017-11-13,5,2,4.0,1.0,0.0,4.512491567573142,0.5733332577154179
SKU-0060,2017-11-14,6,2,5.0,3.0,0.0,4.984968510060981,0.854553471388753
SKU-0060,2017-11-15,1,2,6.0,4.0,0.0,4.5327458572913635,4.396847106836999
SKU-0060,2017-11-16,0,2,1.0,2.0,0.0,4.189389053251234,0.23047586381796978
SKU-0060,2017-11-17,5,2,0.0,0.0,0.0,3.4592327677964465,2.488641929901782
SKU-0060,2017-11-18,0,2,5.0,0.0,0.0,3.351135342537085,0.5364218131677548
SKU-0060,2017-11-19,5,2,0.0,4.0,0.0,3.2969933076454327,1.1756029443115037
SKU-0060,2017-11-20,0,2,5.0,5.0,0.0,4.5162297773728675,1.631782834901776
SKU-0060,2017-11-21,4,2,0.0,6.0,0.0,4.988706719860707,0.9075555854524319
SKU-0060,2017-11-22,15,2,4.0,1.0,0.0,4.536484067091089,2.3691508422752703
SKU-0060,2017-11-23,2,2,15.0,0.0,0.0,4.193127263050959,1.1696599916830535
SKU-0060,2017-11-24,2,2,2.0,5.0,0.0,3.462970977596171,1.7402903080732348
SKU-0060,2017-11-25,0,2,2.0,0.0,0.0,3.3548735523368105,1.9769361212546945
SKU-0060,2017-11-26,5,2,0.0,5.0,0.0,3.300731517445158,0.0
SKU-0060,2017-11-27,14,2,5.0,0.0,0.0,4.519967987172593,0.7512530681049244
SKU-0060,2017-11-28,0,2,14.0,4.0,0.0,4.992444929660432,0.6714140823450802
SKU-0060,2017-11-29,5,2,0.0,15.0,0.0,4.540222276890813,0.47081415366959856
SKU-0060,2017-11-30,16,2,5.0,2.0,0.0,4.196865472850685,1.065426863059883
SKU-0060,2017-12-01,8,2,16.0,2.0,0.0,3.4667091873958964,1.7238026259242052
SKU-0060,2017-12-02,0,2,8.0,0.0,0.0,3.358611762136535,1.2137736743990368
SKU-0060,2017-12-03,0,2,0.0,5.0,0.0,3.3044697272448835,1.7643730161111921
SKU-0061,2017-11-06,5,2,0.0,4.0,0.0,2.4322475598889812,1.157676020854781
SKU-0061,2017-11-07,1,2,5.0,2.0,0.0,3.10883169739171,1.0720424160719697
SKU-0061,2017-11-08,0,2,1.0,0.0,0.0,3.6883823555892024,2.5248476369903523
SKU-0061,2017-11-09,0,2,0.0,6.0,0.0,2.901814916687205,0.8607724205904722
SKU-0061,2017-11-10,0,2,0.0,1.0,0.0,2.151025349406451,1.6638204105155743
SKU-0061,2017-11-11,5,2,0.0,0.0,0.0,2.3524885540612117,0.06093439428191715
SKU-0061,2017-11-12,5,2,5.0,0.0,0.0,2.4461846485464096,0.6976801766308168
SKU-0061,2017-11-13,5,2,5.0,5.0,0.0,2.4358708309056345,1.2015994248881423
SKU-0061,2017-11-14,0,2,5.0,1.0,0.0,3.112454968408363,1.027829035294833
SKU-0061,2017-11-15,5,2,0.0,0.0,0.0,3.692005626605855,3.4344467368620606
SKU-0061,2017-11-16,1,2,5.0,0.0,0.0,2.9054381877038584,0.7624007761715296
SKU-0061,2017-11-17,0,2,1.0,0.0,0.0,2.154648620423104,1.0034321016035883
SKU-0061,2017-11-18,0,2,0.0,5.0,0.0,2.3561118250778645,1.9790878865373478
SKU-0061,2017-11-19,0,2,0.0,5.0,0.0,2.449807919563063,2.0638112605255126
SKU-0061,2017-11-20,0,2,0.0,5.0,0.0,2.4394941019222873,1.6863515776733522
SKU-0061,2017-11-21,9,2,0.0,0.0,0.0,3.1160782394250157,0.9811360517739665
SKU-0061,2017-11-22,5,2,9.0,5.0,0.0,3.695628897622508,4.589189913944785
SKU-0061,2017-11-23,0,2,5.0,1.0,0.0,2.9090614587205113,2.5034386434973643
SKU-0061,2017-11-24,4,2,0.0,0.0,0.0,2.158271891439757,2.000109117412354
SKU-0061,2017-11-25,0,2,4.0,0.0,0.0,2.359735096094518,0.44249368445337933
SKU-0061,2017-11-26,0,2,0.0,0.0,0.0,2.4534311905797157,0.03233364899626622
SKU-0061,2017-11-27,0,2,0.0,0.0,0.0,2.4431173729389406,0.6088868984549594
SKU-0061,2017-11-28,10,2,0.0,9.0,0.0,3.1197015104416685,1.7084293272478985
SKU-0061,2017-11-29,0,2,10.0,5.0,0.0,3.699252168639161,0.5761240630589572
SKU-0061,2017-11-30,3,2,0.0,0.0,0.0,2.9126847297371645,0.0
SKU-0061,2017-12-01,7,2,3.0,4.0,0.0,2.16189516245641,2.188938303636435
SKU-0061,2017-12-02,0,2,7.0,0.0,0.0,2.3633583671111706,1.404979642761988
SKU-0061,2017-12-03,0,2,0.0,0.0,0.0,2.457054461596369,1.4430416934779717
SKU-0062,2017-11-06,3,2,9.0,3.0,0.0,3.011354447870795,1.4393424722258736
SKU-0062,2017-11-07,7,2,3.0,5.0,0.0,4.531937675590628,0.7640358438766826
SKU-0062,2017-11-08,5,2,7.0,0.0,0.0,4.322332680435963,2.2986542384272344
SKU-0062,2017-11-09,3,2,5.0,0.0,0.0,4.1013803877100194,1.7301558436581095
SKU-0062,2017-11-10,0,2,3.0,3.0,0.0,3.309330529351571,1.430831569765899
SKU-0062,2017-11-11,1,2,0.0,0.0,0.0,2.6783714749295093,0.7935386856521655
SKU-0062,2017-11-12,4,2,1.0,9.0,0.0,2.128132156900273,0.41570074289332437
SKU-0062,2017-11-13,3,2,4.0,3.0,0.0,3.0073363095664165,0.5774797754550117
SKU-0062,2017-11-14,3,2,3.0,7.0,0.0,4.527919537286249,1.0252478073230882
SKU-0062,2017-11-15,5,2,3.0,5.0,0.0,4.318314542131584,4.265970806618149
SKU-0062,2017-11-16,5,2,5.0,3.0,0.0,4.097362249405641,2.197020255091518
SKU-0062,2017-11-17,4,2,5.0,0.0,0.0,3.3053123910471927,0.8663129724049435
SKU-0062,2017-11-18,0,2,4.0,1.0,0.0,2.6743533366251313,2.114732697114006
SKU-0062,2017-11-19,6,2,0.0,4.0,0.0,2.1241140185958947,1.4304023599698525
SKU-0062,2017-11-20,0,2,6.0,3.0,0.0,3.003318171262038,0.9284205511495796
SKU-0062,2017-11-21,0,2,0.0,3.0,0.0,4.52390139898187,1.1118219215527474
SKU-0062,2017-11-22,7,2,0.0,5.0,0.0,4.314296403827206,2.002680923737776
SKU-0062,2017-11-23,0,2,7.0,5.0,0.0,4.0933441111012625,0.6691512945115666
SKU-0062,2017-11-24,7,2,0.0,4.0,0.0,3.301294252742814,1.6140635256785247
SKU-0062,2017-11-25,0,2,7.0,0.0,0.0,2.6703351983207524,0.49286882360355877
SKU-0062,2017-11-26,11,2,0.0,6.0,0.0,2.120095880291516,0.0
SKU-0062,2017-11-27,0,2,11.0,0.0,0.0,2.9993000329576596,0.22431204876113084
SKU-0062,2017-11-28,5,2,0.0,0.0,0.0,4.519883260677492,0.1943166202402797
SKU-0062,2017-11-29,0,2,5.0,7.0,0.0,4.310278265522827,0.03714140075959701
SKU-0062,2017-11-30,0,2,0.0,0.0,0.0,4.0893259727968845,0.0
SKU-0062,2017-12-01,0,2,0.0,7.0,0.0,3.2972761144384357,1.2265413664394278
SKU-0062,2017-12-02,5,2,0.0,0.0,0.0,2.6663170600163744,1.2600315004103941
SKU-0062,2017-12-03,0,2,5.0,11.0,0.0,2.1160777419871377,1.794783729632053
SKU-0063,2017-11-06,18,2,14.0,6.0,0.0,9.878156656346079,1.2070898612452803
SKU-0063,2017-11-07,14,2,18.0,17.0,0.0,11.750969107236184,2.150679904705964
SKU-0063,2017-11-08,3,2,14.0,6.0,0.0,12.228637986687685,2.892606010932137
SKU-0063,2017-11-09,3,2,3.0,2.0,0.0,10.159023550992266,0.24643441458136014
SKU-0063,2017-11-10,0,2,3.0,9.0,0.0,7.184695685695798,1.3257003436309207
SKU-0063,2017-11-11,8,2,0.0,5.0,0.0,5.214256194620731,0.0
SKU-0063,2017-11-12,19,2,8.0,14.0,0.0,5.500714986589163,1.0012396824044503
SKU-0063,2017-11-13,14,2,19.0,18.0,0.0,9.867467039668774,2.474959280461171
SKU-0063,2017-11-14,12,2,14.0,14.0,0.0,11.74027949055888,1.6251183708562378
SKU-0063,2017-11-15,3,2,12.0,3.0,0.0,12.217948370010381,3.4805434074974517
SKU-0063,2017-11-16,16,2,3.0,3.0,0.0,10.148333934314962,0.412695900666717
SKU-0063,2017-11-17,9,2,16.0,0.0,0.0,7.174006069018494,2.1108786000300173
SKU-0063,2017-11-18,4,2,9.0,8.0,0.0,5.203566577943427,0.0
SKU-0063,2017-11-19,2,2,4.0,19.0,0.0,5.490025369911859,0.2918220260334182
SKU-0063,2017-11-20,0,2,2.0,14.0,0.0,9.85677742299147,2.058821274355157
SKU-0063,2017-11-21,14,2,0.0,12.0,0.0,11.729589873881576,2.29491380393021
SKU-0063,2017-11-22,2,2,14.0,3.0,0.0,12.207258753333077,2.5345212127711085
SKU-0063,2017-11-23,4,2,2.0,16.0,0.0,10.137644317637658,0.0
SKU-0063,2017-11-24,18,2,4.0,9.0,0.0,7.16331645234119,1.8650817867031502
SKU-0063,2017-11-25,4,2,18.0,4.0,0.0,5.192876961266123,0.9152061389941011
SKU-0063,2017-11-26,2,2,4.0,2.0,0.0,5.479335753234555,0.9782034685575388
SKU-0063,2017-11-27,16,2,2.0,0.0,0.0,9.846087806314166,2.430200278391523
SKU-0063,2017-11-28,19,2,16.0,14.0,0.0,11.718900257204272,1.313255966257184
SKU-0063,2017-11-29,11,2,19.0,2.0,0.0,12.196569136655773,1.3033494250793616
SKU-0063,2017-11-30,4,2,11.0,4.0,0.0,10.126954700960354,0.0
SKU-0063,2017-12-01,13,2,4.0,18.0,0.0,7.152626835663886,1.5158605595316224
SKU-0063,2017-12-02,8,2,13.0,4.0,0.0,5.182187344588819,1.6378963085869513
SKU-0063,2017-12-03,23,2,8.0,2.0,0.0,5.4686461365572505,0.36951188714336125
SKU-0064,2017-11-06,4,2,9.0,7.0,0.0,4.354579756835098,1.55002537946319
SKU-0064,2017-11-07,4,2,4.0,10.0,0.0,5.6075384368782695,0.1966742856548881
SKU-0064,2017-11-08,5,2,4.0,1.0,0.0,5.906151345489098,2.5578836548039066
SKU-0064,2017-11-09,4,2,5.0,3.0,0.0,4.379241457850211,0.0
SKU-0064,2017-11-10,7,2,4.0,1.0,0.0,2.921871398443928,1.5505248690420395
SKU-0064,2017-11-11,0,2,7.0,3.0,0.0,3.1944987337473023,0.31732223194571596
SKU-0064,2017-11-12,9,2,0.0,9.0,0.0,3.540703446627945,1.0296169573070333
SKU-0064,2017-11-13,0,2,9.0,4.0,0.0,4.36145899815828,1.4451842593050657
SKU-0064,2017-11-14,6,2,0.0,4.0,0.0,5.614417678201452,1.449396026010305
SKU-0064,2017-11-15,2,2,6.0,5.0,0.0,5.91303058681228,2.8611297513817524
SKU-0064,2017-11-16,7,2,2.0,4.0,0.0,4.386120699173393,0.02071661562498966
SKU-0064,2017-11-17,4,2,7.0,7.0,0.0,2.9287506397671104,0.9387063094767931
SKU-0064,2017-11-18,3,2,4.0,0.0,0.0,3.2013779750704856,0.0
SKU-0064,2017-11-19,0,2,3.0,9.0,0.0,3.5475826879511274,1.8799042039385947
SKU-0064,2017-11-20,0,2,0.0,0.0,0.0,4.368338239481463,1.3744514501664489
SKU-0064,2017-11-21,9,2,0.0,6.0,0.0,5.621296919524634,1.3776322083179593
SKU-0064,2017-11-22,1,2,9.0,2.0,0.0,5.919909828135463,2.676181205417213
SKU-0064,2017-11-23,0,2,1.0,7.0,0.0,4.392999940496575,0.015426621702107365
SKU-0064,2017-11-24,0,2,0.0,4.0,0.0,2.9356298810902928,0.48641173987285774
SKU-0064,2017-11-25,4,2,0.0,3.0,0.0,3.208257216393668,1.9691592695169573
SKU-0064,2017-11-26,4,2,4.0,0.0,0.0,3.55446192927431,1.258395643421776
SKU-0064,2017-11-27,2,2,4.0,0.0,0.0,4.375217480804645,3.0351505670029324
SKU-0064,2017-11-28,0,2,2.0,9.0,0.0,5.628176160847817,1.0597299397240885
SKU-0064,2017-11-29,0,2,0.0,1.0,0.0,5.9267890694586445,0.6109603907672267
SKU-0064,2017-11-30,7,2,0.0,0.0,0.0,4.399879181819759,0.0
SKU-0064,2017-12-01,0,2,7.0,0.0,0.0,2.942509122413475,1.8933733605291487
SKU-0064,2017-12-02,0,2,0.0,4.0,0.0,3.2151364577168504,0.5481168980969052
SKU-0064,2017-12-03,0,2,0.0,4.0,0.0,3.5613411705974922,1.749022630949622
SKU-0065,2017-11-06,0,2,0.0,3.0,0.0,1.4609444089238333,0.9232672095802738
SKU-0065,2017-11-07,2,2,0.0,0.0,0.0,1.5203451785378383,0.9949023574928436
SKU-0065,2017-11-08,0,2,2.0,2.0,0.0,1.7038649479632104,2.012295502043284
SKU-0065,2017-11-09,3,2,0.0,0.0,0.0,1.8350249278357693,0.08453635552153821
SKU-0065,2017-11-10,0,2,3.0,0.0,0.0,1.0893506331036542,1.6638204105155743
SKU-0065,2017-11-11,0,2,0.0,0.0,0.0,1.2593383814869326,0.7935386856521655
SKU-0065,2017-11-12,5,2,0.0,0.0,0.0,1.2364265620246582,0.5708414983985862
SKU-0065,2017-11-13,3,2,5.0,0.0,0.0,1.4552437683162425,0.5947653333706423
SKU-0065,2017-11-14,3,2,3.0,2.0,0.0,1.5146445379302476,1.3365803312939863
SKU-0065,2017-11-15,2,2,3.0,0.0,0.0,1.6981643073556196,2.05229112731238
SKU-0065,2017-11-16,0,2,2.0,3.0,0.0,1.8293242872281785,2.021220514154154
SKU-0065,2017-11-17,0,2,0.0,0.0,0.0,1.0836499924960634,2.488641929901782
SKU-0065,2017-11-18,0,2,0.0,0.0,0.0,1.2536377408793418,1.5920353145354844
SKU-0065,2017-11-19,5,2,0.0,5.0,0.0,1.2307259214170674,1.9172215061978946
SKU-0065,2017-11-20,0,2,5.0,3.0,0.0,1.4495431277086517,3.0698664683193795
SKU-0065,2017-11-21,4,2,0.0,3.0,0.0,1.5089438973226568,0.862046899945913
SKU-0065,2017-11-22,0,2,4.0,2.0,0.0,1.6924636667480288,3.7722664081116926
SKU-0065,2017-11-23,0,2,0.0,0.0,0.0,1.8236236466205877,0.0
SKU-0065,2017-11-24,3,2,0.0,0.0,0.0,1.0779493518884726,2.000109117412354
SKU-0065,2017-11-25,9,2,3.0,0.0,0.0,1.247937100271751,2.2289780788560765
SKU-0065,2017-11-26,0,2,9.0,5.0,0.0,1.2250252808094766,0.03859143687367971
SKU-0065,2017-11-27,0,2,0.0,0.0,0.0,1.443842487101061,0.11192301641437824
SKU-0065,2017-11-28,0,2,0.0,4.0,0.0,1.503243256715066,0.0
SKU-0065,2017-11-29,0,2,0.0,0.0,0.0,1.686763026140438,0.5443089213041221
SKU-0065,2017-11-30,0,2,0.0,0.0,0.0,1.817923006012997,1.771959665617765
SKU-0065,2017-12-01,0,2,0.0,3.0,0.0,1.0722487112808818,1.713292917882241
SKU-0065,2017-12-02,5,2,0.0,9.0,0.0,1.2422364596641602,1.5637091458211232
SKU-0065,2017-12-03,0,2,5.0,0.0,0.0,1.2193246402018858,0.8203684915281344
SKU-0066,2017-11-06,12,2,11.0,58.0,0.0,38.91159649398688,2.6368692327694268
SKU-0066,2017-11-07,71,2,12.0,0.0,0.0,52.89740526429765,5.74075685398087
SKU-0066,2017-11-08,93,2,71.0,90.0,0.0,60.8348590678794,0.4480532258178444
SKU-0066,2017-11-09,0,2,93.0,0.0,0.0,45.23515496641137,6.462763714351688
SKU-0066,2017-11-10,19,2,0.0,25.0,0.0,39.86956368585257,0.0
SKU-0066,2017-11-11,0,2,19.0,20.0,0.0,34.28677131557085,5.548398387934695
SKU-0066,2017-11-12,37,2,0.0,11.0,0.0,33.57224068333185,0.0
SKU-0066,2017-11-13,33,2,37.0,12.0,0.0,38.992429666904904,5.264366791163753
SKU-0066,2017-11-14,137,2,33.0,71.0,0.0,52.97823843721568,0.0
SKU-0066,2017-11-15,70,2,137.0,93.0,0.0,60.91569224079742,5.111143575400977
SKU-0066,2017-11-16,0,2,70.0,0.0,0.0,45.3159881393294,0.7320411600573239
SKU-0066,2017-11-17,46,2,0.0,19.0,0.0,39.950396858770596,0.09085974761605553
SKU-0066,2017-11-18,0,2,46.0,0.0,0.0,34.36760448848888,0.0
SKU-0066,2017-11-19,9,2,0.0,37.0,0.0,33.65307385624987,3.1824059790011416
SKU-0066,2017-11-20,10,2,9.0,33.0,0.0,39.07326283982293,2.763486234818803
SKU-0066,2017-11-21,50,2,10.0,137.0,0.0,53.05907161013371,12.901657334031245
SKU-0066,2017-11-22,33,2,50.0,70.0,0.0,60.996525413715446,0.0
SKU-0066,2017-11-23,5,2,33.0,0.0,0.0,45.39682131224742,0.0
SKU-0066,2017-11-24,19,2,5.0,46.0,0.0,40.03123003168862,0.0
SKU-0066,2017-11-25,0,2,19.0,0.0,0.0,34.448437661406906,2.309931682430169
SKU-0066,2017-11-26,13,2,0.0,9.0,0.0,33.733907029167895,2.746516956270269
SKU-0066,2017-11-27,85,2,13.0,10.0,0.0,39.15409601274095,2.1345710882508695
SKU-0066,2017-11-28,26,2,85.0,50.0,0.0,53.13990478305173,0.0
SKU-0066,2017-11-29,79,2,26.0,33.0,0.0,61.07735858663347,2.22215845723909
SKU-0066,2017-11-30,77,2,79.0,5.0,0.0,45.477654485165445,0.0
SKU-0066,2017-12-01,2,2,77.0,19.0,0.0,40.11206320460664,3.0240926291630776
SKU-0066,2017-12-02,47,2,2.0,0.0,0.0,34.529270834324926,1.3138907146601901
SKU-0066,2017-12-03,1,2,47.0,13.0,0.0,33.81474020208592,1.023439437095126
SKU-0067,2017-11-06,0,2,4.0,2.0,0.0,3.957296803727729,1.3921337853164828
SKU-0067,2017-11-07,8,2,0.0,4.0,0.0,5.6192381097386885,0.9750077740712596
SKU-0067,2017-11-08,3,2,8.0,4.0,0.0,5.761195708356524,1.8844804348299182
SKU-0067,2017-11-09,0,2,3.0,10.0,0.0,4.890389836692511,1.2519279557124683
SKU-0067,2017-11-10,10,2,0.0,1.0,0.0,3.9707703960441214,0.9312161191453261
SKU-0067,2017-11-11,0,2,10.0,0.0,0.0,2.856554328514455,0.3056262559911669
SKU-0067,2017-11-12,0,2,0.0,4.0,0.0,3.1050126597606393,0.4307412499833344
SKU-0067,2017-11-13,4,2,0.0,0.0,0.0,3.9572655680508735,0.6769387467527913
SKU-0067,2017-11-14,9,2,4.0,8.0,0.0,5.619206874061833,1.3888739094718996
SKU-0067,2017-11-15,5,2,9.0,3.0,0.0,5.761164472679669,2.711786767643267
SKU-0067,2017-11-16,5,2,5.0,0.0,0.0,4.890358601015656,1.3644459360264345
SKU-0067,2017-11-17,11,2,5.0,10.0,0.0,3.9707391603672657,0.5337679388011762
SKU-0067,2017-11-18,2,2,11.0,0.0,0.0,2.8565230928376,2.1046889844369403
SKU-0067,2017-11-19,0,2,2.0,0.0,0.0,3.1049814240837836,0.32322888180705533
SKU-0067,2017-11-20,0,2,0.0,4.0,0.0,3.9572343323740187,2.5585308574984813
SKU-0067,2017-11-21,4,2,0.0,9.0,0.0,5.619175638384977,1.6797750559032139
SKU-0067,2017-11-22,5,2,4.0,5.0,0.0,5.761133237002814,1.9209675207957027
SKU-0067,2017-11-23,5,2,5.0,5.0,0.0,4.8903273653388,2.182620138136898
SKU-0067,2017-11-24,2,2,5.0,11.0,0.0,3.970707924690411,0.6758984019530341
SKU-0067,2017-11-25,4,2,2.0,2.0,0.0,2.8564918571607443,1.8290590211017062
SKU-0067,2017-11-26,0,2,4.0,0.0,0.0,3.104950188406929,2.3243574850637687
SKU-0067,2017-11-27,1,2,0.0,0.0,0.0,3.957203096697163,0.6119767765831181
SKU-0067,2017-11-28,6,2,1.0,4.0,0.0,5.619144402708123,1.3948860967228516
SKU-0067,2017-11-29,0,2,6.0,5.0,0.0,5.761102001325959,1.4759689169106056
SKU-0067,2017-11-30,1,2,0.0,5.0,0.0,4.890296129661945,0.0
SKU-0067,2017-12-01,2,2,1.0,2.0,0.0,3.970676689013556,3.328612035816005
SKU-0067,2017-12-02,0,2,2.0,4.0,0.0,2.8564606214838895,0.8395902491493887
SKU-0067,2017-12-03,6,2,0.0,0.0,0.0,3.104918952730074,1.5328273291163617
SKU-0068,2017-11-06,11,2,16.0,9.0,0.0,13.837321307699522,0.7984548802632095
SKU-0068,2017-11-07,6,2,11.0,25.0,0.0,16.181047686867714,2.6748888091331753
SKU-0068,2017-11-08,13,2,6.0,15.0,0.0,15.576474151977267,2.983359759446348
SKU-0068,2017-11-09,15,2,13.0,10.0,0.0,15.47309617947646,3.1644889687781412
SKU-0068,2017-11-10,8,2,15.0,14.0,0.0,12.472440764552827,1.716281886560922
SKU-0068,2017-11-11,6,2,8.0,24.0,0.0,12.751361497404377,0.74046209925052
SKU-0068,2017-11-12,8,2,6.0,16.0,0.0,12.057851865231347,2.09384527799913
SKU-0068,2017-11-13,15,2,8.0,11.0,0.0,13.847484807828536,0.7602288089086284
SKU-0068,2017-11-14,6,2,15.0,6.0,0.0,16.191211186996725,2.865566952499418
SKU-0068,2017-11-15,5,2,6.0,13.0,0.0,15.586637652106281,3.340307215479462
SKU-0068,2017-11-16,8,2,5.0,15.0,0.0,15.483259679605474,0.9895315612690953
SKU-0068,2017-11-17,9,2,8.0,8.0,0.0,12.482604264681841,0.7296797953175767
SKU-0068,2017-11-18,15,2,9.0,6.0,0.0,12.761524997533389,0.4021711825042572
SKU-0068,2017-11-19,21,2,15.0,8.0,0.0,12.068015365360361,0.2540519420335464
SKU-0068,2017-11-20,9,2,21.0,15.0,0.0,13.85764830795755,1.977637385793119
SKU-0068,2017-11-21,23,2,9.0,6.0,0.0,16.20137468712574,1.027666068550406
SKU-0068,2017-11-22,13,2,23.0,5.0,0.0,15.596801152235294,2.6124930139710996
SKU-0068,2017-11-23,22,2,13.0,8.0,0.0,15.493423179734489,0.0
SKU-0068,2017-11-24,7,2,22.0,9.0,0.0,12.492767764810855,0.0
SKU-0068,2017-11-25,33,2,7.0,15.0,0.0,12.771688497662403,0.4538253291663237
SKU-0068,2017-11-26,29,2,33.0,21.0,0.0,12.078178865489374,0.0
SKU-0068,2017-11-27,5,2,29.0,9.0,0.0,13.867811808086564,0.0
SKU-0068,2017-11-28,15,2,5.0,23.0,0.0,16.211538187254753,0.0
SKU-0068,2017-11-29,35,2,15.0,13.0,0.0,15.606964652364308,1.7951514448037158
SKU-0068,2017-11-30,8,2,35.0,22.0,0.0,15.503586679863501,0.0
SKU-0068,2017-12-01,12,2,8.0,7.0,0.0,12.50293126493987,0.6415397865014596
SKU-0068,2017-12-02,5,2,12.0,33.0,0.0,12.781851997791417,2.294639863489594
SKU-0068,2017-12-03,9,2,5.0,29.0,0.0,12.088342365618388,3.510768088166899
SKU-0069,2017-11-06,0,2,2.0,0.0,0.0,3.7048979230129264,1.1503968893039034
SKU-0069,2017-11-07,4,2,0.0,1.0,0.0,3.570782313278395,1.0299425208104838
SKU-0069,2017-11-08,5,2,4.0,0.0,0.0,3.6919111516545806,2.291623911311917
SKU-0069,2017-11-09,4,2,5.0,10.0,0.0,4.594807751994736,1.2204468356468676
SKU-0069,2017-11-10,5,2,4.0,9.0,0.0,3.9232310811852065,1.3075867502037202
SKU-0069,2017-11-11,6,2,5.0,12.0,0.0,3.6952896269717495,0.3237252825054999
SKU-0069,2017-11-12,2,2,6.0,2.0,0.0,3.741120014797676,1.2763017552565445
SKU-0069,2017-11-13,2,2,2.0,0.0,0.0,3.7062019496716494,1.2149805923941381
SKU-0069,2017-11-14,10,2,2.0,4.0,0.0,3.5720863399371177,0.7197840058816333
SKU-0069,2017-11-15,6,2,10.0,5.0,0.0,3.6932151783133036,4.37671738144242
SKU-0069,2017-11-16,0,2,6.0,4.0,0.0,4.596111778653459,2.180838015226153
SKU-0069,2017-11-17,6,2,0.0,5.0,0.0,3.924535107843929,2.181017403217778
SKU-0069,2017-11-18,0,2,6.0,6.0,0.0,3.6965936536304724,2.3933606968083763
SKU-0069,2017-11-19,10,2,0.0,2.0,0.0,3.7424240414563985,0.16623720999416383
SKU-0069,2017-11-20,0,2,10.0,2.0,0.0,3.707505976330372,2.804577207335448
SKU-0069,2017-11-21,0,2,0.0,10.0,0.0,3.5733903665958406,1.453025173921226
SKU-0069,2017-11-22,0,2,0.0,6.0,0.0,3.694519204972026,2.002680923737776
SKU-0069,2017-11-23,4,2,0.0,0.0,0.0,4.597415805312182,0.6969758433588005
SKU-0069,2017-11-24,0,2,4.0,6.0,0.0,3.925839134502652,0.3513763817761024
SKU-0069,2017-11-25,0,2,0.0,0.0,0.0,3.697897680289195,0.3638110418648529
SKU-0069,2017-11-26,0,2,0.0,10.0,0.0,3.7437280681151215,0.016350664732829367
SKU-0069,2017-11-27,3,2,0.0,0.0,0.0,3.708810002989095,0.2778538843932489
SKU-0069,2017-11-28,0,2,3.0,0.0,0.0,3.574694393254563,1.7937211025646183
SKU-0069,2017-11-29,11,2,0.0,0.0,0.0,3.695823231630749,0.8212790328611893
SKU-0069,2017-11-30,0,2,11.0,4.0,0.0,4.598719831970905,1.7553739539066435
SKU-0069,2017-12-01,0,2,0.0,0.0,0.0,3.9271431611613745,1.8186117845477883
SKU-0069,2017-12-02,5,2,0.0,0.0,0.0,3.699201706947918,1.31641998109341
SKU-0069,2017-12-03,0,2,5.0,0.0,0.0,3.745032094773844,1.6455968485282781
SKU-0072,2017-11-06,0,2,0.0,0.0,0.0,0.8801578008027424,1.3806554030601956
SKU-0072,2017-11-07,0,2,0.0,11.0,0.0,0.9215386617792397,0.9116478707528313
SKU-0072,2017-11-08,4,2,0.0,0.0,0.0,1.7872471333964342,2.6023083432810643
SKU-0072,2017-11-09,0,2,4.0,0.0,0.0,0.8342400082261016,0.9749747295011594
SKU-0072,2017-11-10,0,2,0.0,0.0,0.0,1.352070134612799,1.6638204105155743
SKU-0072,2017-11-11,0,2,0.0,0.0,0.0,0.48579197008153985,2.34762614768247
SKU-0072,2017-11-12,0,2,0.0,0.0,0.0,1.3171686702892873,0.5708414983985862
SKU-0072,2017-11-13,0,2,0.0,0.0,0.0,0.8797407869277685,1.2149805923941381
SKU-0072,2017-11-14,0,2,0.0,0.0,0.0,0.9211216479042657,2.765887274909485
SKU-0072,2017-11-15,0,2,0.0,4.0,0.0,1.78683011952146,3.641198454740417
SKU-0072,2017-11-16,6,2,0.0,0.0,0.0,0.8338229943511276,2.3243280651108305
SKU-0072,2017-11-17,0,2,6.0,0.0,0.0,1.351653120737825,2.7853968467772687
SKU-0072,2017-11-18,0,2,0.0,0.0,0.0,0.4853749562065659,1.9790878865373478
SKU-0072,2017-11-19,0,2,0.0,0.0,0.0,1.3167516564143134,1.7612588211475686
SKU-0072,2017-11-20,0,2,0.0,0.0,0.0,0.8793237730527945,2.7020511914752743
SKU-0072,2017-11-21,0,2,0.0,0.0,0.0,0.9207046340292917,2.4930491934613115
SKU-0072,2017-11-22,0,2,0.0,0.0,0.0,1.786413105646486,2.1121351403214375
SKU-0072,2017-11-23,0,2,0.0,6.0,0.0,0.8334059804761536,2.1692487049807645
SKU-0072,2017-11-24,0,2,0.0,0.0,0.0,1.3512361068628511,2.000109117412354
SKU-0072,2017-11-25,0,2,0.0,0.0,0.0,0.48495794233159184,1.5115852084259647
SKU-0072,2017-11-26,0,2,0.0,0.0,0.0,1.3163346425393394,1.9354661973476162
SKU-0072,2017-11-27,0,2,0.0,0.0,0.0,0.8789067591778206,2.544520599659206
SKU-0072,2017-11-28,21,2,0.0,0.0,0.0,0.9202876201543176,1.9305287365066832
SKU-0072,2017-11-29,0,2,21.0,0.0,0.0,1.785996091771512,1.4116379887378354
SKU-0072,2017-11-30,5,2,0.0,0.0,0.0,0.8329889666011796,0.0
SKU-0072,2017-12-01,5,2,5.0,0.0,0.0,1.350819092987877,2.260320748040515
SKU-0072,2017-12-02,3,2,5.0,0.0,0.0,0.4845409284566179,1.404979642761988
SKU-0072,2017-12-03,12,2,3.0,0.0,0.0,1.3159176286643652,1.5788579295149752
SKU-0073,2017-11-06,13,2,21.0,9.0,0.0,20.568634992411432,0.8112343080280169
SKU-0073,2017-11-07,18,2,13.0,35.0,0.0,28.40696542296886,5.397421499582983
SKU-0073,2017-11-08,42,2,18.0,14.0,0.0,28.837362576796853,4.095553778774795
SKU-0073,2017-11-09,20,2,42.0,19.0,0.0,23.81461155118871,3.2162888393837155
SKU-0073,2017-11-10,27,2,20.0,14.0,0.0,19.060067584903774,0.0
SKU-0073,2017-11-11,11,2,27.0,12.0,0.0,13.101768731481453,0.0
SKU-0073,2017-11-12,12,2,11.0,21.0,0.0,16.658582034711053,0.9960377391521568
SKU-0073,2017-11-13,28,2,12.0,13.0,0.0,20.602834098297762,0.21109680074344775
SKU-0073,2017-11-14,52,2,28.0,18.0,0.0,28.44116452885519,4.468893203596333
SKU-0073,2017-11-15,30,2,52.0,42.0,0.0,28.87156168268318,0.16875740943324646
SKU-0073,2017-11-16,46,2,30.0,20.0,0.0,23.848810657075038,0.3581385581805741
SKU-0073,2017-11-17,10,2,46.0,27.0,0.0,19.0942666907901,1.4507798988576635
SKU-0073,2017-11-18,13,2,10.0,11.0,0.0,13.13596783736778,0.0
SKU-0073,2017-11-19,13,2,13.0,12.0,0.0,16.69278114059738,1.7985817990508692
SKU-0073,2017-11-20,46,2,13.0,28.0,0.0,20.63703320418409,1.6338536348831554
SKU-0073,2017-11-21,51,2,46.0,52.0,0.0,28.47536363474152,3.4637711420246995
SKU-0073,2017-11-22,23,2,51.0,30.0,0.0,28.90576078856951,0.0
SKU-0073,2017-11-23,9,2,23.0,46.0,0.0,23.88300976296137,0.0
SKU-0073,2017-11-24,12,2,9.0,10.0,0.0,19.12846579667643,0.0
SKU-0073,2017-11-25,18,2,12.0,13.0,0.0,13.17016694325411,0.0
SKU-0073,2017-11-26,11,2,18.0,13.0,0.0,16.72698024648371,1.4576284672993916
SKU-0073,2017-11-27,36,2,11.0,46.0,0.0,20.67123231007042,2.14831796347824
SKU-0073,2017-11-28,60,2,36.0,51.0,0.0,28.50956274062785,0.0
SKU-0073,2017-11-29,23,2,60.0,23.0,0.0,28.93995989445584,0.0
SKU-0073,2017-11-30,4,2,23.0,9.0,0.0,23.9172088688477,0.0
SKU-0073,2017-12-01,30,2,4.0,12.0,0.0,19.162664902562756,0.45882687638362774
SKU-0073,2017-12-02,24,2,30.0,18.0,0.0,13.204366049140436,0.0
SKU-0073,2017-12-03,12,2,24.0,11.0,0.0,16.761179352370036,0.0
SKU-0074,2017-11-06,2,2,0.0,1.0,0.0,1.7325577839650521,1.3806554030601956
SKU-0074,2017-11-07,0,2,2.0,0.0,0.0,2.327852643275383,0.7149005995270691
SKU-0074,2017-11-08,0,2,0.0,0.0,0.0,2.1508404538632235,2.176804713065248
SKU-0074,2017-11-09,0,2,0.0,9.0,0.0,2.312802002695389,0.8063338889050852
SKU-0074,2017-11-10,2,2,0.0,4.0,0.0,1.635646729954695,1.6638204105155743
SKU-0074,2017-11-11,5,2,2.0,8.0,0.0,1.2125667680842604,0.6348580299687637
SKU-0074,2017-11-12,4,2,5.0,0.0,0.0,1.6820141371828528,0.3874441789862998
SKU-0074,2017-11-13,1,2,4.0,2.0,0.0,1.7271562474176239,1.0212168380157234
SKU-0074,2017-11-14,0,2,1.0,0.0,0.0,2.322451106727955,1.0821000136433157
SKU-0074,2017-11-15,0,2,0.0,0.0,0.0,2.1454389173157953,3.7064026652863684
SKU-0074,2017-11-16,0,2,0.0,0.0,0.0,2.3074004661479606,1.1769755659551555
SKU-0074,2017-11-17,0,2,0.0,2.0,0.0,1.6302451934072666,1.0405757075781188
SKU-0074,2017-11-18,0,2,0.0,5.0,0.0,1.207165231536832,1.1356499460178218
SKU-0074,2017-11-19,0,2,0.0,4.0,0.0,1.6766126006354243,1.7612588211475686
SKU-0074,2017-11-20,5,2,0.0,1.0,0.0,1.7217547108701956,0.6816477691345615
SKU-0074,2017-11-21,0,2,5.0,0.0,0.0,2.3170495701805267,2.648490220238088
SKU-0074,2017-11-22,1,2,0.0,0.0,0.0,2.140037380768367,3.469792009934361
SKU-0074,2017-11-23,0,2,1.0,0.0,0.0,2.3019989296005323,2.3624160448567784
SKU-0074,2017-11-24,0,2,0.0,0.0,0.0,1.6248436568598383,0.0
SKU-0074,2017-11-25,0,2,0.0,0.0,0.0,1.2017636949894037,0.41036884787276784
SKU-0074,2017-11-26,0,2,0.0,0.0,0.0,1.671211064087996,0.2269125508674504
SKU-0074,2017-11-27,0,2,0.0,5.0,0.0,1.7163531743227671,0.41312842068139544
SKU-0074,2017-11-28,0,2,0.0,0.0,0.0,2.3116480336330985,1.847565035676164
SKU-0074,2017-11-29,0,2,0.0,1.0,0.0,2.1346358442209388,2.709944022563381
SKU-0074,2017-11-30,0,2,0.0,0.0,0.0,2.296597393053104,1.698678770475877
SKU-0074,2017-12-01,0,2,0.0,0.0,0.0,1.61944212031241,1.9186657266917084
SKU-0074,2017-12-02,0,2,0.0,0.0,0.0,1.1963621584419755,1.496565543647894
SKU-0074,2017-12-03,0,2,0.0,0.0,0.0,1.6658095275405678,1.4430416934779717
SKU-0078,2017-11-06,0,2,3.0,15.0,0.0,1.4500730141200022,2.660691242215151
SKU-0078,2017-11-07,0,2,0.0,0.0,0.0,1.3710570518639078,1.0689066138748953
SKU-0078,2017-11-08,0,2,0.0,0.0,0.0,1.3947857629041998,1.9314058363826125
SKU-0078,2017-11-09,0,2,0.0,0.0,0.0,1.2096225558382698,0.8212871646313805
SKU-0078,2017-11-10,2,2,0.0,7.0,0.0,1.3812282855114897,1.5204960787457718
SKU-0078,2017-11-11,0,2,2.0,0.0,0.0,1.0360161012722342,0.15131028048889836
SKU-0078,2017-11-12,2,2,0.0,3.0,0.0,1.5530290517207699,0.5708414983985862
SKU-0078,2017-11-13,0,2,2.0,0.0,0.0,1.4509582907633165,1.6488165492212405
SKU-0078,2017-11-14,0,2,0.0,0.0,0.0,1.3719423285072219,1.0347251389845071
SKU-0078,2017-11-15,1,2,0.0,0.0,0.0,1.395671039547514,3.4344467368620606
SKU-0078,2017-11-16,9,2,1.0,0.0,0.0,1.210507832481584,2.3243280651108305
SKU-0078,2017-11-17,0,2,9.0,2.0,0.0,1.382113562154804,1.8130635258354328
SKU-0078,2017-11-18,4,2,0.0,0.0,0.0,1.0369013779155485,1.9790878865373478
SKU-0078,2017-11-19,2,2,4.0,2.0,0.0,1.553914328364084,0.22120321800481454
SKU-0078,2017-11-20,0,2,2.0,0.0,0.0,1.4518435674066303,2.7020511914752743
SKU-0078,2017-11-21,4,2,0.0,0.0,0.0,1.372827605150536,2.4663458800721605
SKU-0078,2017-11-22,6,2,4.0,1.0,0.0,1.396556316190828,3.7268077118881937
SKU-0078,2017-11-23,1,2,6.0,9.0,0.0,1.211393109124898,2.443559640051203
SKU-0078,2017-11-24,0,2,1.0,0.0,0.0,1.3829988387981178,0.0
SKU-0078,2017-11-25,0,2,0.0,4.0,0.0,1.0377866545588623,1.58517611786592
SKU-0078,2017-11-26,5,2,0.0,2.0,0.0,1.554799605007398,0.0
SKU-0078,2017-11-27,0,2,5.0,0.0,0.0,1.4527288440499446,2.5292704886103805
SKU-0078,2017-11-28,0,2,0.0,4.0,0.0,1.37371288179385,1.6543976958001505
SKU-0078,2017-11-29,0,2,0.0,6.0,0.0,1.3974415928341422,0.718652092000824
SKU-0078,2017-11-30,4,2,0.0,1.0,0.0,1.212278385768212,0.7707541080872977
SKU-0078,2017-12-01,0,2,4.0,0.0,0.0,1.383884115441432,2.3892360489496953
SKU-0078,2017-12-02,0,2,0.0,0.0,0.0,1.0386719312021766,0.913924441551893
SKU-0078,2017-12-03,0,2,0.0,5.0,0.0,1.555684881650712,1.13430948879307
SKU-0080,2017-11-06,4,2,0.0,19.0,0.0,4.283097702932103,2.9399868144191896
SKU-0080,2017-11-07,0,2,4.0,0.0,0.0,8.041156679849527,4.736203238222812
SKU-0080,2017-11-08,7,2,0.0,9.0,0.0,7.860827044851182,2.6584564782290756
SKU-0080,2017-11-09,6,2,7.0,5.0,0.0,7.2724783827844135,0.0
SKU-0080,2017-11-10,0,2,6.0,4.0,0.0,5.724058423509212,1.963207380479017
SKU-0080,2017-11-11,3,2,0.0,7.0,0.0,2.442715658801893,0.17128544986320912
SKU-0080,2017-11-12,0,2,3.0,0.0,0.0,5.321661287846192,0.0
SKU-0080,2017-11-13,19,2,0.0,4.0,0.0,4.280573559639713,2.042774111759092
SKU-0080,2017-11-14,0,2,19.0,0.0,0.0,8.038632536557136,1.5802199534262613
SKU-0080,2017-11-15,0,2,0.0,7.0,0.0,7.858302901558792,4.044109685287463
SKU-0080,2017-11-16,9,2,0.0,6.0,0.0,7.269954239492024,0.5912233343584047
SKU-0080,2017-11-17,2,2,9.0,0.0,0.0,5.721534280216821,1.347366907436757
SKU-0080,2017-11-18,3,2,2.0,3.0,0.0,2.440191515509502,0.613149930563517
SKU-0080,2017-11-19,0,2,3.0,0.0,0.0,5.319137144553801,2.248819368140469
SKU-0080,2017-11-20,0,2,0.0,19.0,0.0,4.278049416347322,2.085546968576969
SKU-0080,2017-11-21,2,2,0.0,0.0,0.0,8.036108393264747,6.8108823996942505
SKU-0080,2017-11-22,0,2,2.0,0.0,0.0,7.855778758266402,2.9574172605359244
SKU-0080,2017-11-23,12,2,0.0,9.0,0.0,7.267430096199633,0.2416245014638598
SKU-0080,2017-11-24,0,2,12.0,2.0,0.0,5.719010136924432,1.9378973687723267
SKU-0080,2017-11-25,2,2,0.0,3.0,0.0,2.4376673722171125,0.0
SKU-0080,2017-11-26,0,2,2.0,0.0,0.0,5.316613001261411,1.7653888116291514
SKU-0080,2017-11-27,0,2,0.0,0.0,0.0,4.275525273054932,1.557547646112693
SKU-0080,2017-11-28,0,2,0.0,2.0,0.0,8.033584249972357,1.6543976958001505
SKU-0080,2017-11-29,0,2,0.0,0.0,0.0,7.853254614974012,3.37407368887871
SKU-0080,2017-11-30,0,2,0.0,12.0,0.0,7.2649059529072435,0.0
SKU-0080,2017-12-01,0,2,0.0,0.0,0.0,5.716485993632042,1.2175954469904726
SKU-0080,2017-12-02,6,2,0.0,2.0,0.0,2.435143228924722,0.7996417816862508
SKU-0080,2017-12-03,20,2,6.0,0.0,0.0,5.31408885796902,1.3601602661715726
SKU-0081,2017-11-06,0,2,5.0,5.0,0.0,2.392093498026768,1.2104674868671375
SKU-0081,2017-11-07,8,2,0.0,1.0,0.0,3.6995748684145786,0.9750077740712596
SKU-0081,2017-11-08,0,2,8.0,1.0,0.0,3.3756726129913073,2.088022480345369
SKU-0081,2017-11-09,0,2,0.0,0.0,0.0,3.7527471354666964,2.577008725029202
SKU-0081,2017-11-10,5,2,0.0,4.0,0.0,2.792824970421956,1.2150924522714284
SKU-0081,2017-11-11,0,2,5.0,0.0,0.0,1.6352807693053086,0.7889025516230851
SKU-0081,2017-11-12,0,2,0.0,5.0,0.0,1.7754123369802848,0.8733939377765311
SKU-0081,2017-11-13,0,2,0.0,0.0,0.0,2.391444473688355,0.7655066757653197
SKU-0081,2017-11-14,0,2,0.0,8.0,0.0,3.698925844076166,0.7161064774107383
SKU-0081,2017-11-15,2,2,0.0,0.0,0.0,3.3750235886528945,2.221192836988173
SKU-0081,2017-11-16,5,2,2.0,0.0,0.0,3.7520981111282836,2.3243280651108305
SKU-0081,2017-11-17,0,2,5.0,5.0,0.0,2.7921759460835434,1.0952711786691065
SKU-0081,2017-11-18,0,2,0.0,0.0,0.0,1.634631744966896,1.6185923662771553
SKU-0081,2017-11-19,0,2,0.0,0.0,0.0,1.774763312641872,0.2555425534453435
SKU-0081,2017-11-20,3,2,0.0,0.0,0.0,2.3907954493499424,2.561950943060024
SKU-0081,2017-11-21,8,2,3.0,0.0,0.0,3.698276819737753,2.0121818935890534
SKU-0081,2017-11-22,5,2,8.0,2.0,0.0,3.374374564314482,4.232252199450162
SKU-0081,2017-11-23,0,2,5.0,5.0,0.0,3.7514490867898713,1.808602140171929
SKU-0081,2017-11-24,0,2,0.0,0.0,0.0,2.7915269217451306,0.359558878410154
SKU-0081,2017-11-25,2,2,0.0,0.0,0.0,1.6339827206284832,2.2289780788560765
SKU-0081,2017-11-26,4,2,2.0,0.0,0.0,1.7741142883034593,1.9354661973476162
SKU-0081,2017-11-27,0,2,4.0,3.0,0.0,2.3901464250115296,2.376385179189668
SKU-0081,2017-11-28,5,2,0.0,8.0,0.0,3.6976277953993404,1.5039791494291188
SKU-0081,2017-11-29,2,2,5.0,5.0,0.0,3.373725539976069,0.22845880071501554
SKU-0081,2017-11-30,5,2,2.0,0.0,0.0,3.7508000624514586,0.0
SKU-0081,2017-12-01,0,2,5.0,0.0,0.0,2.790877897406718,2.286394846313971
SKU-0081,2017-12-02,4,2,0.0,2.0,0.0,1.6333336962900704,1.2600315004103941
SKU-0081,2017-12-03,5,2,4.0,4.0,0.0,1.7734652639650466,1.7279911984317715
SKU-0082,2017-11-06,4,2,0.0,0.0,0.0,2.25033559954234,1.2148604323342242
SKU-0082,2017-11-07,24,2,4.0,0.0,0.0,2.5614595875887023,1.2394366978198805
SKU-0082,2017-11-08,12,2,24.0,0.0,0.0,3.1426763618239733,1.6976626371897705
SKU-0082,2017-11-09,0,2,12.0,5.0,0.0,3.155165419338489,0.5109097155625019
SKU-0082,2017-11-10,2,2,0.0,0.0,0.0,2.417185063063301,1.2527913228669643
SKU-0082,2017-11-11,0,2,2.0,0.0,0.0,1.5782996680379944,0.36457120842737745
SKU-0082,2017-11-12,0,2,0.0,0.0,0.0,2.054599178622055,0.09379934877858748
SKU-0082,2017-11-13,0,2,0.0,4.0,0.0,2.2507063882497986,1.2149805923941381
SKU-0082,2017-11-14,10,2,0.0,24.0,0.0,2.561830376296161,2.074638710922446
SKU-0082,2017-11-15,0,2,10.0,12.0,0.0,3.143047150531432,3.9097980635839127
SKU-0082,2017-11-16,0,2,0.0,0.0,0.0,3.1555362080459477,0.5245718648952996
SKU-0082,2017-11-17,5,2,0.0,2.0,0.0,2.4175558517707603,2.3765539029724105
SKU-0082,2017-11-18,1,2,5.0,0.0,0.0,1.5786704567454535,1.8343515040930183
SKU-0082,2017-11-19,0,2,1.0,0.0,0.0,2.054969967329514,2.0136156452940943
SKU-0082,2017-11-20,7,2,0.0,0.0,0.0,2.2510771769572573,1.0366109899772975
SKU-0082,2017-11-21,0,2,7.0,10.0,0.0,2.5622011650036196,2.197134883907814
SKU-0082,2017-11-22,0,2,0.0,0.0,0.0,3.1434179392388906,4.901361794573845
SKU-0082,2017-11-23,3,2,0.0,0.0,0.0,3.1559069967534064,2.3624160448567784
SKU-0082,2017-11-24,0,2,3.0,5.0,0.0,2.417926640478219,0.0
SKU-0082,2017-11-25,0,2,0.0,1.0,0.0,1.5790412454529121,2.088877830440824
SKU-0082,2017-11-26,2,2,0.0,0.0,0.0,2.0553407560369727,1.7953659489323643
SKU-0082,2017-11-27,5,2,2.0,7.0,0.0,2.2514479656647164,2.1510681363930657
SKU-0082,2017-11-28,0,2,5.0,0.0,0.0,2.5625719537110787,1.7092993465021467
SKU-0082,2017-11-29,0,2,0.0,0.0,0.0,3.1437887279463497,2.643292553100276
SKU-0082,2017-11-30,0,2,0.0,3.0,0.0,3.156277785460865,1.1675645481470667
SKU-0082,2017-12-01,6,2,0.0,0.0,0.0,2.4182974291856776,1.3276452534741587
SKU-0082,2017-12-02,0,2,6.0,0.0,0.0,1.5794120341603708,1.074925340677417
SKU-0082,2017-12-03,0,2,0.0,2.0,0.0,2.0557115447444314,1.4430416934779717
SKU-0086,2017-11-06,1,2,4.0,8.0,0.0,5.502351227358652,1.3390255416886938
SKU-0086,2017-11-07,0,2,1.0,7.0,0.0,6.078610875194672,0.351030603366223
SKU-0086,2017-11-08,3,2,0.0,3.0,0.0,5.759493072783771,2.562716741791856
SKU-0086,2017-11-09,5,2,3.0,0.0,0.0,5.87989571899059,0.0
SKU-0086,2017-11-10,8,2,5.0,2.0,0.0,5.92633280106727,3.3903524088579085
SKU-0086,2017-11-11,3,2,8.0,2.0,0.0,5.495801309920753,0.49241239826193106
SKU-0086,2017-11-12,0,2,3.0,4.0,0.0,4.314838158756258,1.7359157012560185
SKU-0086,2017-11-13,7,2,0.0,1.0,0.0,5.505929446766189,1.651013147628333
SKU-0086,2017-11-14,0,2,7.0,0.0,0.0,6.082189094602209,1.4473305399305232
SKU-0086,2017-11-15,5,2,0.0,3.0,0.0,5.763071292191308,2.1528427085384054
SKU-0086,2017-11-16,10,2,5.0,5.0,0.0,5.883473938398127,2.0621750929015783
SKU-0086,2017-11-17,2,2,10.0,8.0,0.0,5.929911020474807,0.16688169010009515
SKU-0086,2017-11-18,6,2,2.0,3.0,0.0,5.49937952932829,0.04599447793884761
SKU-0086,2017-11-19,4,2,6.0,0.0,0.0,4.318416378163795,0.719542710952258
SKU-0086,2017-11-20,1,2,4.0,7.0,0.0,5.509507666173726,1.6001235428215095
SKU-0086,2017-11-21,7,2,1.0,0.0,0.0,6.085767314009746,2.5404240681201204
SKU-0086,2017-11-22,1,2,7.0,5.0,0.0,5.766649511598845,2.197310080109099
SKU-0086,2017-11-23,5,2,1.0,10.0,0.0,5.887052157805663,0.23269007625042668
SKU-0086,2017-11-24,0,2,5.0,2.0,0.0,5.933489239882344,0.5007856703321857
SKU-0086,2017-11-25,3,2,0.0,6.0,0.0,5.502957748735827,0.0
SKU-0086,2017-11-26,12,2,3.0,4.0,0.0,4.321994597571332,2.166277355352223
SKU-0086,2017-11-27,9,2,12.0,1.0,0.0,5.513085885581263,1.431984416386057
SKU-0086,2017-11-28,0,2,9.0,7.0,0.0,6.0893455334172835,1.7914346764514475
SKU-0086,2017-11-29,8,2,0.0,1.0,0.0,5.770227731006382,1.510073669866463
SKU-0086,2017-11-30,6,2,8.0,5.0,0.0,5.890630377213201,0.704570039035215
SKU-0086,2017-12-01,4,2,6.0,0.0,0.0,5.9370674592898816,1.629359870290085
SKU-0086,2017-12-02,4,2,4.0,3.0,0.0,5.506535968143364,1.064816218606926
SKU-0086,2017-12-03,7,2,4.0,12.0,0.0,4.32557281697887,1.7632567631134144
SKU-0088,2017-11-06,10,2,5.0,12.0,0.0,4.473091032431841,1.8528433603710077
SKU-0088,2017-11-07,2,2,10.0,15.0,0.0,5.742543972291074,1.7397935737111503
SKU-0088,2017-11-08,2,2,2.0,5.0,0.0,6.000958402532561,2.9707483691074863
SKU-0088,2017-11-09,8,2,2.0,3.0,0.0,5.012288478514241,0.2626551521268192
SKU-0088,2017-11-10,0,2,8.0,5.0,0.0,4.334837404094589,1.2306030891087687
SKU-0088,2017-11-11,0,2,0.0,0.0,0.0,3.7234955557619025,1.4418874781891844
SKU-0088,2017-11-12,0,2,0.0,5.0,0.0,2.9120677155684733,0.3043262121364908
SKU-0088,2017-11-13,5,2,0.0,10.0,0.0,4.484977131367375,2.550106701393469
SKU-0088,2017-11-14,5,2,5.0,2.0,0.0,5.754430071226607,1.9831473910658222
SKU-0088,2017-11-15,15,2,5.0,2.0,0.0,6.012844501468094,2.486737979761235
SKU-0088,2017-11-16,6,2,15.0,8.0,0.0,5.0241745774497755,0.24887987261741726
SKU-0088,2017-11-17,9,2,6.0,0.0,0.0,4.346723503030122,1.4888138196108704
SKU-0088,2017-11-18,0,2,9.0,0.0,0.0,3.7353816546974365,1.7441934641767471
SKU-0088,2017-11-19,0,2,0.0,0.0,0.0,2.9239538145040074,0.44738224239908553
SKU-0088,2017-11-20,10,2,0.0,5.0,0.0,4.496863230302909,2.9424571708844898
SKU-0088,2017-11-21,0,2,10.0,5.0,0.0,5.766316170162141,1.008616962621207
SKU-0088,2017-11-22,11,2,0.0,15.0,0.0,6.024730600403628,2.264267521386913
SKU-0088,2017-11-23,1,2,11.0,6.0,0.0,5.036060676385309,1.7468223209232512
SKU-0088,2017-11-24,2,2,1.0,9.0,0.0,4.358609601965656,1.5491923595150412
SKU-0088,2017-11-25,0,2,2.0,0.0,0.0,3.7472677536329697,1.8887601547628714
SKU-0088,2017-11-26,8,2,0.0,0.0,0.0,2.9358399134395405,1.7953659489323643
SKU-0088,2017-11-27,0,2,8.0,10.0,0.0,4.508749329238443,0.5485493214213567
SKU-0088,2017-11-28,2,2,0.0,0.0,0.0,5.778202269097674,1.6210540562870845
SKU-0088,2017-11-29,1,2,2.0,11.0,0.0,6.036616699339161,1.3945100218286985
SKU-0088,2017-11-30,2,2,1.0,1.0,0.0,5.047946775320843,0.0
SKU-0088,2017-12-01,7,2,2.0,2.0,0.0,4.3704957009011896,2.6896528129008574
SKU-0088,2017-12-02,0,2,7.0,0.0,0.0,3.759153852568503,1.404979642761988
SKU-0088,2017-12-03,0,2,0.0,8.0,0.0,2.9477260123750746,2.3194743965082796
SKU-0092,2017-11-06,47,2,13.0,44.0,0.0,7.875968008272012,2.992531841643332
SKU-0092,2017-11-07,0,2,47.0,0.0,0.0,6.699469578160143,0.0
SKU-0092,2017-11-08,66,2,0.0,0.0,0.0,10.216188043367051,2.6023083432810643
SKU-0092,2017-11-09,16,2,66.0,0.0,0.0,6.806129919974587,0.0
SKU-0092,2017-11-10,41,2,16.0,0.0,0.0,4.982691970780451,1.859858557353112
SKU-0092,2017-11-11,0,2,41.0,0.0,0.0,4.697670156142643,0.0
SKU-0092,2017-11-12,0,2,0.0,13.0,0.0,5.256846791593152,0.401293959814211
SKU-0092,2017-11-13,13,2,0.0,47.0,0.0,7.878615843120278,3.1602159997874044
SKU-0092,2017-11-14,0,2,13.0,0.0,0.0,6.70211741300841,1.174086388136565
SKU-0092,2017-11-15,40,2,0.0,66.0,0.0,10.218835878215318,4.159657886005857
SKU-0092,2017-11-16,0,2,40.0,16.0,0.0,6.808777754822853,1.384998849345015
SKU-0092,2017-11-17,14,2,0.0,41.0,0.0,4.985339805628717,3.117837730719977
SKU-0092,2017-11-18,21,2,14.0,0.0,0.0,4.70031799099091,2.036664009036888
SKU-0092,2017-11-19,0,2,21.0,0.0,0.0,5.259494626441419,1.9321016559103725
SKU-0092,2017-11-20,4,2,0.0,13.0,0.0,7.881263677968545,0.0
SKU-0092,2017-11-21,2,2,4.0,0.0,0.0,6.704765247856677,2.990881978364972
SKU-0092,2017-11-22,0,2,2.0,40.0,0.0,10.221483713063584,2.519506294303408
SKU-0092,2017-11-23,0,2,0.0,0.0,0.0,6.81142558967112,1.0270046940324622
SKU-0092,2017-11-24,3,2,0.0,14.0,0.0,4.987987640476984,2.424562161859972
SKU-0092,2017-11-25,11,2,3.0,21.0,0.0,4.702965825839176,2.3221167094898814
SKU-0092,2017-11-26,0,2,11.0,0.0,0.0,5.262142461289685,2.0314654088456834
SKU-0092,2017-11-27,4,2,0.0,4.0,0.0,7.883911512816811,3.1660013940938865
SKU-0092,2017-11-28,0,2,4.0,2.0,0.0,6.707413082704943,2.1789337940929623
SKU-0092,2017-11-29,0,2,0.0,0.0,0.0,10.22413154791185,3.6905549806097837
SKU-0092,2017-11-30,2,2,0.0,0.0,0.0,6.814073424519386,1.771959665617765
SKU-0092,2017-12-01,0,2,2.0,3.0,0.0,4.99063547532525,3.1667571451714234
SKU-0092,2017-12-02,0,2,0.0,11.0,0.0,4.705613660687443,2.8708709923646754
SKU-0092,2017-12-03,0,2,0.0,0.0,0.0,5.264790296137952,0.833232751420683
SKU-0093,2017-11-06,1,2,0.0,4.0,0.0,5.396211976425857,0.8426135574188492
SKU-0093,2017-11-07,8,2,1.0,1.0,0.0,6.106673493109073,3.107114260643286
SKU-0093,2017-11-08,5,2,8.0,0.0,0.0,6.106604846516164,2.3439099018075673
SKU-0093,2017-11-09,0,2,5.0,8.0,0.0,5.8456320775413655,2.191614438126646
SKU-0093,2017-11-10,1,2,0.0,5.0,0.0,5.804993579438939,1.5590842189295189
SKU-0093,2017-11-11,10,2,1.0,6.0,0.0,5.609301147887699,0.17739498092370973
SKU-0093,2017-11-12,4,2,10.0,0.0,0.0,6.019168337025371,1.4520644320628573
SKU-0093,2017-11-13,7,2,4.0,1.0,0.0,5.39056499927163,1.0218616760098187
SKU-0093,2017-11-14,5,2,7.0,8.0,0.0,6.101026515954847,0.9744724053616436
SKU-0093,2017-11-15,14,2,5.0,5.0,0.0,6.100957869361937,4.22076547718992
SKU-0093,2017-11-16,3,2,14.0,0.0,0.0,5.839985100387139,1.608485374062577
SKU-0093,2017-11-17,9,2,3.0,1.0,0.0,5.799346602284713,1.2078119088073382
SKU-0093,2017-11-18,4,2,9.0,10.0,0.0,5.603654170733472,0.8208875909283043
SKU-0093,2017-11-19,0,2,4.0,4.0,0.0,6.013521359871144,2.003560354536103
SKU-0093,2017-11-20,14,2,0.0,7.0,0.0,5.384918022117404,1.3649198199751362
SKU-0093,2017-11-21,2,2,14.0,5.0,0.0,6.0953795388006204,1.6264983126340125
SKU-0093,2017-11-22,5,2,2.0,14.0,0.0,6.095310892207711,2.1536657748049626
SKU-0093,2017-11-23,0,2,5.0,3.0,0.0,5.834338123232913,1.7220219364953537
SKU-0093,2017-11-24,3,2,0.0,9.0,0.0,5.793699625130486,0.0
SKU-0093,2017-11-25,6,2,3.0,4.0,0.0,5.598007193579246,1.5039000716492887
SKU-0093,2017-11-26,0,2,6.0,0.0,0.0,6.007874382716918,0.8919357265581275
SKU-0093,2017-11-27,9,2,0.0,14.0,0.0,5.379271044963177,0.47779688184871166
SKU-0093,2017-11-28,10,2,9.0,2.0,0.0,6.089732561646394,0.5506023834756046
SKU-0093,2017-11-29,1,2,10.0,5.0,0.0,6.089663915053484,1.9469463447471844
SKU-0093,2017-11-30,6,2,1.0,0.0,0.0,5.828691146078686,0.0
SKU-0093,2017-12-01,17,2,6.0,3.0,0.0,5.78805264797626,2.6958104205261715
SKU-0093,2017-12-02,12,2,17.0,6.0,0.0,5.5923602164250195,1.5657061285533573
SKU-0093,2017-12-03,8,2,12.0,0.0,0.0,6.002227405562691,1.261012409995178
SKU-0095,2017-11-06,7,2,5.0,5.0,0.0,4.032578544744178,1.5173072415827797
SKU-0095,2017-11-07,7,2,7.0,6.0,0.0,4.549959315100381,0.8581366501393951
SKU-0095,2017-11-08,0,2,7.0,3.0,0.0,4.781486489275164,3.1317759592702292
SKU-0095,2017-11-09,9,2,0.0,5.0,0.0,4.677266556582998,0.3119651702532027
SKU-0095,2017-11-10,3,2,9.0,5.0,0.0,3.428982271901823,1.0779551522252853
SKU-0095,2017-11-11,6,2,3.0,0.0,0.0,2.459621486699203,0.15131028048889836
SKU-0095,2017-11-12,0,2,6.0,5.0,0.0,3.876409238333238,0.7926656173017351
SKU-0095,2017-11-13,2,2,0.0,7.0,0.0,4.034374579800778,0.7917712823658902
SKU-0095,2017-11-14,5,2,2.0,7.0,0.0,4.551755350156981,0.7907900428613859
SKU-0095,2017-11-15,0,2,5.0,0.0,0.0,4.783282524331763,1.7719696405336685
SKU-0095,2017-11-16,17,2,0.0,9.0,0.0,4.679062591639597,0.6578364614183497
SKU-0095,2017-11-17,7,2,17.0,3.0,0.0,3.430778306958422,2.6453807781020893
SKU-0095,2017-11-18,3,2,7.0,6.0,0.0,2.461417521755803,1.6982246523126217
SKU-0095,2017-11-19,6,2,3.0,0.0,0.0,3.878205273389838,0.593272996230959
SKU-0095,2017-11-20,0,2,6.0,2.0,0.0,4.036170614857377,1.4586129234358123
SKU-0095,2017-11-21,0,2,0.0,5.0,0.0,4.553551385213581,1.4456672532874575
SKU-0095,2017-11-22,0,2,0.0,0.0,0.0,4.785078559388362,4.200573145712798
SKU-0095,2017-11-23,12,2,0.0,17.0,0.0,4.680858626696197,0.17017797165723414
SKU-0095,2017-11-24,15,2,12.0,7.0,0.0,3.432574342015022,0.0
SKU-0095,2017-11-25,4,2,15.0,3.0,0.0,2.463213556812402,0.7098957239466116
SKU-0095,2017-11-26,4,2,4.0,6.0,0.0,3.880001308446437,1.9050266671869431
SKU-0095,2017-11-27,1,2,4.0,0.0,0.0,4.037966649913976,0.36953727326282915
SKU-0095,2017-11-28,5,2,1.0,0.0,0.0,4.555347420270181,0.7151030990016907
SKU-0095,2017-11-29,9,2,5.0,0.0,0.0,4.786874594444962,2.7785124032909922
SKU-0095,2017-11-30,0,2,9.0,12.0,0.0,4.682654661752796,0.0
SKU-0095,2017-12-01,3,2,0.0,15.0,0.0,3.434370377071621,1.68243207399319
SKU-0095,2017-12-02,8,2,3.0,4.0,0.0,2.465009591869001,0.8437367668889826
SKU-0095,2017-12-03,5,2,8.0,4.0,0.0,3.881797343503037,1.510920914220089
SKU-0098,2017-11-06,6,2,11.0,22.0,0.0,6.049690648400908,3.4891081691464114
SKU-0098,2017-11-07,16,2,6.0,16.0,0.0,6.359709144343418,1.1621016013259637
SKU-0098,2017-11-08,5,2,16.0,8.0,0.0,8.123714342925977,4.3565340730773245
SKU-0098,2017-11-09,9,2,5.0,8.0,0.0,6.60100423620251,0.6409770344574289
SKU-0098,2017-11-10,9,2,9.0,0.0,0.0,5.661254224787142,1.963207380479017
SKU-0098,2017-11-11,5,2,9.0,0.0,0.0,3.7620693176449507,0.5916499572654852
SKU-0098,2017-11-12,10,2,5.0,11.0,0.0,5.090965479632053,1.7262091883717439
SKU-0098,2017-11-13,10,2,10.0,6.0,0.0,6.037387428343085,2.8218199885065056
SKU-0098,2017-11-14,10,2,10.0,16.0,0.0,6.347405924285596,0.732954765646285
SKU-0098,2017-11-15,3,2,10.0,5.0,0.0,8.111411122868153,3.077742658209923
SKU-0098,2017-11-16,26,2,3.0,9.0,0.0,6.588701016144687,1.324202293029927
SKU-0098,2017-11-17,6,2,26.0,9.0,0.0,5.648951004729319,1.7703816637955132
SKU-0098,2017-11-18,1,2,6.0,5.0,0.0,3.749766097587128,2.1046889844369403
SKU-0098,2017-11-19,5,2,1.0,10.0,0.0,5.07866225957423,1.6488341527945447
SKU-0098,2017-11-20,0,2,5.0,10.0,0.0,6.025084208285263,1.2754549089126401
SKU-0098,2017-11-21,9,2,0.0,10.0,0.0,6.335102704227773,2.2893945476320576
SKU-0098,2017-11-22,6,2,9.0,3.0,0.0,8.099107902810331,3.1058043508288
SKU-0098,2017-11-23,18,2,6.0,26.0,0.0,6.576397796086864,0.8800491571341569
SKU-0098,2017-11-24,30,2,18.0,6.0,0.0,5.636647784671497,1.6750280722691124
SKU-0098,2017-11-25,9,2,30.0,1.0,0.0,3.737462877529305,0.0
SKU-0098,2017-11-26,5,2,9.0,5.0,0.0,5.066359039516408,1.3385204024097177
SKU-0098,2017-11-27,0,2,5.0,0.0,0.0,6.012780988227441,0.7264383433622789
SKU-0098,2017-11-28,0,2,0.0,9.0,0.0,6.32279948416995,1.7479793607838758
SKU-0098,2017-11-29,16,2,0.0,6.0,0.0,8.086804682752508,1.2261694833613885
SKU-0098,2017-11-30,11,2,16.0,18.0,0.0,6.564094576029041,0.0
SKU-0098,2017-12-01,0,2,11.0,30.0,0.0,5.624344564613675,2.460146720818741
SKU-0098,2017-12-02,18,2,0.0,9.0,0.0,3.725159657471483,1.170422198004942
SKU-0098,2017-12-03,23,2,18.0,5.0,0.0,5.054055819458585,1.1432562727300073
SKU-0100,2017-11-06,10,2,10.0,9.0,0.0,12.550678086192129,1.846522752019163
SKU-0100,2017-11-07,7,2,10.0,21.0,0.0,13.221538434853633,1.5546375114982556
SKU-0100,2017-11-08,7,2,7.0,24.0,0.0,13.388583750647316,3.083822297644776
SKU-0100,2017-11-09,20,2,7.0,16.0,0.0,13.749607555275885,3.157903648669737
SKU-0100,2017-11-10,25,2,20.0,5.0,0.0,12.334438658228327,1.9964771399505736
SKU-0100,2017-11-11,3,2,25.0,12.0,0.0,13.576700098384467,0.0
SKU-0100,2017-11-12,2,2,3.0,10.0,0.0,11.920160051667628,3.507591621172032
SKU-0100,2017-11-13,5,2,2.0,10.0,0.0,12.563890456412349,1.8779836631546531
SKU-0100,2017-11-14,7,2,5.0,7.0,0.0,13.234750805073853,2.5975673606173606
SKU-0100,2017-11-15,17,2,7.0,7.0,0.0,13.401796120867534,4.295747916412725
SKU-0100,2017-11-16,19,2,17.0,20.0,0.0,13.762819925496103,1.7800897502347706
SKU-0100,2017-11-17,3,2,19.0,25.0,0.0,12.347651028448546,1.398219928143725
SKU-0100,2017-11-18,30,2,3.0,3.0,0.0,13.589912468604687,1.76530976247161
SKU-0100,2017-11-19,11,2,30.0,2.0,0.0,11.933372421887848,1.1490026301279133
SKU-0100,2017-11-20,8,2,11.0,5.0,0.0,12.577102826632567,2.4706441906550882
SKU-0100,2017-11-21,4,2,8.0,7.0,0.0,13.247963175294071,1.6319369026888049
SKU-0100,2017-11-22,1,2,4.0,17.0,0.0,13.415008491087754,2.961341130200229
SKU-0100,2017-11-23,16,2,1.0,19.0,0.0,13.776032295716323,0.0
SKU-0100,2017-11-24,33,2,16.0,3.0,0.0,12.360863398668766,0.0
SKU-0100,2017-11-25,6,2,33.0,30.0,0.0,13.603124838824906,0.6647293915598599
SKU-0100,2017-11-26,0,2,6.0,11.0,0.0,11.946584792108066,0.0
SKU-0100,2017-11-27,17,2,0.0,8.0,0.0,12.590315196852787,0.4654936186925519
SKU-0100,2017-11-28,13,2,17.0,4.0,0.0,13.261175545514291,2.1582828208889455
SKU-0100,2017-11-29,1,2,13.0,1.0,0.0,13.428220861307972,2.861317311796089
SKU-0100,2017-11-30,1,2,1.0,16.0,0.0,13.789244665936542,0.0
SKU-0100,2017-12-01,13,2,1.0,33.0,0.0,12.374075768888984,3.5342783663179906
SKU-0100,2017-12-02,7,2,13.0,6.0,0.0,13.616337209045126,1.5093782540058593
SKU-0100,2017-12-03,9,2,7.0,0.0,0.0,11.959797162328286,2.5709631645071025
SKU-0101,2017-11-06,2,2,0.0,0.0,0.0,2.5149801839831176,1.5859787874333593
SKU-0101,2017-11-07,8,2,2.0,3.0,0.0,2.7178721153287126,1.0837002875023682
SKU-0101,2017-11-08,0,2,8.0,1.0,0.0,2.4613523570654543,2.286890860313036
SKU-0101,2017-11-09,0,2,0.0,2.0,0.0,2.8439050322157344,0.5210485278411996
SKU-0101,2017-11-10,0,2,0.0,5.0,0.0,1.7425049930350416,3.661911137330364
SKU-0101,2017-11-11,3,2,0.0,0.0,0.0,1.4544338522773068,0.7935386856521655
SKU-0101,2017-11-12,4,2,3.0,0.0,0.0,1.9513814847758342,1.011368605618122
SKU-0101,2017-11-13,0,2,4.0,2.0,0.0,2.5114648231839496,1.3100840668252596
SKU-0101,2017-11-14,11,2,0.0,8.0,0.0,2.7143567545295446,0.5595744846962343
SKU-0101,2017-11-15,1,2,11.0,0.0,0.0,2.4578369962662863,2.332483117304665
SKU-0101,2017-11-16,12,2,1.0,0.0,0.0,2.8403896714165664,0.008097548750815552
SKU-0101,2017-11-17,0,2,12.0,0.0,0.0,1.7389896322358736,1.6207752388761587
SKU-0101,2017-11-18,0,2,0.0,3.0,0.0,1.4509184914781388,1.9790878865373478
SKU-0101,2017-11-19,0,2,0.0,4.0,0.0,1.9478661239766661,1.7612588211475686
SKU-0101,2017-11-20,0,2,0.0,0.0,0.0,2.507949462384782,0.6816477691345615
SKU-0101,2017-11-21,0,2,0.0,11.0,0.0,2.710841393730377,1.2492434196805107
SKU-0101,2017-11-22,5,2,0.0,1.0,0.0,2.4543216354671187,3.536443479397466
SKU-0101,2017-11-23,6,2,5.0,12.0,0.0,2.836874310617399,1.8969408657251499
SKU-0101,2017-11-24,2,2,6.0,0.0,0.0,1.735474271436706,1.675025670795729
SKU-0101,2017-11-25,0,2,2.0,0.0,0.0,1.4474031306789712,0.19386814348717826
SKU-0101,2017-11-26,6,2,0.0,0.0,0.0,1.9443507631774986,0.2511729650818587
SKU-0101,2017-11-27,0,2,6.0,0.0,0.0,2.5044341015856144,2.6569096320059593
SKU-0101,2017-11-28,0,2,0.0,0.0,0.0,2.7073260329312094,2.1287765769538582
SKU-0101,2017-11-29,4,2,0.0,5.0,0.0,2.4508062746679506,0.5785518435855722
SKU-0101,2017-11-30,4,2,4.0,6.0,0.0,2.8333589498182308,1.4152782498499061
SKU-0101,2017-12-01,3,2,4.0,2.0,0.0,1.731958910637538,2.5609684126028243
SKU-0101,2017-12-02,0,2,3.0,0.0,0.0,1.4438877698798032,1.4123913023511
SKU-0101,2017-12-03,5,2,0.0,6.0,0.0,1.9408354023783305,2.217505443292854
SKU-0105,2017-11-06,0,2,0.0,3.0,0.0,3.0070605780021085,1.3806554030601956
SKU-0105,2017-11-07,0,2,0.0,0.0,0.0,3.5401851521510834,0.6440856543897017
SKU-0105,2017-11-08,13,2,0.0,5.0,0.0,4.309810359810488,3.5690490918598656
SKU-0105,2017-11-09,0,2,13.0,4.0,0.0,3.9300287703571337,1.3355620839929931
SKU-0105,2017-11-10,5,2,0.0,4.0,0.0,2.4061365468748757,1.2611924935956018
SKU-0105,2017-11-11,5,2,5.0,10.0,0.0,1.922336393037325,0.9060664794981649
SKU-0105,2017-11-12,1,2,5.0,0.0,0.0,2.151001765044293,1.0966267551049615
SKU-0105,2017-11-13,3,2,1.0,0.0,0.0,3.004063066394511,0.316581330297917
SKU-0105,2017-11-14,0,2,3.0,0.0,0.0,3.537187640543486,1.3173037364896898
SKU-0105,2017-11-15,0,2,0.0,13.0,0.0,4.30681284820289,2.3305426055187035
SKU-0105,2017-11-16,5,2,0.0,0.0,0.0,3.927031258749536,0.48232068935593686
SKU-0105,2017-11-17,0,2,5.0,5.0,0.0,2.403139035267278,1.1128107497152024
SKU-0105,2017-11-18,0,2,0.0,5.0,0.0,1.9193388814297276,2.1270818342243025
SKU-0105,2017-11-19,0,2,0.0,1.0,0.0,2.148004253436696,1.6211585727323172
SKU-0105,2017-11-20,0,2,0.0,3.0,0.0,3.0010655547869134,2.7020511914752743
SKU-0105,2017-11-21,9,2,0.0,0.0,0.0,3.5341901289358884,2.4930491934613115
SKU-0105,2017-11-22,9,2,9.0,0.0,0.0,4.303815336595292,4.240339951527914
SKU-0105,2017-11-23,0,2,9.0,5.0,0.0,3.924033747141938,2.459178580748686
SKU-0105,2017-11-24,0,2,0.0,0.0,0.0,2.4001415236596806,0.3091792299476537
SKU-0105,2017-11-25,0,2,0.0,0.0,0.0,1.9163413698221299,0.41036884787276784
SKU-0105,2017-11-26,8,2,0.0,0.0,0.0,2.145006741829098,0.20399307612417736
SKU-0105,2017-11-27,1,2,8.0,0.0,0.0,2.9980680431793156,0.22431204876113084
SKU-0105,2017-11-28,4,2,1.0,9.0,0.0,3.5311926173282906,1.9431754218333384
SKU-0105,2017-11-29,0,2,4.0,9.0,0.0,4.300817824987695,3.0381139619791515
SKU-0105,2017-11-30,16,2,0.0,0.0,0.0,3.9210362355343404,0.0
SKU-0105,2017-12-01,3,2,16.0,0.0,0.0,2.397144012052083,2.5569199029702507
SKU-0105,2017-12-02,8,2,3.0,0.0,0.0,1.9133438582145321,1.6344100196038351
SKU-0105,2017-12-03,3,2,8.0,8.0,0.0,2.1420092302215004,1.7842220268546207
SKU-0107,2017-11-06,2,2,0.0,5.0,0.0,3.901032692670567,1.6832078424381394
SKU-0107,2017-11-07,1,2,2.0,0.0,0.0,5.274869205533791,1.5130718049045346
SKU-0107,2017-11-08,5,2,1.0,1.0,0.0,4.550975592014801,1.5172320327852957
SKU-0107,2017-11-09,11,2,5.0,3.0,0.0,5.031827240836671,0.0
SKU-0107,2017-11-10,6,2,11.0,0.0,0.0,3.4377601507713083,1.534239903254229
SKU-0107,2017-11-11,3,2,6.0,0.0,0.0,2.2679024561709813,0.5532916389128296
SKU-0107,2017-11-12,21,2,3.0,0.0,0.0,2.929330959511941,0.4034173043249878
SKU-0107,2017-11-13,7,2,21.0,2.0,0.0,3.906896977599666,0.9303917093672378
SKU-0107,2017-11-14,4,2,7.0,1.0,0.0,5.2807334904628895,1.587033744448292
SKU-0107,2017-11-15,0,2,4.0,5.0,0.0,4.556839876943899,2.508805049895643
SKU-0107,2017-11-16,4,2,0.0,11.0,0.0,5.037691525765769,0.3936879354645615
SKU-0107,2017-11-17,5,2,4.0,6.0,0.0,3.443624435700407,2.7779743053482195
SKU-0107,2017-11-18,4,2,5.0,3.0,0.0,2.27376674110008,1.8343515040930183
SKU-0107,2017-11-19,6,2,4.0,21.0,0.0,2.9351952444410396,2.800143582476296
SKU-0107,2017-11-20,8,2,6.0,7.0,0.0,3.9127612625287647,1.093192818860909
SKU-0107,2017-11-21,0,2,8.0,4.0,0.0,5.2865977753919875,1.1003502839925519
SKU-0107,2017-11-22,0,2,0.0,0.0,0.0,4.562704161872998,2.118182070843625
SKU-0107,2017-11-23,7,2,0.0,4.0,0.0,5.043555810694868,2.6114207823877993
SKU-0107,2017-11-24,6,2,7.0,5.0,0.0,3.4494887206295055,0.359544881589824
SKU-0107,2017-11-25,0,2,6.0,4.0,0.0,2.279631026029179,0.0
SKU-0107,2017-11-26,5,2,0.0,6.0,0.0,2.941059529370138,0.9609051779229104
SKU-0107,2017-11-27,2,2,5.0,8.0,0.0,3.918625547457863,0.6528330959000678
SKU-0107,2017-11-28,0,2,2.0,0.0,0.0,5.292462060321086,0.47105513529546084
SKU-0107,2017-11-29,2,2,0.0,0.0,0.0,4.568568446802097,2.5031923046850246
SKU-0107,2017-11-30,13,2,2.0,7.0,0.0,5.049420095623967,0.0
SKU-0107,2017-12-01,0,2,13.0,6.0,0.0,3.4553530055586044,1.450771011009195
SKU-0107,2017-12-02,3,2,0.0,0.0,0.0,2.285495310958278,0.913924441551893
SKU-0107,2017-12-03,6,2,3.0,5.0,0.0,2.946923814299237,1.4427093820807806
SKU-0108,2017-11-06,0,2,2.0,4.0,0.0,3.7158601258189448,2.2000429515495963
SKU-0108,2017-11-07,0,2,0.0,0.0,0.0,3.384898320340938,0.5039854059744497
SKU-0108,2017-11-08,14,2,0.0,3.0,0.0,3.9725846052980334,1.9461995100100846
SKU-0108,2017-11-09,1,2,14.0,8.0,0.0,3.4381861600708,0.7162610005536053
SKU-0108,2017-11-10,0,2,1.0,4.0,0.0,2.572301050356128,1.430831569765899
SKU-0108,2017-11-11,0,2,0.0,0.0,0.0,3.350959052683763,0.0
SKU-0108,2017-11-12,0,2,0.0,2.0,0.0,2.8743865355382145,0.14187402117379785
SKU-0108,2017-11-13,4,2,0.0,0.0,0.0,3.7114114828528617,0.8132150049051154
SKU-0108,2017-11-14,3,2,4.0,0.0,0.0,3.380449677374855,1.5924365527681472
SKU-0108,2017-11-15,3,2,3.0,14.0,0.0,3.96813596233195,2.3881957434043253
SKU-0108,2017-11-16,6,2,3.0,1.0,0.0,3.4337375171047166,1.3239960764716106
SKU-0108,2017-11-17,4,2,6.0,0.0,0.0,2.5678524073900446,1.347366907436757
SKU-0108,2017-11-18,6,2,4.0,0.0,0.0,3.34651040971768,1.2586255957564123
SKU-0108,2017-11-19,4,2,6.0,0.0,0.0,2.8699378925721315,0.2787605978901874
SKU-0108,2017-11-20,1,2,4.0,4.0,0.0,3.706962839886778,3.1316814627976526
SKU-0108,2017-11-21,1,2,1.0,3.0,0.0,3.3760010344087714,2.299881853585297
SKU-0108,2017-11-22,4,2,1.0,3.0,0.0,3.9636873193658664,3.8603359722387998
SKU-0108,2017-11-23,5,2,4.0,6.0,0.0,3.429288874138633,0.48372042720452213
SKU-0108,2017-11-24,2,2,5.0,4.0,0.0,2.5634037644239616,1.7805812106253405
SKU-0108,2017-11-25,0,2,2.0,6.0,0.0,3.3420617667515966,1.595741495046677
SKU-0108,2017-11-26,5,2,0.0,4.0,0.0,2.865489249606048,1.5355471395932454
SKU-0108,2017-11-27,4,2,5.0,1.0,0.0,3.7025141969206947,0.6943886716266583
SKU-0108,2017-11-28,0,2,4.0,1.0,0.0,3.371552391442688,0.7114259999482356
SKU-0108,2017-11-29,0,2,0.0,4.0,0.0,3.9592386763997833,0.7532909784867622
SKU-0108,2017-11-30,2,2,0.0,5.0,0.0,3.42484023117255,0.0
SKU-0108,2017-12-01,0,2,2.0,2.0,0.0,2.558955121457878,2.307564221765038
SKU-0108,2017-12-02,7,2,0.0,0.0,0.0,3.337613123785513,0.6395380219916187
SKU-0108,2017-12-03,2,2,7.0,5.0,0.0,2.8610406066399645,1.8135429054397445
SKU-0109,2017-11-06,55,2,60.0,37.0,0.0,47.5093846884651,0.0
SKU-0109,2017-11-07,74,2,55.0,48.0,0.0,50.50062771483099,1.6907089773901027
SKU-0109,2017-11-08,46,2,74.0,51.0,0.0,51.542190986273624,0.0
SKU-0109,2017-11-09,107,2,46.0,37.0,0.0,52.74825793620076,17.047926393553336
SKU-0109,2017-11-10,68,2,107.0,15.0,0.0,41.76071050013333,0.0
SKU-0109,2017-11-11,8,2,68.0,19.0,0.0,31.87577539712707,1.0741977642896932
SKU-0109,2017-11-12,43,2,8.0,60.0,0.0,39.66898082823423,0.0
SKU-0109,2017-11-13,57,2,43.0,55.0,0.0,47.588606719985016,1.2311067935280373
SKU-0109,2017-11-14,126,2,57.0,74.0,0.0,50.57984974635091,0.0
SKU-0109,2017-11-15,66,2,126.0,46.0,0.0,51.621413017793536,0.0
SKU-0109,2017-11-16,31,2,66.0,107.0,0.0,52.82747996772068,0.0
SKU-0109,2017-11-17,51,2,31.0,68.0,0.0,41.83993253165325,7.051218528472484
SKU-0109,2017-11-18,8,2,51.0,8.0,0.0,31.95499742864699,0.0
SKU-0109,2017-11-19,68,2,8.0,43.0,0.0,39.74820285975415,1.2257634699437256
SKU-0109,2017-11-20,68,2,68.0,57.0,0.0,47.667828751504935,3.144127611763579
SKU-0109,2017-11-21,63,2,68.0,126.0,0.0,50.65907177787082,11.216209571202608
SKU-0109,2017-11-22,38,2,63.0,66.0,0.0,51.700635049313455,1.8143273751336018
SKU-0109,2017-11-23,56,2,38.0,31.0,0.0,52.906701999240596,0.0
SKU-0109,2017-11-24,67,2,56.0,51.0,0.0,41.919154563173166,0.0
SKU-0109,2017-11-25,22,2,67.0,8.0,0.0,32.03421946016691,0.0
SKU-0109,2017-11-26,36,2,22.0,68.0,0.0,39.82742489127407,0.0
SKU-0109,2017-11-27,41,2,36.0,68.0,0.0,47.74705078302485,0.32909323601897894
SKU-0109,2017-11-28,14,2,41.0,63.0,0.0,50.73829380939074,4.886665554510084
SKU-0109,2017-11-29,48,2,14.0,38.0,0.0,51.779857080833374,0.0
SKU-0109,2017-11-30,78,2,48.0,56.0,0.0,52.985924030760515,0.0
SKU-0109,2017-12-01,48,2,78.0,67.0,0.0,41.998376594693084,2.38059449048833
SKU-0109,2017-12-02,58,2,48.0,22.0,0.0,32.11344149168683,0.0
SKU-0109,2017-12-03,97,2,58.0,36.0,0.0,39.90664692279398,1.3485762212539238
SKU-0110,2017-11-06,5,2,12.0,10.0,0.0,70.8578575496109,2.502571681080181
SKU-0110,2017-11-07,128,2,5.0,102.0,0.0,91.43578032629176,3.251778406317307
SKU-0110,2017-11-08,246,2,128.0,550.0,0.0,90.49536034860905,5.322547371426587
SKU-0110,2017-11-09,33,2,246.0,18.0,0.0,75.179372730341,0.0
SKU-0110,2017-11-10,322,2,33.0,24.0,0.0,104.93279089402449,3.6976885114024265
SKU-0110,2017-11-11,116,2,322.0,18.0,0.0,68.39087019916656,2.6075607927549127
SKU-0110,2017-11-12,4,2,116.0,12.0,0.0,65.94968585805532,15.418471191534142
SKU-0110,2017-11-13,99,2,4.0,5.0,0.0,70.86193444209954,1.7549111365458707
SKU-0110,2017-11-14,70,2,99.0,128.0,0.0,91.43985721878039,5.637363675455013
SKU-0110,2017-11-15,35,2,70.0,246.0,0.0,90.4994372410977,20.20851289846233
SKU-0110,2017-11-16,23,2,35.0,33.0,0.0,75.18344962282963,0.0
SKU-0110,2017-11-17,1,2,23.0,322.0,0.0,104.93686778651313,7.42842337416472
SKU-0110,2017-11-18,0,2,1.0,116.0,0.0,68.39494709165518,0.0
SKU-0110,2017-11-19,207,2,0.0,4.0,0.0,65.95376275054396,0.7023087665589881
SKU-0110,2017-11-20,30,2,207.0,99.0,0.0,70.86601133458817,11.177145797425991
SKU-0110,2017-11-21,326,2,30.0,70.0,0.0,91.44393411126903,0.47340368976515423
SKU-0110,2017-11-22,139,2,326.0,35.0,0.0,90.50351413358632,0.0
SKU-0110,2017-11-23,46,2,139.0,23.0,0.0,75.18752651531827,5.129668540892863
SKU-0110,2017-11-24,41,2,46.0,1.0,0.0,104.94094467900176,6.824439201532667
SKU-0110,2017-11-25,16,2,41.0,0.0,0.0,68.39902398414382,4.0108584614719645
SKU-0110,2017-11-26,21,2,16.0,207.0,0.0,65.95783964303259,11.765863417507907
SKU-0110,2017-11-27,36,2,21.0,30.0,0.0,70.8700882270768,0.0
SKU-0110,2017-11-28,0,2,36.0,326.0,0.0,91.44801100375766,12.875971078042086
SKU-0110,2017-11-29,14,2,0.0,139.0,0.0,90.50759102607496,12.505535075114826
SKU-0110,2017-11-30,53,2,14.0,46.0,0.0,75.1916034078069,0.0
SKU-0110,2017-12-01,20,2,53.0,41.0,0.0,104.9450215714904,0.0
SKU-0110,2017-12-02,122,2,20.0,16.0,0.0,68.40310087663245,1.0306978546372647
SKU-0110,2017-12-03,44,2,122.0,21.0,0.0,65.96191653552123,5.916033084970272
SKU-0112,2017-11-06,4,2,2.0,1.0,0.0,3.6356862363069355,0.4781096232243818
SKU-0112,2017-11-07,8,2,4.0,0.0,0.0,3.9127207797918233,1.7156711078535594
SKU-0112,2017-11-08,0,2,8.0,0.0,0.0,4.14916746165494,2.6976008169013803
SKU-0112,2017-11-09,5,2,0.0,0.0,0.0,3.865232139791396,0.8212871646313805
SKU-0112,2017-11-10,8,2,5.0,0.0,0.0,2.7376962479737164,1.2306030891087687
SKU-0112,2017-11-11,4,2,8.0,0.0,0.0,1.9457917372448712,0.40711496335597874
SKU-0112,2017-11-12,1,2,4.0,2.0,0.0,2.596716918195943,0.8196325376994874
SKU-0112,2017-11-13,0,2,1.0,4.0,0.0,3.6413164104019553,1.045721774659194
SKU-0112,2017-11-14,2,2,0.0,8.0,0.0,3.918350953886843,1.0910583104918319
SKU-0112,2017-11-15,6,2,2.0,0.0,0.0,4.1547976357499605,3.7064026652863684
SKU-0112,2017-11-16,4,2,6.0,5.0,0.0,3.8708623138864158,2.337707441663746
SKU-0112,2017-11-17,0,2,4.0,8.0,0.0,2.743326422068736,2.4471060842964643
SKU-0112,2017-11-18,5,2,0.0,4.0,0.0,1.951421911339891,1.9790878865373478
SKU-0112,2017-11-19,0,2,5.0,1.0,0.0,2.602347092290963,0.23434225818085117
SKU-0112,2017-11-20,0,2,0.0,0.0,0.0,3.646946584496975,1.0157706613244315
SKU-0112,2017-11-21,0,2,0.0,2.0,0.0,3.923981127981863,1.9621747932904496
SKU-0112,2017-11-22,8,2,0.0,6.0,0.0,4.16042780984498,3.5791771094362916
SKU-0112,2017-11-23,9,2,8.0,4.0,0.0,3.8764924879814355,0.6594223805331564
SKU-0112,2017-11-24,1,2,9.0,0.0,0.0,2.748956596163756,0.7697650651121785
SKU-0112,2017-11-25,4,2,1.0,5.0,0.0,1.9570520854349103,0.020142805362548085
SKU-0112,2017-11-26,11,2,4.0,0.0,0.0,2.6079772663859826,0.5928843638403305
SKU-0112,2017-11-27,0,2,11.0,0.0,0.0,3.652576758591995,2.5168093835907075
SKU-0112,2017-11-28,0,2,0.0,0.0,0.0,3.9296113020768826,0.11609191445272515
SKU-0112,2017-11-29,3,2,0.0,8.0,0.0,4.16605798394,0.1646255760662176
SKU-0112,2017-11-30,19,2,3.0,9.0,0.0,3.8821226620764553,0.0
SKU-0112,2017-12-01,0,2,19.0,1.0,0.0,2.7545867702587756,1.7334780658983182
SKU-0112,2017-12-02,6,2,0.0,4.0,0.0,1.96268225952993,0.5095493295819917
SKU-0112,2017-12-03,0,2,6.0,11.0,0.0,2.6136074404810024,1.9680726912146025
SKU-0115,2017-11-06,8,2,4.0,10.0,0.0,5.912290119339342,1.4528598545698688
SKU-0115,2017-11-07,8,2,8.0,8.0,0.0,7.377743291508545,0.6535969695442672
SKU-0115,2017-11-08,0,2,8.0,4.0,0.0,7.475899008131967,4.230766327935675
SKU-0115,2017-11-09,4,2,0.0,0.0,0.0,6.123269168218413,2.599708420269839
SKU-0115,2017-11-10,3,2,4.0,11.0,0.0,5.8849071023270945,1.469687049730594
SKU-0115,2017-11-11,2,2,3.0,0.0,0.0,5.230245741671762,0.028635699326665418
SKU-0115,2017-11-12,0,2,2.0,4.0,0.0,5.469271090055564,0.8305501578884292
SKU-0115,2017-11-13,5,2,0.0,8.0,0.0,5.9276436175732385,2.3272241298113916
SKU-0115,2017-11-14,12,2,5.0,8.0,0.0,7.393096789742442,1.384496807332537
SKU-0115,2017-11-15,5,2,12.0,0.0,0.0,7.491252506365864,2.3029644662049655
SKU-0115,2017-11-16,11,2,5.0,4.0,0.0,6.138622666452309,1.722860441541595
SKU-0115,2017-11-17,10,2,11.0,3.0,0.0,5.900260600560991,2.5402554947274774
SKU-0115,2017-11-18,6,2,10.0,2.0,0.0,5.245599239905659,2.043028330686491
SKU-0115,2017-11-19,4,2,6.0,0.0,0.0,5.48462458828946,0.6922128763870247
SKU-0115,2017-11-20,10,2,4.0,5.0,0.0,5.9429971158071355,2.8416156913858845
SKU-0115,2017-11-21,0,2,10.0,12.0,0.0,7.408450287976338,1.7478949468945042
SKU-0115,2017-11-22,18,2,0.0,5.0,0.0,7.506606004599761,4.038082372774223
SKU-0115,2017-11-23,9,2,18.0,11.0,0.0,6.153976164686206,1.7742631705107712
SKU-0115,2017-11-24,6,2,9.0,10.0,0.0,5.9156140987948875,0.0243188200829785
SKU-0115,2017-11-25,5,2,6.0,6.0,0.0,5.260952738139556,0.0
SKU-0115,2017-11-26,1,2,5.0,4.0,0.0,5.499978086523357,1.9417239852250285
SKU-0115,2017-11-27,1,2,1.0,10.0,0.0,5.9583506140410325,1.153106924157443
SKU-0115,2017-11-28,0,2,1.0,0.0,0.0,7.423803786210235,2.192342737481997
SKU-0115,2017-11-29,2,2,0.0,18.0,0.0,7.521959502833657,1.6493105898571656
SKU-0115,2017-11-30,10,2,2.0,9.0,0.0,6.169329662920103,1.1509033671097328
SKU-0115,2017-12-01,0,2,10.0,6.0,0.0,5.9309675970287845,1.8941615968733707
SKU-0115,2017-12-02,8,2,0.0,5.0,0.0,5.276306236373453,0.4602393114556078
SKU-0115,2017-12-03,5,2,8.0,1.0,0.0,5.515331584757254,1.3944638609030222
SKU-0116,2017-11-06,28,2,8.0,34.0,0.0,9.744942951487783,2.883856159536976
SKU-0116,2017-11-07,1,2,28.0,2.0,0.0,12.961440629612342,0.2709796240405699
SKU-0116,2017-11-08,4,2,1.0,3.0,0.0,12.759760601046427,2.527228077541181
SKU-0116,2017-11-09,0,2,4.0,10.0,0.0,11.009545117325967,0.0
SKU-0116,2017-11-10,7,2,0.0,8.0,0.0,8.388720783645208,1.8924555853409
SKU-0116,2017-11-11,10,2,7.0,11.0,0.0,6.705250391496454,0.5161322992415383
SKU-0116,2017-11-12,4,2,10.0,8.0,0.0,8.728938786627214,1.398480397892553
SKU-0116,2017-11-13,9,2,4.0,28.0,0.0,9.75091750102852,3.733198158614272
SKU-0116,2017-11-14,12,2,9.0,1.0,0.0,12.96741517915308,0.8663540685569284
SKU-0116,2017-11-15,24,2,12.0,4.0,0.0,12.765735150587163,2.7344100134359604
SKU-0116,2017-11-16,7,2,24.0,0.0,0.0,11.015519666866703,0.7629127472635514
SKU-0116,2017-11-17,3,2,7.0,7.0,0.0,8.394695333185947,1.9297845046573885
SKU-0116,2017-11-18,4,2,3.0,10.0,0.0,6.711224941037191,1.4205718510169036
SKU-0116,2017-11-19,7,2,4.0,4.0,0.0,8.734913336167953,1.564494232027656
SKU-0116,2017-11-20,26,2,7.0,9.0,0.0,9.756892050569256,4.370167033444768
SKU-0116,2017-11-21,16,2,26.0,12.0,0.0,12.973389728693817,1.6296121127712992
SKU-0116,2017-11-22,14,2,16.0,24.0,0.0,12.771709700127902,3.4716996934697555
SKU-0116,2017-11-23,18,2,14.0,7.0,0.0,11.02149421640744,2.4545669474892904
SKU-0116,2017-11-24,0,2,18.0,3.0,0.0,8.400669882726685,1.3181482284935757
SKU-0116,2017-11-25,6,2,0.0,4.0,0.0,6.717199490577929,1.0882811414820315
SKU-0116,2017-11-26,10,2,6.0,7.0,0.0,8.74088788570869,0.28203204920249886
SKU-0116,2017-11-27,14,2,10.0,26.0,0.0,9.762866600109994,1.0916760372779162
SKU-0116,2017-11-28,4,2,14.0,16.0,0.0,12.979364278234554,1.0636981064061195
SKU-0116,2017-11-29,5,2,4.0,14.0,0.0,12.777684249668638,1.2099347409011016
SKU-0116,2017-11-30,11,2,5.0,18.0,0.0,11.027468765948178,0.9255694498333761
SKU-0116,2017-12-01,31,2,11.0,0.0,0.0,8.40664443226742,2.176603471659123
SKU-0116,2017-12-02,6,2,31.0,6.0,0.0,6.723174040118666,0.3208769757547693
SKU-0116,2017-12-03,4,2,6.0,10.0,0.0,8.746862435249428,2.4746126886267104
SKU-0118,2017-11-06,3,2,0.0,0.0,0.0,2.25077673096187,0.9232672095802738
SKU-0118,2017-11-07,1,2,3.0,3.0,0.0,4.177976449042473,1.271298489215124
SKU-0118,2017-11-08,0,2,1.0,0.0,0.0,5.221768465797196,2.071506084797864
SKU-0118,2017-11-09,0,2,0.0,0.0,0.0,5.312478776536967,0.8212871646313805
SKU-0118,2017-11-10,2,2,0.0,0.0,0.0,4.670421912865054,1.6029796850355513
SKU-0118,2017-11-11,5,2,2.0,0.0,0.0,2.5243334168363996,0.7935386856521655
SKU-0118,2017-11-12,0,2,5.0,0.0,0.0,2.381435723017294,0.0
SKU-0118,2017-11-13,0,2,0.0,3.0,0.0,2.247494889848598,1.2149805923941381
SKU-0118,2017-11-14,0,2,0.0,1.0,0.0,4.174694607929201,0.8498312128684986
SKU-0118,2017-11-15,0,2,0.0,0.0,0.0,5.2184866246839245,3.47806837014662
SKU-0118,2017-11-16,4,2,0.0,0.0,0.0,5.309196935423695,2.3243280651108305
SKU-0118,2017-11-17,0,2,4.0,2.0,0.0,4.667140071751783,2.7779743053482195
SKU-0118,2017-11-18,0,2,0.0,5.0,0.0,2.5210515757231278,1.9790878865373478
SKU-0118,2017-11-19,7,2,0.0,0.0,0.0,2.3781538819040215,1.4382304599291693
SKU-0118,2017-11-20,0,2,7.0,0.0,0.0,2.2442130487353262,1.1838467956469312
SKU-0118,2017-11-21,0,2,0.0,0.0,0.0,4.171412766815929,1.0552142398219262
SKU-0118,2017-11-22,0,2,0.0,0.0,0.0,5.215204783570652,3.469792009934361
SKU-0118,2017-11-23,0,2,0.0,4.0,0.0,5.305915094310423,2.1692487049807645
SKU-0118,2017-11-24,0,2,0.0,0.0,0.0,4.66385823063851,0.0
SKU-0118,2017-11-25,9,2,0.0,0.0,0.0,2.517769734609856,0.41036884787276784
SKU-0118,2017-11-26,0,2,9.0,7.0,0.0,2.3748720407907498,1.737861105219474
SKU-0118,2017-11-27,1,2,0.0,0.0,0.0,2.2409312076220536,2.544520599659206
SKU-0118,2017-11-28,0,2,1.0,0.0,0.0,4.168130925702657,1.8742683490653158
SKU-0118,2017-11-29,11,2,0.0,0.0,0.0,5.211922942457381,2.643292553100276
SKU-0118,2017-11-30,0,2,11.0,0.0,0.0,5.3026332531971505,0.0
SKU-0118,2017-12-01,5,2,0.0,0.0,0.0,4.660576389525239,1.8925916284182518
SKU-0118,2017-12-02,0,2,5.0,9.0,0.0,2.514487893496584,1.4918889529679051
SKU-0118,2017-12-03,0,2,0.0,0.0,0.0,2.3715901996774775,1.413454931306621
SKU-0120,2017-11-06,5,2,5.0,0.0,0.0,2.921353727831275,0.8445800242751149
SKU-0120,2017-11-07,0,2,5.0,5.0,0.0,3.6976065203828816,1.2294546143800686
SKU-0120,2017-11-08,0,2,0.0,8.0,0.0,3.9277253457732937,2.682987045255515
SKU-0120,2017-11-09,0,2,0.0,0.0,0.0,3.397281717113571,0.46728115028355477
SKU-0120,2017-11-10,0,2,0.0,2.0,0.0,3.0814518517255465,1.6638204105155743
SKU-0120,2017-11-11,5,2,0.0,2.0,0.0,3.2627657121524996,0.24611675917254824
SKU-0120,2017-11-12,2,2,5.0,5.0,0.0,2.846451635836038,0.9993702865778115
SKU-0120,2017-11-13,14,2,2.0,5.0,0.0,2.926914610189785,1.5175330317720823
SKU-0120,2017-11-14,5,2,14.0,0.0,0.0,3.703167402741392,1.4917600768165287
SKU-0120,2017-11-15,0,2,5.0,0.0,0.0,3.9332862281318035,3.4173427385621302
SKU-0120,2017-11-16,1,2,0.0,0.0,0.0,3.4028425994720815,2.2038414373066653
SKU-0120,2017-11-17,0,2,1.0,0.0,0.0,3.0870127340840563,0.5397955152313263
SKU-0120,2017-11-18,1,2,0.0,5.0,0.0,3.26832659451101,0.0
SKU-0120,2017-11-19,6,2,1.0,2.0,0.0,2.852012518194548,0.44738224239908553
SKU-0120,2017-11-20,0,2,6.0,14.0,0.0,2.932475492548295,1.591216137576032
SKU-0120,2017-11-21,2,2,0.0,5.0,0.0,3.7087282850999017,2.371079324964937
SKU-0120,2017-11-22,3,2,2.0,0.0,0.0,3.9388471104903138,3.775069515496979
SKU-0120,2017-11-23,3,2,3.0,1.0,0.0,3.4084034818305913,2.4290675143198825
SKU-0120,2017-11-24,9,2,3.0,0.0,0.0,3.0925736164425666,2.000109117412354
SKU-0120,2017-11-25,0,2,9.0,1.0,0.0,3.2738874768695196,0.32876979158931185
SKU-0120,2017-11-26,3,2,0.0,6.0,0.0,2.8575734005530578,0.0
SKU-0120,2017-11-27,5,2,3.0,0.0,0.0,2.938036374906805,2.2929004100599464
SKU-0120,2017-11-28,3,2,5.0,2.0,0.0,3.714289167458412,0.632882627911967
SKU-0120,2017-11-29,0,2,3.0,3.0,0.0,3.9444079928488236,3.371270581493424
SKU-0120,2017-11-30,0,2,0.0,3.0,0.0,3.4139643641891015,0.0
SKU-0120,2017-12-01,9,2,0.0,9.0,0.0,3.0981344988010764,1.7594531994470084
SKU-0120,2017-12-02,12,2,9.0,0.0,0.0,3.27944835922803,1.030419435769418
SKU-0120,2017-12-03,0,2,12.0,3.0,0.0,2.8631342829115676,1.7106079245534396
SKU-0002,2017-12-04,3,3,3.0,0.0,1.9642857142857142,3.555957249250073,2.263265318285841
SKU-0002,2017-12-05,6,3,3.0,0.0,2.2142857142857144,3.1094839903780627,2.287033283032233
SKU-0002,2017-12-06,5,3,6.0,0.0,2.392857142857143,3.9579731549936827,2.9056552847497756
SKU-0002,2017-12-07,0,3,5.0,0.0,2.392857142857143,3.082082939020525,2.6998074951496056
SKU-0002,2017-12-08,1,3,0.0,0.0,2.4285714285714284,3.3957556237758144,3.1220497938084755
SKU-0002,2017-12-09,0,3,1.0,5.0,2.357142857142857,2.722207838282163,1.770061929136839
SKU-0002,2017-12-10,0,3,0.0,3.0,2.357142857142857,2.9639414471968317,2.8337005190579836
SKU-0002,2017-12-11,20,3,0.0,3.0,2.357142857142857,3.5618572669955357,3.379282322967496
SKU-0002,2017-12-12,0,3,20.0,6.0,2.357142857142857,3.1153840081235256,3.3806800041739837
SKU-0002,2017-12-13,0,3,0.0,5.0,2.25,3.9638731727391456,2.494951191375467
SKU-0002,2017-12-14,0,3,0.0,0.0,2.6785714285714284,3.0879829567659876,2.316626913193252
SKU-0002,2017-12-15,4,3,0.0,1.0,2.6785714285714284,3.4016556415212773,2.3605300534816496
SKU-0002,2017-12-16,1,3,4.0,0.0,2.5714285714285716,2.728107856027626,1.30870137967658
SKU-0002,2017-12-17,3,3,1.0,0.0,2.7142857142857144,2.969841464942294,1.9727836709795978
SKU-0002,2017-12-18,10,3,3.0,20.0,2.7142857142857144,3.5677572847409986,2.9406046240142163
SKU-0002,2017-12-19,0,3,10.0,0.0,3.142857142857143,3.121284025868988,3.1342224600125776
SKU-0002,2017-12-20,0,3,0.0,0.0,3.5714285714285716,3.9697731904846085,3.474581391602484
SKU-0002,2017-12-21,0,3,0.0,0.0,3.5714285714285716,3.0938829745114504,3.595884699273648
SKU-0002,2017-12-22,0,3,0.0,4.0,3.2142857142857144,3.4075556592667398,3.8087423205423483
SKU-0002,2017-12-23,0,3,0.0,1.0,3.392857142857143,2.7340078737730886,3.299241058519304
SKU-0002,2017-12-24,1,3,0.0,3.0,3.392857142857143,2.975741482687757,3.2213668659929917
SKU-0002,2017-12-25,0,3,1.0,10.0,3.392857142857143,3.5736573024864615,2.4228959938154992
SKU-0002,2017-12-26,4,3,0.0,0.0,3.392857142857143,3.127184043614451,2.4606487123343466
SKU-0002,2017-12-27,0,3,4.0,0.0,3.392857142857143,3.975673208230071,3.0809190479453337
SKU-0002,2017-12-28,5,3,0.0,0.0,3.5,3.0997829922569133,2.7138428868650704
SKU-0002,2017-12-29,2,3,5.0,0.0,3.4285714285714284,3.4134556770122026,2.4829586656187854
SKU-0002,2017-12-30,0,3,2.0,0.0,3.4285714285714284,2.739907891518552,2.9500519455708156
SKU-0002,2017-12-31,6,3,0.0,1.0,3.4285714285714284,2.98164150043322,3.039332066384089
SKU-0003,2017-12-04,8,3,10.0,0.0,4.0,1.617103509108264,2.1672304357915517
SKU-0003,2017-12-05,7,3,8.0,0.0,4.392857142857143,1.7483180887324805,1.727272749129227
SKU-0003,2017-12-06,4,3,7.0,0.0,4.392857142857143,1.6634068513517901,1.7920950830128046
SKU-0003,2017-12-07,2,3,4.0,2.0,4.964285714285714,1.7459212649498088,2.053293665711121
SKU-0003,2017-12-08,5,3,2.0,0.0,4.428571428571429,1.543912880576725,1.6875421927043395
SKU-0003,2017-12-09,0,3,5.0,0.0,4.571428571428571,1.2300653257209602,1.3662417364157056
SKU-0003,2017-12-10,0,3,0.0,10.0,4.107142857142857,1.5374030012067794,2.377585316093722
SKU-0003,2017-12-11,0,3,0.0,8.0,3.892857142857143,1.6194953379582666,2.6626758339228234
SKU-0003,2017-12-12,6,3,0.0,7.0,4.0,1.7507099175824832,1.9788760718695844
SKU-0003,2017-12-13,13,3,6.0,4.0,4.142857142857143,1.6657986802017928,2.5270200584151787
SKU-0003,2017-12-14,0,3,13.0,2.0,4.607142857142857,1.7483130937998115,1.726206877385354
SKU-0003,2017-12-15,0,3,0.0,5.0,4.857142857142857,1.546304709426728,2.064318620952946
SKU-0003,2017-12-16,4,3,0.0,0.0,4.964285714285714,1.2324571545709628,1.6552122918108583
SKU-0003,2017-12-17,0,3,4.0,0.0,4.821428571428571,1.539794830056782,1.04459299827941
SKU-0003,2017-12-18,12,3,0.0,0.0,5.142857142857143,1.6218871668082693,2.0089655268353717
SKU-0003,2017-12-19,12,3,12.0,6.0,5.142857142857143,1.7531017464324858,1.7653985050356833
SKU-0003,2017-12-20,5,3,12.0,13.0,5.392857142857143,1.6681905090517954,1.7915106586345322
SKU-0003,2017-12-21,0,3,5.0,0.0,5.285714285714286,1.7507049226498141,2.252070941954006
SKU-0003,2017-12-22,5,3,0.0,0.0,5.821428571428571,1.5486965382767306,2.006844204378555
SKU-0003,2017-12-23,0,3,5.0,4.0,5.678571428571429,1.2348489834209657,1.5458975458844348
SKU-0003,2017-12-24,0,3,0.0,0.0,5.75,1.5421866589067847,1.8283640444542202
SKU-0003,2017-12-25,0,3,0.0,12.0,5.75,1.624278995658272,1.62335430805349
SKU-0003,2017-12-26,0,3,0.0,12.0,5.75,1.7554935752824885,2.9249803968426016
SKU-0003,2017-12-27,3,3,0.0,5.0,5.5,1.670582337901798,1.371228601610049
SKU-0003,2017-12-28,0,3,3.0,0.0,5.535714285714286,1.7530967514998168,1.819989565762121
SKU-0003,2017-12-29,0,3,0.0,5.0,5.785714285714286,1.5510883671267333,1.8554284835074242
SKU-0003,2017-12-30,0,3,0.0,0.0,5.714285714285714,1.2372408122709684,1.5407889351926116
SKU-0003,2017-12-31,0,3,0.0,0.0,5.535714285714286,1.5445784877567876,1.045944403205546
SKU-0005,2017-12-04,13,3,0.0,0.0,5.107142857142857,4.41842111841392,5.656575273247222
SKU-0005,2017-12-05,0,3,13.0,7.0,5.035714285714286,4.743640412631255,4.579250277433561
SKU-0005,2017-12-06,16,3,0.0,4.0,5.714285714285714,4.701649340454916,5.460563934424446
SKU-0005,2017-12-07,3,3,16.0,0.0,5.5,4.651567438675788,3.6800959088794434
SKU-0005,2017-12-08,12,3,3.0,4.0,5.107142857142857,4.611927509515706,4.3844902859533645
SKU-0005,2017-12-09,0,3,12.0,10.0,6.035714285714286,4.600102966099962,4.3489094410140865
SKU-0005,2017-12-10,0,3,0.0,0.0,6.464285714285714,4.356867109517531,5.198967942766156
SKU-0005,2017-12-11,9,3,0.0,13.0,6.321428571428571,4.424762450047222,4.935370056207782
SKU-0005,2017-12-12,8,3,9.0,0.0,6.464285714285714,4.749981744264557,4.876356485926514
SKU-0005,2017-12-13,19,3,8.0,16.0,6.321428571428571,4.707990672088218,4.6506890946323765
SKU-0005,2017-12-14,10,3,19.0,3.0,6.321428571428571,4.65790877030909,4.791973864644815
SKU-0005,2017-12-15,3,3,10.0,12.0,6.357142857142857,4.618268841149008,4.039145480947806
SKU-0005,2017-12-16,2,3,3.0,0.0,7.5,4.6064442977332645,4.4573573561673285
SKU-0005,2017-12-17,13,3,2.0,0.0,7.857142857142857,4.363208441150833,4.390894860009561
SKU-0005,2017-12-18,0,3,13.0,9.0,8.035714285714286,4.431103781680525,3.9731418557911105
SKU-0005,2017-12-19,7,3,0.0,8.0,8.214285714285714,4.75632307589786,5.378535062790233
SKU-0005,2017-12-20,1,3,7.0,19.0,8.428571428571429,4.714332003721521,4.290760066594391
SKU-0005,2017-12-21,15,3,1.0,10.0,6.892857142857143,4.664250101942393,4.536218394981682
SKU-0005,2017-12-22,1,3,15.0,3.0,6.714285714285714,4.624610172782311,4.630542253769058
SKU-0005,2017-12-23,4,3,1.0,2.0,6.714285714285714,4.612785629366567,4.65887965693378
SKU-0005,2017-12-24,0,3,4.0,13.0,6.714285714285714,4.369549772784136,3.7529747183872804
SKU-0005,2017-12-25,0,3,0.0,0.0,6.714285714285714,4.437445113313827,4.610773754005876
SKU-0005,2017-12-26,0,3,0.0,7.0,6.785714285714286,4.762664407531162,4.927342055347812
SKU-0005,2017-12-27,5,3,0.0,1.0,6.785714285714286,4.720673335354823,4.723989402248562
SKU-0005,2017-12-28,7,3,5.0,15.0,7.357142857142857,4.670591433575695,4.680490873927115
SKU-0005,2017-12-29,2,3,7.0,1.0,10.178571428571429,4.630951504415613,4.9637922885372125
SKU-0005,2017-12-30,5,3,2.0,4.0,10.178571428571429,4.6191269609998695,4.652991792150918
SKU-0005,2017-12-31,8,3,5.0,0.0,9.75,4.3758911044174384,3.841436525197186
SKU-0008,2017-12-04,10,3,3.0,1.0,67.85714285714286,4.869446374405978,6.1190468215892215
SKU-0008,2017-12-05,19,3,10.0,0.0,68.75,4.450653008868968,5.802597427944354
SKU-0008,2017-12-06,14,3,19.0,0.0,70.75,5.71169460717635,7.469360179658287
SKU-0008,2017-12-07,21,3,14.0,18.0,72.28571428571429,4.2279271744748534,5.250670065123055
SKU-0008,2017-12-08,16,3,21.0,0.0,72.60714285714286,3.959683539684021,4.731992303930473
SKU-0008,2017-12-09,6,3,16.0,0.0,73.28571428571429,3.1418270384860123,3.849115118214336
SKU-0008,2017-12-10,5,3,6.0,3.0,74.28571428571429,3.939312371938337,4.768375682335798
SKU-0008,2017-12-11,6,3,5.0,10.0,76.57142857142857,4.866031455163245,5.56443245418343
SKU-0008,2017-12-12,10,3,6.0,19.0,77.57142857142857,4.447238089626235,5.73369022471813
SKU-0008,2017-12-13,27,3,10.0,14.0,76.85714285714286,5.708279687933617,6.411492614568106
SKU-0008,2017-12-14,0,3,27.0,21.0,78.64285714285714,4.224512255232121,4.945511791288325
SKU-0008,2017-12-15,2,3,0.0,16.0,80.32142857142857,3.9562686204412882,6.206051840588532
SKU-0008,2017-12-16,0,3,2.0,6.0,79.21428571428571,3.1384121192432795,4.184696168648611
SKU-0008,2017-12-17,0,3,0.0,5.0,80.03571428571429,3.9358974526956043,6.136820458109655
SKU-0008,2017-12-18,8,3,0.0,6.0,79.75,4.8626165359205125,5.92970057014772
SKU-0008,2017-12-19,12,3,8.0,10.0,81.35714285714286,4.443823170383502,4.8027486018090775
SKU-0008,2017-12-20,5,3,12.0,27.0,82.82142857142857,5.704864768690884,5.449352526855314
SKU-0008,2017-12-21,5,3,5.0,0.0,82.78571428571429,4.221097335989388,4.056154173834966
SKU-0008,2017-12-22,8,3,5.0,2.0,84.07142857142857,3.9528537011985554,5.059113107450917
SKU-0008,2017-12-23,2,3,8.0,0.0,85.14285714285714,3.1349972000005466,4.0202378374434735
SKU-0008,2017-12-24,0,3,2.0,0.0,84.92857142857143,3.9324825334528715,4.675347086574115
SKU-0008,2017-12-25,3,3,0.0,8.0,85.39285714285714,4.85920161667778,6.078420198837431
SKU-0008,2017-12-26,3,3,3.0,12.0,84.46428571428571,4.440408251140769,6.1348982146637985
SKU-0008,2017-12-27,28,3,3.0,5.0,85.89285714285714,5.701449849448151,5.603897708800659
SKU-0008,2017-12-28,2,3,28.0,5.0,86.92857142857143,4.217682416746655,4.830113389684672
SKU-0008,2017-12-29,18,3,2.0,8.0,89.21428571428571,3.9494387819558225,5.226650069038489
SKU-0008,2017-12-30,7,3,18.0,2.0,90.32142857142857,3.1315822807578138,3.161003020843047
SKU-0008,2017-12-31,0,3,7.0,0.0,88.89285714285714,3.9290676142101386,4.690476285425264
SKU-0013,2017-12-04,3,3,8.0,12.0,3.892857142857143,6.68703014595037,6.097818809249802
SKU-0013,2017-12-05,19,3,3.0,2.0,4.142857142857143,8.664002174159473,9.833295352338693
SKU-0013,2017-12-06,0,3,19.0,0.0,4.571428571428571,10.015268708741143,10.03347777892941
SKU-0013,2017-12-07,8,3,0.0,0.0,5.107142857142857,6.772334019673926,7.655897334335415
SKU-0013,2017-12-08,26,3,8.0,0.0,5.892857142857143,6.145651877883223,6.098228938647085
SKU-0013,2017-12-09,15,3,26.0,12.0,6.071428571428571,4.48550298654043,6.429436924341651
SKU-0013,2017-12-10,0,3,15.0,8.0,5.821428571428571,5.805262938455701,4.99382567144286
SKU-0013,2017-12-11,4,3,0.0,3.0,5.821428571428571,6.693689620757889,9.779882284324328
SKU-0013,2017-12-12,0,3,4.0,19.0,5.821428571428571,8.670661648966991,7.396763376902418
SKU-0013,2017-12-13,0,3,0.0,0.0,5.785714285714286,10.02192818354866,13.913810600806112
SKU-0013,2017-12-14,3,3,0.0,8.0,6.535714285714286,6.778993494481444,11.004455203914912
SKU-0013,2017-12-15,39,3,3.0,26.0,6.785714285714286,6.152311352690741,4.189211506053428
SKU-0013,2017-12-16,15,3,39.0,15.0,7.107142857142857,4.492162461347948,1.1901097777568788
SKU-0013,2017-12-17,5,3,15.0,0.0,7.0,5.811922413263218,4.4691657963115095
SKU-0013,2017-12-18,5,3,5.0,4.0,7.25,6.700349095565406,7.794782049406029
SKU-0013,2017-12-19,6,3,5.0,0.0,7.071428571428571,8.677321123774508,9.070460757389432
SKU-0013,2017-12-20,6,3,6.0,0.0,7.035714285714286,10.028587658356177,13.072041265127764
SKU-0013,2017-12-21,0,3,6.0,3.0,7.964285714285714,6.785652969288962,9.475344443417853
SKU-0013,2017-12-22,0,3,0.0,39.0,7.964285714285714,6.158970827498258,6.532395933908982
SKU-0013,2017-12-23,0,3,0.0,15.0,8.0,4.4988219361554656,5.182963963909048
SKU-0013,2017-12-24,0,3,0.0,5.0,8.0,5.818581888070736,9.356077066020944
SKU-0013,2017-12-25,14,3,0.0,5.0,8.107142857142858,6.707008570372924,7.3241948219484
SKU-0013,2017-12-26,2,3,14.0,6.0,7.75,8.683980598582025,7.703381194412437
SKU-0013,2017-12-27,16,3,2.0,6.0,7.607142857142857,10.035247133163697,11.72910022958311
SKU-0013,2017-12-28,79,3,16.0,0.0,7.321428571428571,6.7923124440964795,6.736707772261303
SKU-0013,2017-12-29,0,3,79.0,0.0,7.321428571428571,6.165630302305776,8.120141727823368
SKU-0013,2017-12-30,0,3,0.0,0.0,7.071428571428571,4.505481410962983,4.454850592501911
SKU-0013,2017-12-31,7,3,0.0,0.0,7.178571428571429,5.825241362878254,4.462792270039101
SKU-0019,2017-12-04,0,3,10.0,10.0,0.7142857142857143,18.55319999499146,25.56168531646645
SKU-0019,2017-12-05,4,3,0.0,0.0,0.9285714285714286,21.73035352598341,31.44382021036847
SKU-0019,2017-12-06,0,3,4.0,72.0,0.8571428571428571,20.00448475271733,26.678978583639786
SKU-0019,2017-12-07,33,3,0.0,0.0,0.8571428571428571,25.815961441702633,45.45298244871347
SKU-0019,2017-12-08,1,3,33.0,14.0,1.3571428571428572,14.821272973362056,11.812550477274568
SKU-0019,2017-12-09,8,3,1.0,14.0,1.3571428571428572,12.909479875506802,36.512215730505865
SKU-0019,2017-12-10,5,3,8.0,10.0,1.2142857142857142,12.881201538453796,10.256032270401096
SKU-0019,2017-12-11,22,3,5.0,0.0,1.2142857142857142,18.563676056056984,29.71348527691607
SKU-0019,2017-12-12,32,3,22.0,4.0,1.6071428571428572,21.740829587048935,28.236053697796304
SKU-0019,2017-12-13,0,3,32.0,0.0,1.6071428571428572,20.014960813782857,48.586962095379015
SKU-0019,2017-12-14,6,3,0.0,33.0,1.6428571428571428,25.826437502768158,30.571956133193503
SKU-0019,2017-12-15,112,3,6.0,1.0,1.6428571428571428,14.831749034427581,11.368307648738146
SKU-0019,2017-12-16,8,3,112.0,8.0,1.6428571428571428,12.919955936572327,6.810352856058864
SKU-0019,2017-12-17,27,3,8.0,5.0,1.6428571428571428,12.891677599519321,9.025319505199954
SKU-0019,2017-12-18,1,3,27.0,22.0,1.7142857142857142,18.57415211712251,11.3024496075853
SKU-0019,2017-12-19,36,3,1.0,32.0,1.7142857142857142,21.75130564811446,36.26986103778585
SKU-0019,2017-12-20,92,3,36.0,0.0,1.7142857142857142,20.02543687484838,27.92934725252703
SKU-0019,2017-12-21,11,3,92.0,6.0,2.2142857142857144,25.836913563833683,32.43083451767911
SKU-0019,2017-12-22,8,3,11.0,112.0,2.392857142857143,14.842225095493106,7.792049898816427
SKU-0019,2017-12-23,9,3,8.0,8.0,2.392857142857143,12.930431997637852,14.497952009173927
SKU-0019,2017-12-24,17,3,9.0,27.0,2.392857142857143,12.902153660584846,10.309219001455286
SKU-0019,2017-12-25,0,3,17.0,1.0,2.392857142857143,18.584628178188034,15.108507018047174
SKU-0019,2017-12-26,0,3,0.0,36.0,2.392857142857143,21.761781709179985,28.3326083959749
SKU-0019,2017-12-27,0,3,0.0,92.0,2.2142857142857144,20.035912935913906,28.991506231790872
SKU-0019,2017-12-28,145,3,0.0,11.0,2.107142857142857,25.847389624899208,45.03520924997693
SKU-0019,2017-12-29,0,3,145.0,8.0,2.107142857142857,14.85270115655863,5.46010681594745
SKU-0019,2017-12-30,7,3,0.0,9.0,2.107142857142857,12.940908058703377,32.196936379143885
SKU-0019,2017-12-31,25,3,7.0,17.0,2.0,12.91262972165037,21.305590547128222
SKU-0021,2017-12-04,44,3,9.0,23.0,0.8571428571428571,19.511559435324877,27.116766542941427
SKU-0021,2017-12-05,92,3,44.0,0.0,0.8571428571428571,22.609110063217514,20.72311629708283
SKU-0021,2017-12-06,18,3,92.0,9.0,0.8214285714285714,20.812904353126655,29.384662870569688
SKU-0021,2017-12-07,7,3,18.0,28.0,0.8214285714285714,17.859132779528593,20.418426394955283
SKU-0021,2017-12-08,15,3,7.0,34.0,0.9642857142857143,16.867681109977305,21.14359607717279
SKU-0021,2017-12-09,12,3,15.0,26.0,0.8214285714285714,14.90076754197163,18.450104766542765
SKU-0021,2017-12-10,42,3,12.0,9.0,0.8214285714285714,18.6023009504453,21.859461168022293
SKU-0021,2017-12-11,34,3,42.0,44.0,0.6785714285714286,19.495952271371383,24.626819462144248
SKU-0021,2017-12-12,52,3,34.0,92.0,0.6785714285714286,22.593502899264024,33.28149157460101
SKU-0021,2017-12-13,33,3,52.0,18.0,0.75,20.797297189173165,30.30611594979126
SKU-0021,2017-12-14,20,3,33.0,7.0,0.75,17.8435256155751,28.416626687909385
SKU-0021,2017-12-15,52,3,20.0,15.0,0.75,16.852073946023815,24.15815119922832
SKU-0021,2017-12-16,30,3,52.0,12.0,0.4642857142857143,14.88516037801814,14.582665733152968
SKU-0021,2017-12-17,43,3,30.0,42.0,0.5,18.586693786491807,16.63613772062868
SKU-0021,2017-12-18,64,3,43.0,34.0,0.5714285714285714,19.480345107417893,23.129467027098418
SKU-0021,2017-12-19,5,3,64.0,52.0,0.8214285714285714,22.577895735310534,18.97620550823497
SKU-0021,2017-12-20,11,3,5.0,33.0,0.8214285714285714,20.781690025219667,22.50269289036218
SKU-0021,2017-12-21,8,3,11.0,20.0,1.0,17.82791845162161,24.99376027739136
SKU-0021,2017-12-22,3,3,8.0,52.0,1.0,16.836466782070325,21.74754911754548
SKU-0021,2017-12-23,15,3,3.0,30.0,1.0,14.869553214064647,20.789295237588654
SKU-0021,2017-12-24,41,3,15.0,43.0,1.0,18.571086622538317,15.055565766630636
SKU-0021,2017-12-25,1,3,41.0,64.0,1.0,19.464737943464403,24.14644381566711
SKU-0021,2017-12-26,7,3,1.0,5.0,1.0,22.562288571357044,28.65269352637121
SKU-0021,2017-12-27,23,3,7.0,11.0,1.0,20.766082861266177,28.612777257056507
SKU-0021,2017-12-28,33,3,23.0,8.0,1.5357142857142858,17.81231128766812,27.915584391433256
SKU-0021,2017-12-29,37,3,33.0,3.0,1.5357142857142858,16.82085961811683,16.64546960565407
SKU-0021,2017-12-30,39,3,37.0,15.0,1.75,14.853946050111157,25.34439073247592
SKU-0021,2017-12-31,62,3,39.0,41.0,1.75,18.555479458584827,22.6739348078172
SKU-0022,2017-12-04,50,3,54.0,89.0,0.5357142857142857,70.59089951637465,92.63099489549136
SKU-0022,2017-12-05,120,3,50.0,83.0,1.0,86.50313087375862,92.16859952197804
SKU-0022,2017-12-06,146,3,120.0,83.0,1.0,97.00754093480886,105.56574294030045
SKU-0022,2017-12-07,87,3,146.0,73.0,1.0,79.63659411939102,103.28630526052561
SKU-0022,2017-12-08,60,3,87.0,85.0,1.0,61.22268812720664,79.74195107034026
SKU-0022,2017-12-09,66,3,60.0,114.0,1.0,51.53454690628118,50.88705225779619
SKU-0022,2017-12-10,72,3,66.0,54.0,1.0,54.22158730691025,53.17530354736023
SKU-0022,2017-12-11,114,3,72.0,50.0,1.0,70.7722678448323,78.58222827236722
SKU-0022,2017-12-12,56,3,114.0,120.0,1.0,86.68449920221627,84.7033778693438
SKU-0022,2017-12-13,139,3,56.0,146.0,0.8571428571428571,97.18890926326652,104.99862072204425
SKU-0022,2017-12-14,95,3,139.0,87.0,0.8571428571428571,79.81796244784867,93.64522930794762
SKU-0022,2017-12-15,37,3,95.0,60.0,0.8571428571428571,61.40405645566429,65.95310029885361
SKU-0022,2017-12-16,47,3,37.0,66.0,0.6785714285714286,51.71591523473883,60.78311944610755
SKU-0022,2017-12-17,45,3,47.0,72.0,0.6785714285714286,54.40295563536792,54.75043086203092
SKU-0022,2017-12-18,121,3,45.0,114.0,0.6785714285714286,70.95363617328996,57.958268305862426
SKU-0022,2017-12-19,120,3,121.0,56.0,0.6785714285714286,86.86586753067392,94.87947858090972
SKU-0022,2017-12-20,104,3,120.0,139.0,0.6785714285714286,97.37027759172418,113.49791147574373
SKU-0022,2017-12-21,139,3,104.0,95.0,0.6785714285714286,79.99933077630634,105.11099120558295
SKU-0022,2017-12-22,84,3,139.0,37.0,0.6785714285714286,61.585424784121955,58.33410955710233
SKU-0022,2017-12-23,45,3,84.0,47.0,0.6785714285714286,51.89728356319648,57.75113135167721
SKU-0022,2017-12-24,63,3,45.0,45.0,0.9642857142857143,54.58432396382557,55.547392792107175
SKU-0022,2017-12-25,63,3,63.0,121.0,0.9285714285714286,71.13500450174762,61.188376702068005
SKU-0022,2017-12-26,123,3,63.0,120.0,0.9642857142857143,87.04723585913159,82.88733311535451
SKU-0022,2017-12-27,112,3,123.0,104.0,0.8214285714285714,97.55164592018183,109.90928911947123
SKU-0022,2017-12-28,137,3,112.0,139.0,0.8214285714285714,80.18069910476399,105.01101600874934
SKU-0022,2017-12-29,116,3,137.0,84.0,0.8214285714285714,61.766793112579606,73.92804055515717
SKU-0022,2017-12-30,74,3,116.0,45.0,0.8214285714285714,52.07865189165415,73.47230517284238
SKU-0022,2017-12-31,61,3,74.0,63.0,0.8214285714285714,54.76569229228322,57.98747077135031
SKU-0024,2017-12-04,3,3,11.0,0.0,14.428571428571429,3.169386967118925,6.147638560244621
SKU-0024,2017-12-05,0,3,3.0,0.0,14.321428571428571,4.484913269146187,6.05290543425556
SKU-0024,2017-12-06,9,3,0.0,3.0,13.75,4.593090948124746,8.562378369949883
SKU-0024,2017-12-07,48,3,9.0,0.0,13.678571428571429,3.8199841308429368,5.922180229278269
SKU-0024,2017-12-08,0,3,48.0,28.0,13.071428571428571,3.4449016152778014,3.8470970883048845
SKU-0024,2017-12-09,0,3,0.0,0.0,12.571428571428571,1.9155334340538792,4.160750288309078
SKU-0024,2017-12-10,0,3,0.0,11.0,12.678571428571429,2.444124596924125,4.816232751432557
SKU-0024,2017-12-11,14,3,0.0,3.0,12.785714285714286,3.165413604600494,5.9112325947455595
SKU-0024,2017-12-12,38,3,14.0,0.0,12.392857142857142,4.480939906627756,5.12189984401877
SKU-0024,2017-12-13,4,3,38.0,9.0,12.571428571428571,4.589117585606315,5.557014261889402
SKU-0024,2017-12-14,20,3,4.0,48.0,13.821428571428571,3.8160107683245057,6.619726024791635
SKU-0024,2017-12-15,2,3,20.0,0.0,14.214285714285714,3.4409282527593703,4.507418102668145
SKU-0024,2017-12-16,16,3,2.0,0.0,13.928571428571429,1.9115600715354482,3.3929770880088346
SKU-0024,2017-12-17,9,3,16.0,0.0,13.75,2.440151234405694,3.6679474282816464
SKU-0024,2017-12-18,2,3,9.0,14.0,13.75,3.161440242082063,3.736324485415605
SKU-0024,2017-12-19,0,3,2.0,38.0,13.678571428571429,4.476966544109326,3.4024795875337235
SKU-0024,2017-12-20,0,3,0.0,4.0,13.428571428571429,4.585144223087884,7.145861646925099
SKU-0024,2017-12-21,0,3,0.0,20.0,13.214285714285714,3.8120374058060746,0.33442800840111514
SKU-0024,2017-12-22,5,3,0.0,2.0,13.357142857142858,3.4369548902409393,6.097770613718383
SKU-0024,2017-12-23,0,3,5.0,16.0,12.857142857142858,1.907586709017017,4.252632543597011
SKU-0024,2017-12-24,0,3,0.0,9.0,13.571428571428571,2.4361778718872635,4.891542483324334
SKU-0024,2017-12-25,0,3,0.0,2.0,13.785714285714286,3.1574668795636325,5.502993731238614
SKU-0024,2017-12-26,5,3,0.0,0.0,13.928571428571429,4.472993181590894,8.36763439223883
SKU-0024,2017-12-27,9,3,5.0,0.0,14.535714285714286,4.581170860569453,5.422200404688522
SKU-0024,2017-12-28,1,3,9.0,0.0,14.142857142857142,3.808064043287644,3.77206944199155
SKU-0024,2017-12-29,0,3,1.0,5.0,13.642857142857142,3.4329815277225086,5.4165511181598385
SKU-0024,2017-12-30,29,3,0.0,0.0,13.285714285714286,1.9036133464985865,4.747816218365508
SKU-0024,2017-12-31,4,3,29.0,0.0,13.321428571428571,2.4322045093688325,3.5534993606656893
SKU-0026,2017-12-04,0,3,67.0,29.0,2.3214285714285716,11.929180031993932,17.898646675838428
SKU-0026,2017-12-05,5,3,0.0,7.0,2.3214285714285716,8.591577787429621,20.341250463713582
SKU-0026,2017-12-06,0,3,5.0,0.0,2.7857142857142856,12.966925299217904,15.341403382114061
SKU-0026,2017-12-07,49,3,0.0,0.0,3.357142857142857,10.30517596665823,18.566009180632598
SKU-0026,2017-12-08,0,3,49.0,58.0,3.357142857142857,11.547733387930927,15.309833971850567
SKU-0026,2017-12-09,26,3,0.0,0.0,3.642857142857143,8.280739263296336,13.720151802918833
SKU-0026,2017-12-10,0,3,26.0,67.0,3.5714285714285716,10.76194522244129,12.62395194204695
SKU-0026,2017-12-11,0,3,0.0,0.0,3.392857142857143,11.941900859882438,20.248078877467826
SKU-0026,2017-12-12,18,3,0.0,5.0,3.4642857142857144,8.604298615318127,15.810471439505163
SKU-0026,2017-12-13,15,3,18.0,0.0,3.9642857142857144,12.979646127106408,22.38758408533284
SKU-0026,2017-12-14,1,3,15.0,49.0,3.9285714285714284,10.317896794546735,8.471325772405923
SKU-0026,2017-12-15,2,3,1.0,0.0,4.0,11.560454215819433,16.65630332111781
SKU-0026,2017-12-16,23,3,2.0,26.0,4.107142857142857,8.293460091184842,6.706806508491065
SKU-0026,2017-12-17,52,3,23.0,0.0,4.357142857142857,10.774666050329794,12.522073755717528
SKU-0026,2017-12-18,4,3,52.0,0.0,4.392857142857143,11.954621687770944,10.95779822192728
SKU-0026,2017-12-19,41,3,4.0,18.0,4.392857142857143,8.617019443206633,9.871778558573078
SKU-0026,2017-12-20,63,3,41.0,15.0,4.285714285714286,12.992366954994914,15.079805708719134
SKU-0026,2017-12-21,43,3,63.0,1.0,4.428571428571429,10.33061762243524,23.471241974696234
SKU-0026,2017-12-22,7,3,43.0,2.0,4.714285714285714,11.57317504370794,12.391953548244832
SKU-0026,2017-12-23,5,3,7.0,23.0,4.571428571428571,8.306180919073348,7.394739873608784
SKU-0026,2017-12-24,0,3,5.0,52.0,4.642857142857143,10.7873868782183,6.322334911592503
SKU-0026,2017-12-25,23,3,0.0,4.0,4.821428571428571,11.967342515659448,15.123979642682354
SKU-0026,2017-12-26,1,3,23.0,41.0,4.821428571428571,8.62974027109514,13.534042119628056
SKU-0026,2017-12-27,4,3,1.0,63.0,4.464285714285714,13.00508778288342,10.469557206623158
SKU-0026,2017-12-28,6,3,4.0,43.0,4.464285714285714,10.343338450323746,8.950026368596696
SKU-0026,2017-12-29,61,3,6.0,7.0,4.357142857142857,11.585895871596444,6.267037123534416
SKU-0026,2017-12-30,6,3,61.0,5.0,4.107142857142857,8.318901746961854,13.7776258420373
SKU-0026,2017-12-31,5,3,6.0,0.0,4.392857142857143,10.800107706106806,5.006481033855593
SKU-0030,2017-12-04,14,3,69.0,15.0,1.5714285714285714,9.92990321493401,18.100467069070405
SKU-0030,2017-12-05,0,3,14.0,14.0,1.5714285714285714,7.047310078994375,29.76935894825076
SKU-0030,2017-12-06,68,3,0.0,3.0,1.6428571428571428,8.113421113018099,12.935442244697553
SKU-0030,2017-12-07,0,3,68.0,0.0,1.7857142857142858,8.802954038027686,5.1234162559655125
SKU-0030,2017-12-08,7,3,0.0,0.0,1.8571428571428572,6.057722342908664,11.524047560833566
SKU-0030,2017-12-09,0,3,7.0,26.0,1.8571428571428572,5.968865790593235,5.46709460024023
SKU-0030,2017-12-10,100,3,0.0,69.0,1.8571428571428572,5.261656552612356,6.220518691207926
SKU-0030,2017-12-11,0,3,100.0,14.0,1.6785714285714286,9.93297263656437,12.249841323931413
SKU-0030,2017-12-12,40,3,0.0,0.0,1.5714285714285714,7.050379500624736,13.346533157295664
SKU-0030,2017-12-13,24,3,40.0,68.0,1.6428571428571428,8.11649053464846,25.605733002264852
SKU-0030,2017-12-14,1,3,24.0,0.0,1.7857142857142858,8.806023459658046,10.44095531128291
SKU-0030,2017-12-15,32,3,1.0,7.0,1.7857142857142858,6.060791764539025,6.208834742247872
SKU-0030,2017-12-16,1,3,32.0,0.0,1.8571428571428572,5.971935212223597,2.5151727116764673
SKU-0030,2017-12-17,5,3,1.0,100.0,2.0357142857142856,5.264725974242718,12.133710476258496
SKU-0030,2017-12-18,11,3,5.0,0.0,1.8571428571428572,9.936042058194731,4.10861061463462
SKU-0030,2017-12-19,5,3,11.0,40.0,1.8571428571428572,7.053448922255098,4.706344553858586
SKU-0030,2017-12-20,0,3,5.0,24.0,1.8928571428571428,8.11955995627882,3.3444594564025363
SKU-0030,2017-12-21,0,3,0.0,1.0,1.8928571428571428,8.809092881288407,13.560076951191633
SKU-0030,2017-12-22,8,3,0.0,32.0,2.0357142857142856,6.063861186169386,7.658620770885187
SKU-0030,2017-12-23,0,3,8.0,1.0,1.9285714285714286,5.975004633853958,3.314805566890909
SKU-0030,2017-12-24,36,3,0.0,5.0,1.8928571428571428,5.267795395873079,0.0
SKU-0030,2017-12-25,0,3,36.0,11.0,1.8928571428571428,9.939111479825092,3.5351225968216404
SKU-0030,2017-12-26,232,3,0.0,5.0,1.8928571428571428,7.056518343885458,6.019737951108337
SKU-0030,2017-12-27,116,3,232.0,0.0,2.1785714285714284,8.122629377909181,1.926600322817205
SKU-0030,2017-12-28,0,3,116.0,0.0,2.3214285714285716,8.81216230291877,13.376097709841332
SKU-0030,2017-12-29,0,3,0.0,8.0,2.3214285714285716,6.066930607799748,13.68119784238016
SKU-0030,2017-12-30,10,3,0.0,0.0,2.5,5.97807405548432,12.007239295320641
SKU-0030,2017-12-31,0,3,10.0,36.0,2.3214285714285716,5.2708648175034405,0.0
SKU-0031,2017-12-04,0,3,0.0,12.0,34.785714285714285,8.220256945559443,11.468820990270912
SKU-0031,2017-12-05,2,3,0.0,0.0,36.714285714285715,10.260109146967851,11.629944674003816
SKU-0031,2017-12-06,22,3,2.0,18.0,35.357142857142854,10.759773130154942,14.027034717564659
SKU-0031,2017-12-07,4,3,22.0,3.0,32.75,8.785962679326213,9.278425337839376
SKU-0031,2017-12-08,2,3,4.0,5.0,32.75,6.773351424629578,8.004041809574913
SKU-0031,2017-12-09,0,3,2.0,11.0,33.42857142857143,5.380791350195034,5.16124570729016
SKU-0031,2017-12-10,2,3,0.0,0.0,33.57142857142857,6.687878839292869,7.5736458809968665
SKU-0031,2017-12-11,8,3,2.0,0.0,32.25,8.218751995390624,11.085651594674392
SKU-0031,2017-12-12,14,3,8.0,2.0,31.75,10.258604196799032,10.861611761307591
SKU-0031,2017-12-13,5,3,14.0,22.0,34.714285714285715,10.758268179986125,12.523296779164777
SKU-0031,2017-12-14,23,3,5.0,4.0,32.67857142857143,8.784457729157396,11.248578476388657
SKU-0031,2017-12-15,13,3,23.0,2.0,33.5,6.771846474460759,6.474068434168062
SKU-0031,2017-12-16,5,3,13.0,0.0,32.0,5.379286400026215,6.442464998652951
SKU-0031,2017-12-17,5,3,5.0,2.0,32.5,6.6863738891240505,7.568797609959831
SKU-0031,2017-12-18,13,3,5.0,8.0,32.214285714285715,8.217247045221805,10.43120952870152
SKU-0031,2017-12-19,30,3,13.0,14.0,32.714285714285715,10.257099246630215,12.085971792912654
SKU-0031,2017-12-20,6,3,30.0,5.0,35.964285714285715,10.756763229817306,11.610141150803516
SKU-0031,2017-12-21,36,3,6.0,23.0,35.035714285714285,8.782952778988577,13.141975747537328
SKU-0031,2017-12-22,10,3,36.0,13.0,35.035714285714285,6.77034152429194,8.274128474797855
SKU-0031,2017-12-23,12,3,10.0,5.0,35.714285714285715,5.377781449857396,6.67592432087217
SKU-0031,2017-12-24,8,3,12.0,5.0,36.714285714285715,6.6848689389552325,7.5910081681199255
SKU-0031,2017-12-25,14,3,8.0,13.0,36.285714285714285,8.215742095052988,9.623538895940175
SKU-0031,2017-12-26,2,3,14.0,30.0,35.607142857142854,10.255594296461396,12.144398142987985
SKU-0031,2017-12-27,11,3,2.0,6.0,34.67857142857143,10.755258279648487,11.40775028673852
SKU-0031,2017-12-28,3,3,11.0,36.0,31.928571428571427,8.781447828819758,9.962867506746775
SKU-0031,2017-12-29,7,3,3.0,10.0,29.571428571428573,6.768836574123123,7.510982802003762
SKU-0031,2017-12-30,0,3,7.0,12.0,29.75,5.376276499688579,8.247102190897374
SKU-0031,2017-12-31,0,3,0.0,8.0,28.142857142857142,6.6833639887864145,11.936052739308538
SKU-0032,2017-12-04,17,3,8.0,10.0,3.3214285714285716,4.200914785760091,4.437151349730779
SKU-0032,2017-12-05,12,3,17.0,11.0,3.5,4.715110108338385,4.995661974955169
SKU-0032,2017-12-06,15,3,12.0,18.0,3.392857142857143,5.012302066948234,5.526257838428091
SKU-0032,2017-12-07,22,3,15.0,0.0,3.6785714285714284,3.9517429527292363,4.888450994704489
SKU-0032,2017-12-08,6,3,22.0,7.0,3.8214285714285716,3.4151610160764365,3.4673599553972885
SKU-0032,2017-12-09,5,3,6.0,0.0,3.9285714285714284,3.0810583743716737,4.304382564473334
SKU-0032,2017-12-10,0,3,5.0,8.0,3.9285714285714284,3.0355823829235167,3.6251287484502104
SKU-0032,2017-12-11,0,3,0.0,17.0,4.107142857142857,4.20613494977124,4.840475527880003
SKU-0032,2017-12-12,5,3,0.0,12.0,3.9642857142857144,4.720330272349535,3.938244330793913
SKU-0032,2017-12-13,21,3,5.0,15.0,3.642857142857143,5.017522230959383,3.8918861671257043
SKU-0032,2017-12-14,10,3,21.0,22.0,3.75,3.9569631167403854,3.9283495346801924
SKU-0032,2017-12-15,9,3,10.0,6.0,3.75,3.420381180087586,3.6654279797449183
SKU-0032,2017-12-16,0,3,9.0,5.0,3.392857142857143,3.0862785383828237,3.2960237642528103
SKU-0032,2017-12-17,7,3,0.0,0.0,3.3214285714285716,3.040802546934666,4.1825654382785045
SKU-0032,2017-12-18,0,3,7.0,0.0,3.9642857142857144,4.211355113782389,5.041408863916862
SKU-0032,2017-12-19,14,3,0.0,5.0,4.107142857142857,4.725550436360684,5.400935117751209
SKU-0032,2017-12-20,26,3,14.0,21.0,4.214285714285714,5.022742394970532,5.723498173971501
SKU-0032,2017-12-21,0,3,26.0,10.0,4.214285714285714,3.9621832807515345,0.9137116627831735
SKU-0032,2017-12-22,1,3,0.0,9.0,4.178571428571429,3.425601344098735,4.280890514401402
SKU-0032,2017-12-23,0,3,1.0,0.0,4.178571428571429,3.091498702393973,3.122448214854249
SKU-0032,2017-12-24,3,3,0.0,7.0,4.035714285714286,3.046022710945815,4.596240071393156
SKU-0032,2017-12-25,0,3,3.0,0.0,4.071428571428571,4.216575277793539,5.830664753160862
SKU-0032,2017-12-26,7,3,0.0,14.0,4.035714285714286,4.730770600371833,5.445018430079517
SKU-0032,2017-12-27,10,3,7.0,26.0,4.25,5.027962558981681,1.7511222112176565
SKU-0032,2017-12-28,0,3,10.0,0.0,5.214285714285714,3.9674034447626836,4.554762177313506
SKU-0032,2017-12-29,0,3,0.0,1.0,5.178571428571429,3.4308215081098843,5.342513405754411
SKU-0032,2017-12-30,3,3,0.0,0.0,5.178571428571429,3.096718866405122,4.3969274933858795
SKU-0032,2017-12-31,8,3,3.0,3.0,5.178571428571429,3.051242874956965,3.8469142871903252
SKU-0033,2017-12-04,3,3,3.0,15.0,13.25,11.66425928323174,16.016376172577612
SKU-0033,2017-12-05,0,3,3.0,5.0,13.75,11.314400818217711,16.31600065224429
SKU-0033,2017-12-06,74,3,0.0,0.0,14.357142857142858,9.483439697615436,17.311273583022032
SKU-0033,2017-12-07,0,3,74.0,0.0,14.071428571428571,11.226295073838322,13.953885114718174
SKU-0033,2017-12-08,0,3,0.0,0.0,14.464285714285714,8.776418301204618,11.158955396861167
SKU-0033,2017-12-09,3,3,0.0,0.0,14.607142857142858,9.82289286836802,13.08745107774319
SKU-0033,2017-12-10,0,3,3.0,3.0,14.892857142857142,8.946956156017654,11.202158816234379
SKU-0033,2017-12-11,15,3,0.0,3.0,14.785714285714286,11.660149048178155,20.679057357227066
SKU-0033,2017-12-12,0,3,15.0,0.0,14.392857142857142,11.310290583164127,17.366437072506272
SKU-0033,2017-12-13,35,3,0.0,74.0,14.321428571428571,9.47932946256185,10.825710339617444
SKU-0033,2017-12-14,41,3,35.0,0.0,14.642857142857142,11.222184838784738,12.854891485294393
SKU-0033,2017-12-15,0,3,41.0,0.0,14.678571428571429,8.772308066151034,11.926577771004931
SKU-0033,2017-12-16,2,3,0.0,3.0,15.464285714285714,9.818782633314436,15.723334059896642
SKU-0033,2017-12-17,95,3,2.0,0.0,15.5,8.942845920964068,15.675994108053906
SKU-0033,2017-12-18,15,3,95.0,15.0,15.142857142857142,11.656038813124571,15.959451963015988
SKU-0033,2017-12-19,18,3,15.0,0.0,15.464285714285714,11.306180348110543,14.137877360901808
SKU-0033,2017-12-20,0,3,18.0,35.0,15.285714285714286,9.475219227508266,41.03127972817217
SKU-0033,2017-12-21,30,3,0.0,41.0,15.392857142857142,11.218074603731152,13.522260296032897
SKU-0033,2017-12-22,0,3,30.0,0.0,15.392857142857142,8.76819783109745,15.345517383072108
SKU-0033,2017-12-23,9,3,0.0,2.0,15.785714285714286,9.814672398260852,14.740331434538046
SKU-0033,2017-12-24,5,3,9.0,95.0,15.107142857142858,8.938735685910483,10.948066170217313
SKU-0033,2017-12-25,8,3,5.0,15.0,14.214285714285714,11.651928578070985,12.055249296209182
SKU-0033,2017-12-26,5,3,8.0,18.0,14.607142857142858,11.302070113056958,12.293977765429037
SKU-0033,2017-12-27,0,3,5.0,0.0,14.571428571428571,9.471108992454681,19.98691527801606
SKU-0033,2017-12-28,0,3,0.0,30.0,13.785714285714286,11.213964368677567,26.939300779118202
SKU-0033,2017-12-29,0,3,0.0,0.0,13.928571428571429,8.764087596043863,23.04669243225771
SKU-0033,2017-12-30,12,3,0.0,9.0,13.535714285714286,9.810562163207265,24.62072020013719
SKU-0033,2017-12-31,5,3,12.0,5.0,13.714285714285714,8.934625450856899,5.053786383371112
SKU-0038,2017-12-04,29,3,26.0,26.0,1.4285714285714286,22.117629820415683,30.885121671501135
SKU-0038,2017-12-05,25,3,29.0,28.0,1.4285714285714286,25.31599462746992,29.492789036117692
SKU-0038,2017-12-06,26,3,25.0,14.0,1.4285714285714286,26.674544828200293,36.71323305504914
SKU-0038,2017-12-07,41,3,26.0,23.0,1.4285714285714286,25.57904684352652,31.325804368777575
SKU-0038,2017-12-08,21,3,41.0,39.0,1.5357142857142858,21.606876061167206,29.305187338190468
SKU-0038,2017-12-09,35,3,21.0,32.0,1.5714285714285714,20.420257863947292,25.09079233898822
SKU-0038,2017-12-10,35,3,35.0,26.0,1.75,20.61892736671834,17.067608435383303
SKU-0038,2017-12-11,19,3,35.0,29.0,1.6785714285714286,22.17465872672558,24.90503669928532
SKU-0038,2017-12-12,22,3,19.0,25.0,1.8214285714285714,25.373023533779815,28.33514464542839
SKU-0038,2017-12-13,39,3,22.0,26.0,1.8214285714285714,26.731573734510185,24.431851743120614
SKU-0038,2017-12-14,34,3,39.0,41.0,1.8571428571428572,25.63607574983641,24.911109269763674
SKU-0038,2017-12-15,8,3,34.0,21.0,1.5357142857142858,21.663904967477098,22.483061286589074
SKU-0038,2017-12-16,39,3,8.0,35.0,1.75,20.477286770257187,20.52890108660821
SKU-0038,2017-12-17,24,3,39.0,35.0,1.6071428571428572,20.67595627302823,25.6975869370702
SKU-0038,2017-12-18,39,3,24.0,19.0,1.5357142857142858,22.23168763303547,22.919211761859675
SKU-0038,2017-12-19,14,3,39.0,22.0,1.6428571428571428,25.430052440089707,26.23478932818022
SKU-0038,2017-12-20,37,3,14.0,39.0,1.5,26.78860264082008,28.813351180232
SKU-0038,2017-12-21,33,3,37.0,34.0,1.2857142857142858,25.693104656146307,25.90567476110587
SKU-0038,2017-12-22,34,3,33.0,8.0,1.25,21.720933873786993,23.031804797783213
SKU-0038,2017-12-23,0,3,34.0,39.0,1.2857142857142858,20.534315676567083,13.83005611104271
SKU-0038,2017-12-24,18,3,0.0,24.0,1.2857142857142858,20.732985179338126,18.562779419227994
SKU-0038,2017-12-25,45,3,18.0,39.0,1.1785714285714286,22.288716539345366,22.82257945734617
SKU-0038,2017-12-26,22,3,45.0,14.0,1.3571428571428572,25.487081346399602,24.958826664257185
SKU-0038,2017-12-27,12,3,22.0,37.0,1.4642857142857142,26.845631547129976,22.43060321432896
SKU-0038,2017-12-28,35,3,12.0,33.0,1.4642857142857142,25.750133562456202,29.1466859968853
SKU-0038,2017-12-29,17,3,35.0,34.0,1.4285714285714286,21.77796278009689,16.33817270272266
SKU-0038,2017-12-30,19,3,17.0,0.0,1.5,20.591344582876978,20.767251478452973
SKU-0038,2017-12-31,20,3,19.0,18.0,1.7857142857142858,20.790014085648018,25.4535328390604
SKU-0045,2017-12-04,31,3,26.0,18.0,5.857142857142857,31.924150212510977,42.80663583580757
SKU-0045,2017-12-05,40,3,31.0,39.0,6.285714285714286,32.34112223775482,42.72771522222047
SKU-0045,2017-12-06,84,3,40.0,40.0,6.035714285714286,34.25049885620556,40.01474103959968
SKU-0045,2017-12-07,30,3,84.0,28.0,6.285714285714286,34.308082622432295,29.563013900890695
SKU-0045,2017-12-08,34,3,30.0,103.0,6.678571428571429,32.45707431449932,42.289757882347615
SKU-0045,2017-12-09,46,3,34.0,15.0,7.285714285714286,31.14453640797098,33.817818020886854
SKU-0045,2017-12-10,38,3,46.0,26.0,7.464285714285714,33.293798945896555,31.80498257901998
SKU-0045,2017-12-11,17,3,38.0,31.0,7.535714285714286,31.994098868324492,32.39240674166243
SKU-0045,2017-12-12,63,3,17.0,40.0,7.75,32.411070893568336,37.852716851263146
SKU-0045,2017-12-13,29,3,63.0,84.0,7.571428571428571,34.32044751201908,51.10846862453043
SKU-0045,2017-12-14,17,3,29.0,30.0,7.285714285714286,34.378031278245814,38.326595045104696
SKU-0045,2017-12-15,39,3,17.0,34.0,7.357142857142857,32.52702297031284,35.91068651021801
SKU-0045,2017-12-16,98,3,39.0,46.0,7.071428571428571,31.214485063784497,26.058430366580875
SKU-0045,2017-12-17,41,3,98.0,38.0,7.214285714285714,33.363747601710074,26.438958815330203
SKU-0045,2017-12-18,40,3,41.0,17.0,7.25,32.06404752413801,31.59895895248823
SKU-0045,2017-12-19,56,3,40.0,63.0,7.0,32.481019549381855,27.497094466477225
SKU-0045,2017-12-20,45,3,56.0,29.0,7.071428571428571,34.3903961678326,34.43363896309591
SKU-0045,2017-12-21,57,3,45.0,17.0,6.928571428571429,34.44797993405933,30.703442941601363
SKU-0045,2017-12-22,35,3,57.0,39.0,7.142857142857143,32.59697162612636,26.173847844059033
SKU-0045,2017-12-23,81,3,35.0,98.0,7.392857142857143,31.284433719598017,32.91466627110755
SKU-0045,2017-12-24,19,3,81.0,41.0,7.357142857142857,33.43369625752359,27.721374714158515
SKU-0045,2017-12-25,24,3,19.0,40.0,7.642857142857143,32.13399617995153,26.847093664946254
SKU-0045,2017-12-26,41,3,24.0,56.0,7.357142857142857,32.550968205195375,24.475672199445473
SKU-0045,2017-12-27,39,3,41.0,45.0,7.892857142857143,34.46034482364612,29.678490952060496
SKU-0045,2017-12-28,30,3,39.0,57.0,8.107142857142858,34.51792858987285,23.880132450162076
SKU-0045,2017-12-29,38,3,30.0,35.0,8.214285714285714,32.66692028193988,28.78752844281733
SKU-0045,2017-12-30,33,3,38.0,81.0,7.821428571428571,31.354382375411536,35.24988876246644
SKU-0045,2017-12-31,70,3,33.0,19.0,7.678571428571429,33.50364491333711,35.86061635244019
SKU-0047,2017-12-04,3,3,4.0,9.0,9.5,8.310371562248406,9.357003133791803
SKU-0047,2017-12-05,8,3,3.0,2.0,9.285714285714286,9.985605473096388,10.208489632545403
SKU-0047,2017-12-06,14,3,8.0,8.0,9.5,10.363814294403653,11.71762974254387
SKU-0047,2017-12-07,16,3,14.0,15.0,9.535714285714286,8.322260068530188,13.776758919987676
SKU-0047,2017-12-08,7,3,16.0,8.0,9.535714285714286,7.531516390204045,7.9531203810370314
SKU-0047,2017-12-09,9,3,7.0,18.0,9.392857142857142,6.2142048570786965,8.551889240307256
SKU-0047,2017-12-10,11,3,9.0,4.0,9.607142857142858,5.456669267832551,6.320621482650932
SKU-0047,2017-12-11,9,3,11.0,3.0,9.357142857142858,8.318510640159607,9.04538282208874
SKU-0047,2017-12-12,9,3,9.0,8.0,9.392857142857142,9.993744551007591,9.757372194099183
SKU-0047,2017-12-13,20,3,9.0,14.0,9.035714285714286,10.371953372314856,9.170275125138634
SKU-0047,2017-12-14,30,3,20.0,16.0,8.928571428571429,8.33039914644139,7.743280799160542
SKU-0047,2017-12-15,3,3,30.0,7.0,8.357142857142858,7.539655468115248,7.63643778273348
SKU-0047,2017-12-16,17,3,3.0,9.0,8.5,6.222343934989898,6.86785779186576
SKU-0047,2017-12-17,1,3,17.0,11.0,8.464285714285714,5.464808345743753,6.298234504158583
SKU-0047,2017-12-18,8,3,1.0,9.0,8.785714285714286,8.32664971807081,8.701892648518996
SKU-0047,2017-12-19,7,3,8.0,9.0,9.071428571428571,10.001883628918794,8.648469652325913
SKU-0047,2017-12-20,14,3,7.0,20.0,9.035714285714286,10.380092450226059,8.959741844135168
SKU-0047,2017-12-21,16,3,14.0,30.0,8.821428571428571,8.338538224352593,5.0588975293037235
SKU-0047,2017-12-22,4,3,16.0,3.0,8.357142857142858,7.5477945460264495,8.947751163968238
SKU-0047,2017-12-23,17,3,4.0,17.0,7.285714285714286,6.230483012901101,6.3745851179361575
SKU-0047,2017-12-24,15,3,17.0,1.0,7.25,5.472947423654956,7.154020562328941
SKU-0047,2017-12-25,13,3,15.0,8.0,7.178571428571429,8.334788795982012,7.266758910005842
SKU-0047,2017-12-26,19,3,13.0,7.0,7.535714285714286,10.010022706829997,8.076393876094972
SKU-0047,2017-12-27,2,3,19.0,14.0,8.035714285714286,10.388231528137261,6.334979572963465
SKU-0047,2017-12-28,10,3,2.0,16.0,7.571428571428571,8.346677302263794,6.350887398747924
SKU-0047,2017-12-29,10,3,10.0,4.0,7.357142857142857,7.555933623937652,6.913851560520358
SKU-0047,2017-12-30,6,3,10.0,17.0,7.5,6.238622090812303,7.784351951989769
SKU-0047,2017-12-31,3,3,6.0,15.0,7.071428571428571,5.481086501566157,5.933377077996012
SKU-0052,2017-12-04,0,3,0.0,0.0,2.7857142857142856,14.625381884615695,8.897870115774666
SKU-0052,2017-12-05,0,3,0.0,0.0,3.142857142857143,15.912566874482893,18.755447212798366
SKU-0052,2017-12-06,0,3,0.0,25.0,3.357142857142857,17.30022136083952,16.41760775673626
SKU-0052,2017-12-07,40,3,0.0,0.0,2.892857142857143,16.253495619783802,11.789908175134165
SKU-0052,2017-12-08,25,3,40.0,18.0,2.857142857142857,11.94359672061189,12.552449293019755
SKU-0052,2017-12-09,0,3,25.0,0.0,3.1785714285714284,9.42821975213526,0.5373568583931152
SKU-0052,2017-12-10,60,3,0.0,0.0,3.5714285714285716,12.125671930307986,8.060858716224232
SKU-0052,2017-12-11,13,3,60.0,0.0,3.5714285714285716,14.652653249811426,23.13498666486257
SKU-0052,2017-12-12,6,3,13.0,0.0,3.5714285714285716,15.939838239678624,12.321922369327481
SKU-0052,2017-12-13,9,3,6.0,0.0,4.035714285714286,17.32749272603525,16.82703988305338
SKU-0052,2017-12-14,39,3,9.0,40.0,4.071428571428571,16.280766984979532,11.19763771980221
SKU-0052,2017-12-15,3,3,39.0,25.0,4.071428571428571,11.97086808580762,12.699264715971989
SKU-0052,2017-12-16,2,3,3.0,0.0,4.071428571428571,9.45549111733099,13.599340418352137
SKU-0052,2017-12-17,0,3,2.0,60.0,3.892857142857143,12.152943295503716,4.596919452566004
SKU-0052,2017-12-18,4,3,0.0,13.0,3.75,14.679924615007158,14.244607840754433
SKU-0052,2017-12-19,0,3,4.0,6.0,3.9285714285714284,15.967109604874354,16.862290909640375
SKU-0052,2017-12-20,48,3,0.0,9.0,4.035714285714286,17.35476409123098,24.98940087576073
SKU-0052,2017-12-21,0,3,48.0,39.0,3.9285714285714284,16.308038350175263,12.610324932242351
SKU-0052,2017-12-22,0,3,0.0,3.0,4.25,11.99813945100335,9.070889853981372
SKU-0052,2017-12-23,8,3,0.0,2.0,4.357142857142857,9.48276248252672,12.197661442668457
SKU-0052,2017-12-24,6,3,8.0,0.0,4.5,12.180214660699447,0.3966351645456975
SKU-0052,2017-12-25,126,3,6.0,4.0,4.5,14.707195980202888,15.198743126792808
SKU-0052,2017-12-26,0,3,126.0,0.0,4.357142857142857,15.994380970070084,33.67443332915211
SKU-0052,2017-12-27,18,3,0.0,48.0,4.607142857142857,17.38203545642671,7.873614461984052
SKU-0052,2017-12-28,0,3,18.0,0.0,4.75,16.335309715370993,17.686960548765413
SKU-0052,2017-12-29,0,3,0.0,0.0,4.857142857142857,12.02541081619908,13.821654911374734
SKU-0052,2017-12-30,6,3,0.0,8.0,5.035714285714286,9.51003384772245,18.904562315347004
SKU-0052,2017-12-31,20,3,6.0,6.0,4.892857142857143,12.207486025895177,15.633398644762623
SKU-0053,2017-12-04,6,3,0.0,0.0,55.07142857142857,2.238986112193944,3.1187152368726956
SKU-0053,2017-12-05,0,3,6.0,5.0,53.857142857142854,2.6732875618094667,3.2870445583006247
SKU-0053,2017-12-06,0,3,0.0,3.0,54.642857142857146,3.3709729827109562,4.4862175437389595
SKU-0053,2017-12-07,14,3,0.0,0.0,53.714285714285715,2.6477133738956335,4.0481137437307115
SKU-0053,2017-12-08,0,3,14.0,0.0,53.17857142857143,1.2948260508057983,2.3674308322103443
SKU-0053,2017-12-09,0,3,0.0,3.0,52.535714285714285,1.1369160356921535,2.9131225132821235
SKU-0053,2017-12-10,0,3,0.0,0.0,53.57142857142857,1.2805158075853749,2.0770540649573066
SKU-0053,2017-12-11,11,3,0.0,6.0,54.285714285714285,2.2362684380389175,3.069576547451909
SKU-0053,2017-12-12,0,3,11.0,0.0,54.357142857142854,2.67056988765444,3.4371372573897006
SKU-0053,2017-12-13,1,3,0.0,0.0,51.714285714285715,3.3682553085559297,4.483971580954051
SKU-0053,2017-12-14,0,3,1.0,14.0,51.25,2.644995699740607,3.1165197293887252
SKU-0053,2017-12-15,0,3,0.0,0.0,52.25,1.2921083766507713,2.7618305863975436
SKU-0053,2017-12-16,0,3,0.0,0.0,52.32142857142857,1.134198361537127,2.105222173359154
SKU-0053,2017-12-17,5,3,0.0,0.0,55.57142857142857,1.2777981334303483,2.1039817346293774
SKU-0053,2017-12-18,0,3,5.0,11.0,55.107142857142854,2.233550763883891,2.872289929191883
SKU-0053,2017-12-19,0,3,0.0,0.0,55.214285714285715,2.6678522134994136,3.448108027731591
SKU-0053,2017-12-20,14,3,0.0,1.0,54.785714285714285,3.365537634400903,4.730036987068889
SKU-0053,2017-12-21,5,3,14.0,0.0,55.964285714285715,2.6422780255855804,3.9208421991832774
SKU-0053,2017-12-22,0,3,5.0,0.0,56.857142857142854,1.2893907024957447,2.2649875062552067
SKU-0053,2017-12-23,0,3,0.0,0.0,56.535714285714285,1.1314806873821,2.288441272896921
SKU-0053,2017-12-24,0,3,0.0,5.0,58.107142857142854,1.2750804592753218,1.7995471296200527
SKU-0053,2017-12-25,0,3,0.0,0.0,58.5,2.2308330897288644,2.6527234788671272
SKU-0053,2017-12-26,0,3,0.0,0.0,58.32142857142857,2.665134539344387,2.8035765065063143
SKU-0053,2017-12-27,0,3,0.0,14.0,59.892857142857146,3.3628199602458766,4.523884642790059
SKU-0053,2017-12-28,0,3,0.0,5.0,59.75,2.639560351430554,4.499374757171607
SKU-0053,2017-12-29,0,3,0.0,0.0,58.42857142857143,1.2866730283407182,2.9013421311800625
SKU-0053,2017-12-30,0,3,0.0,0.0,61.464285714285715,1.1287630132270734,2.809635465617023
SKU-0053,2017-12-31,0,3,0.0,0.0,60.07142857142857,1.2723627851202948,2.2527731698803692
SKU-0054,2017-12-04,5,3,24.0,0.0,78.46428571428571,6.981667009873559,5.835324316895786
SKU-0054,2017-12-05,6,3,5.0,0.0,87.82142857142857,7.663467576432379,6.875686164100399
SKU-0054,2017-12-06,2,3,6.0,6.0,87.07142857142857,9.131454048982334,8.027049274468425
SKU-0054,2017-12-07,8,3,2.0,0.0,84.64285714285714,7.739293265714276,7.569295283508836
SKU-0054,2017-12-08,0,3,8.0,7.0,86.0,7.268523196616174,5.997354287160129
SKU-0054,2017-12-09,0,3,0.0,7.0,80.92857142857143,5.5162704813759476,5.26680455027558
SKU-0054,2017-12-10,21,3,0.0,24.0,79.07142857142857,6.392885538553838,7.596836573435181
SKU-0054,2017-12-11,7,3,21.0,5.0,78.92857142857143,7.001108291657521,5.852830768044561
SKU-0054,2017-12-12,6,3,7.0,6.0,80.89285714285714,7.68290885821634,7.794590653283698
SKU-0054,2017-12-13,17,3,6.0,2.0,83.25,9.150895330766296,10.373488134159134
SKU-0054,2017-12-14,12,3,17.0,8.0,103.60714285714286,7.758734547498238,6.819547839532415
SKU-0054,2017-12-15,0,3,12.0,0.0,104.53571428571429,7.287964478400135,7.042825330438927
SKU-0054,2017-12-16,1,3,0.0,0.0,107.28571428571429,5.5357117631599095,5.726580989536639
SKU-0054,2017-12-17,2,3,1.0,21.0,111.46428571428571,6.4123268203378,6.905314875753992
SKU-0054,2017-12-18,9,3,2.0,7.0,105.0,7.020549573441482,6.238386814928645
SKU-0054,2017-12-19,17,3,9.0,6.0,104.5,7.702350140000302,6.736271631508225
SKU-0054,2017-12-20,5,3,17.0,17.0,92.89285714285714,9.170336612550258,8.667816543210703
SKU-0054,2017-12-21,16,3,5.0,12.0,91.46428571428571,7.778175829282199,7.010742057379194
SKU-0054,2017-12-22,22,3,16.0,0.0,91.35714285714286,7.307405760184097,6.1135100634375235
SKU-0054,2017-12-23,10,3,22.0,1.0,89.89285714285714,5.5551530449438715,3.7265352152173383
SKU-0054,2017-12-24,0,3,10.0,2.0,106.53571428571429,6.431768102121762,4.389652790984003
SKU-0054,2017-12-25,11,3,0.0,9.0,106.03571428571429,7.039990855225444,7.5663210272334664
SKU-0054,2017-12-26,17,3,11.0,17.0,112.57142857142857,7.721791421784263,8.020745752671523
SKU-0054,2017-12-27,14,3,17.0,5.0,113.85714285714286,9.18977789433422,8.729441201760766
SKU-0054,2017-12-28,0,3,14.0,16.0,115.82142857142857,7.797617111066161,8.781477718909985
SKU-0054,2017-12-29,15,3,0.0,22.0,114.07142857142857,7.326847041968058,6.785050905524699
SKU-0054,2017-12-30,0,3,15.0,10.0,115.28571428571429,5.5745943267278335,5.1324505291502645
SKU-0054,2017-12-31,2,3,0.0,0.0,111.42857142857143,6.451209383905722,4.738834706276305
SKU-0055,2017-12-04,0,3,0.0,4.0,3.857142857142857,1.5398812524371916,2.116490862630629
SKU-0055,2017-12-05,3,3,0.0,0.0,3.7142857142857144,1.9706006546921055,2.2016885487122093
SKU-0055,2017-12-06,0,3,3.0,0.0,3.642857142857143,1.827390934231613,2.4331256241043873
SKU-0055,2017-12-07,4,3,0.0,0.0,3.7857142857142856,1.323493232096227,2.146583089078803
SKU-0055,2017-12-08,0,3,4.0,0.0,3.642857142857143,1.2758356890157025,1.6874560223376625
SKU-0055,2017-12-09,0,3,0.0,0.0,3.4642857142857144,0.6154956064560789,1.3299131528267467
SKU-0055,2017-12-10,0,3,0.0,0.0,3.3214285714285716,1.206340193103393,1.6823299757266215
SKU-0055,2017-12-11,0,3,0.0,0.0,3.2857142857142856,1.5359027317695257,2.919658486349836
SKU-0055,2017-12-12,2,3,0.0,3.0,3.607142857142857,1.9666221340244396,2.3134394598352097
SKU-0055,2017-12-13,0,3,2.0,0.0,4.035714285714286,1.8234124135639471,2.850159433359333
SKU-0055,2017-12-14,0,3,0.0,4.0,3.857142857142857,1.3195147114285612,1.9391070145399778
SKU-0055,2017-12-15,0,3,0.0,0.0,4.357142857142857,1.2718571683480366,2.551167379532043
SKU-0055,2017-12-16,1,3,0.0,0.0,4.642857142857143,0.611517085788413,1.719460177664437
SKU-0055,2017-12-17,2,3,1.0,0.0,4.464285714285714,1.2023616724357271,1.9664741236986356
SKU-0055,2017-12-18,7,3,2.0,0.0,4.464285714285714,1.5319242111018598,2.5431158029905405
SKU-0055,2017-12-19,0,3,7.0,2.0,4.464285714285714,1.9626436133567737,2.925896510624276
SKU-0055,2017-12-20,5,3,0.0,0.0,4.535714285714286,1.8194338928962812,2.8921897309671336
SKU-0055,2017-12-21,0,3,5.0,0.0,4.321428571428571,1.3155361907608953,2.9681440337624823
SKU-0055,2017-12-22,0,3,0.0,0.0,4.321428571428571,1.2678786476803707,1.9890643046911647
SKU-0055,2017-12-23,0,3,0.0,1.0,4.285714285714286,0.6075385651207471,1.0115113713313133
SKU-0055,2017-12-24,0,3,0.0,2.0,4.464285714285714,1.1983831517680614,1.7343666179719315
SKU-0055,2017-12-25,4,3,0.0,7.0,4.071428571428571,1.527945690434194,2.095081863029298
SKU-0055,2017-12-26,0,3,4.0,0.0,4.535714285714286,1.9586650926891078,2.6600043397855684
SKU-0055,2017-12-27,15,3,0.0,5.0,4.928571428571429,1.8154553722286153,2.8036447469261505
SKU-0055,2017-12-28,0,3,15.0,0.0,4.821428571428571,1.3115576700932294,2.597747652931162
SKU-0055,2017-12-29,6,3,0.0,0.0,4.142857142857143,1.2639001270127048,2.509915398636933
SKU-0055,2017-12-30,0,3,6.0,0.0,4.428571428571429,0.6035600444530812,1.8105667119859887
SKU-0055,2017-12-31,0,3,0.0,0.0,4.214285714285714,1.1944046311003955,1.9353485045153502
SKU-0056,2017-12-04,13,3,0.0,0.0,5.464285714285714,0.9203358310034626,1.8268439624330608
SKU-0056,2017-12-05,0,3,13.0,4.0,5.642857142857143,1.709403337876421,2.675088993616349
SKU-0056,2017-12-06,0,3,0.0,0.0,5.964285714285714,2.0856808369177444,2.6769560721770076
SKU-0056,2017-12-07,0,3,0.0,0.0,6.464285714285714,1.41278311003042,2.3221524065310315
SKU-0056,2017-12-08,0,3,0.0,0.0,6.428571428571429,0.9753751016793288,2.088456706180865
SKU-0056,2017-12-09,0,3,0.0,0.0,6.821428571428571,0.4972210473513218,2.156494312187574
SKU-0056,2017-12-10,0,3,0.0,0.0,6.857142857142857,0.6997495880021828,1.8727652115459856
SKU-0056,2017-12-11,0,3,0.0,13.0,7.142857142857143,0.9150835092557357,2.622739581578195
SKU-0056,2017-12-12,1,3,0.0,0.0,7.071428571428571,1.7041510161286941,2.2760710445589707
SKU-0056,2017-12-13,0,3,1.0,0.0,6.964285714285714,2.0804285151700173,3.037117167917149
SKU-0056,2017-12-14,0,3,0.0,0.0,6.821428571428571,1.4075307882826928,2.5240031579308986
SKU-0056,2017-12-15,0,3,0.0,0.0,6.535714285714286,0.9701227799316021,2.2150595021886583
SKU-0056,2017-12-16,0,3,0.0,0.0,6.535714285714286,0.49196872560359506,1.5324614953131477
SKU-0056,2017-12-17,0,3,0.0,0.0,6.464285714285714,0.6944972662544558,1.7926050201914763
SKU-0056,2017-12-18,0,3,0.0,0.0,7.071428571428571,0.9098311875080087,2.572834241575933
SKU-0056,2017-12-19,0,3,0.0,1.0,6.714285714285714,1.6988986943809672,3.484820525798971
SKU-0056,2017-12-20,0,3,0.0,0.0,7.178571428571429,2.0751761934222905,2.928087201814741
SKU-0056,2017-12-21,0,3,0.0,0.0,6.785714285714286,1.4022784665349661,2.7422846914817853
SKU-0056,2017-12-22,0,3,0.0,0.0,6.464285714285714,0.9648704581838752,2.2310098579080346
SKU-0056,2017-12-23,8,3,0.0,0.0,6.357142857142857,0.4867164038558681,2.094111156699238
SKU-0056,2017-12-24,0,3,8.0,0.0,6.357142857142857,0.6892449445067291,1.840114606827843
SKU-0056,2017-12-25,1,3,0.0,0.0,6.5,0.9045788657602818,2.6221257209002493
SKU-0056,2017-12-26,0,3,1.0,0.0,6.857142857142857,1.6936463726332402,2.684306213207467
SKU-0056,2017-12-27,0,3,0.0,0.0,6.857142857142857,2.0699238716745634,2.443281673416607
SKU-0056,2017-12-28,0,3,0.0,0.0,7.035714285714286,1.397026144787239,2.436700741386688
SKU-0056,2017-12-29,0,3,0.0,0.0,6.928571428571429,0.9596181364361482,2.5421996801813034
SKU-0056,2017-12-30,0,3,0.0,8.0,7.142857142857143,0.4814640821081412,2.8524630158539517
SKU-0056,2017-12-31,0,3,0.0,0.0,7.428571428571429,0.6839926227590022,2.72868443774111
SKU-0057,2017-12-04,10,3,0.0,0.0,10.178571428571429,0.8320798178344911,0.7218998711356016
SKU-0057,2017-12-05,0,3,10.0,0.0,9.571428571428571,1.017975245645447,0.8668329235490301
SKU-0057,2017-12-06,4,3,0.0,2.0,9.75,0.9278920997161246,1.1539906562179658
SKU-0057,2017-12-07,5,3,4.0,0.0,9.75,1.0394630385630321,0.9746058551512954
SKU-0057,2017-12-08,3,3,5.0,0.0,10.785714285714286,0.7044058253071142,0.9986266310786932
SKU-0057,2017-12-09,0,3,3.0,9.0,10.571428571428571,0.5110249066491426,0.9993897761133707
SKU-0057,2017-12-10,0,3,0.0,0.0,10.607142857142858,0.8934333351184333,0.8927654020270498
SKU-0057,2017-12-11,2,3,0.0,10.0,10.678571428571429,0.8314203628273836,1.2125224451621543
SKU-0057,2017-12-12,0,3,2.0,0.0,10.5,1.0173157906383397,0.956476976710768
SKU-0057,2017-12-13,3,3,0.0,4.0,10.642857142857142,0.9272326447090171,1.6936476842452488
SKU-0057,2017-12-14,0,3,3.0,5.0,10.321428571428571,1.0388035835559248,0.247260918518603
SKU-0057,2017-12-15,3,3,0.0,3.0,10.285714285714286,0.7037463703000066,2.1902844861030513
SKU-0057,2017-12-16,0,3,3.0,0.0,10.75,0.5103654516420351,0.0
SKU-0057,2017-12-17,0,3,0.0,0.0,10.678571428571429,0.8927738801113259,0.6899304923129911
SKU-0057,2017-12-18,5,3,0.0,2.0,10.428571428571429,0.8307609078202761,1.5765120393091065
SKU-0057,2017-12-19,0,3,5.0,0.0,9.892857142857142,1.016656335631232,1.088092044259103
SKU-0057,2017-12-20,0,3,0.0,3.0,10.035714285714286,0.9265731897019097,2.0612615038797344
SKU-0057,2017-12-21,2,3,0.0,0.0,10.214285714285714,1.0381441285488173,1.683272335769966
SKU-0057,2017-12-22,0,3,2.0,3.0,10.035714285714286,0.7030869152928992,1.5995014447473779
SKU-0057,2017-12-23,0,3,0.0,0.0,10.178571428571429,0.5097059966349275,0.9718781070866577
SKU-0057,2017-12-24,0,3,0.0,0.0,9.964285714285714,0.8921144251042183,1.0962608765321133
SKU-0057,2017-12-25,0,3,0.0,5.0,9.857142857142858,0.8301014528131687,1.8277710857869982
SKU-0057,2017-12-26,3,3,0.0,0.0,10.107142857142858,1.0159968806241246,1.3822721406612055
SKU-0057,2017-12-27,0,3,3.0,0.0,10.071428571428571,0.9259137346948022,1.3858915900753
SKU-0057,2017-12-28,0,3,0.0,2.0,10.714285714285714,1.0374846735417098,2.2242906332008343
SKU-0057,2017-12-29,2,3,0.0,0.0,10.428571428571429,0.7024274602857917,1.4647953217739103
SKU-0057,2017-12-30,0,3,2.0,0.0,9.607142857142858,0.5090465416278201,0.7187290870814519
SKU-0057,2017-12-31,0,3,0.0,0.0,10.071428571428571,0.8914549700971108,1.4103424138188088
SKU-0059,2017-12-04,5,3,10.0,17.0,3.142857142857143,15.775360086497018,17.913513810210066
SKU-0059,2017-12-05,12,3,5.0,19.0,3.0714285714285716,19.381158785358004,27.991842581057963
SKU-0059,2017-12-06,13,3,12.0,17.0,3.0714285714285716,20.64551892466578,23.74813278382043
SKU-0059,2017-12-07,8,3,13.0,22.0,3.107142857142857,17.930937758125594,23.588078027618323
SKU-0059,2017-12-08,17,3,8.0,15.0,3.2857142857142856,14.255808559759279,16.10095029422783
SKU-0059,2017-12-09,4,3,17.0,10.0,3.2857142857142856,10.994154731470061,15.16071005823147
SKU-0059,2017-12-10,6,3,4.0,10.0,3.107142857142857,11.934455854432596,13.090542896850803
SKU-0059,2017-12-11,17,3,6.0,5.0,3.0357142857142856,15.790060591156495,23.993033623645886
SKU-0059,2017-12-12,15,3,17.0,12.0,2.892857142857143,19.395859290017484,23.48766852036787
SKU-0059,2017-12-13,38,3,15.0,13.0,2.7142857142857144,20.660219429325256,26.11001801662743
SKU-0059,2017-12-14,18,3,38.0,8.0,2.857142857142857,17.94563826278507,21.010732292084704
SKU-0059,2017-12-15,6,3,18.0,17.0,2.857142857142857,14.270509064418755,17.37768664165904
SKU-0059,2017-12-16,15,3,6.0,4.0,3.0,11.008855236129538,11.410719344541445
SKU-0059,2017-12-17,4,3,15.0,6.0,2.9642857142857144,11.949156359092072,13.932320264401817
SKU-0059,2017-12-18,5,3,4.0,17.0,3.0,15.804761095815971,19.653080745191826
SKU-0059,2017-12-19,14,3,5.0,15.0,3.142857142857143,19.41055979467696,23.34631473210362
SKU-0059,2017-12-20,15,3,14.0,38.0,3.4285714285714284,20.674919933984732,17.503975073423227
SKU-0059,2017-12-21,26,3,15.0,18.0,3.7142857142857144,17.960338767444547,20.671172594519017
SKU-0059,2017-12-22,3,3,26.0,6.0,3.6785714285714284,14.285209569078232,18.054654917668778
SKU-0059,2017-12-23,22,3,3.0,15.0,3.357142857142857,11.023555740789014,16.884951500931503
SKU-0059,2017-12-24,13,3,22.0,4.0,3.357142857142857,11.963856863751548,13.174359123148735
SKU-0059,2017-12-25,21,3,13.0,5.0,3.25,15.819461600475448,13.171940698708756
SKU-0059,2017-12-26,36,3,21.0,14.0,3.25,19.425260299336436,16.066353928146984
SKU-0059,2017-12-27,6,3,36.0,15.0,3.4285714285714284,20.68962043864421,18.122726616104455
SKU-0059,2017-12-28,8,3,6.0,26.0,3.5714285714285716,17.975039272104024,18.17320182420961
SKU-0059,2017-12-29,5,3,8.0,3.0,4.035714285714286,14.299910073737708,14.42675186515615
SKU-0059,2017-12-30,11,3,5.0,22.0,3.7142857142857144,11.038256245448494,15.273873602199528
SKU-0059,2017-12-31,13,3,11.0,13.0,3.2857142857142856,11.978557368411025,14.50214229217234
SKU-0060,2017-12-04,3,3,0.0,14.0,0.0,4.521047691371438,4.694463682088899
SKU-0060,2017-12-05,2,3,3.0,0.0,0.0,4.93367053286242,3.1320647792665794
SKU-0060,2017-12-06,7,3,2.0,5.0,0.0,4.572290081180787,2.9342108105353337
SKU-0060,2017-12-07,10,3,7.0,16.0,0.0,4.206525110745984,2.3383094769390187
SKU-0060,2017-12-08,8,3,10.0,8.0,0.0,3.462043561113845,1.6905586475633663
SKU-0060,2017-12-09,3,3,8.0,0.0,0.0,3.25877059041135,3.3310266883826922
SKU-0060,2017-12-10,0,3,3.0,0.0,0.0,3.2979719063941837,1.5901254974652144
SKU-0060,2017-12-11,8,3,0.0,3.0,0.0,4.524578829319922,4.42813150388235
SKU-0060,2017-12-12,11,3,8.0,2.0,0.0,4.9372016708109046,3.444497984116498
SKU-0060,2017-12-13,13,3,11.0,7.0,0.0,4.575821219129272,3.6799147746368948
SKU-0060,2017-12-14,3,3,13.0,10.0,0.0,4.210056248694469,3.3603481231351275
SKU-0060,2017-12-15,4,3,3.0,8.0,0.0,3.4655746990623295,3.581486629404179
SKU-0060,2017-12-16,3,3,4.0,3.0,0.0,3.2623017283598346,4.229100404262714
SKU-0060,2017-12-17,0,3,3.0,0.0,0.0,3.301503044342668,3.346951106897839
SKU-0060,2017-12-18,12,3,0.0,8.0,0.0,4.528109967268407,2.6417145451735067
SKU-0060,2017-12-19,16,3,12.0,11.0,0.0,4.94073280875939,0.4713907502857342
SKU-0060,2017-12-20,7,3,16.0,13.0,0.0,4.579352357077757,0.8788392127657914
SKU-0060,2017-12-21,4,3,7.0,3.0,0.0,4.213587386642954,0.8988613192705309
SKU-0060,2017-12-22,0,3,4.0,4.0,0.0,3.4691058370108148,1.3843445347227297
SKU-0060,2017-12-23,4,3,0.0,3.0,0.0,3.26583286630832,2.3011844348937394
SKU-0060,2017-12-24,10,3,4.0,0.0,0.0,3.3050341822911533,3.2193297979176805
SKU-0060,2017-12-25,0,3,10.0,12.0,0.0,4.531641105216892,1.275149887894812
SKU-0060,2017-12-26,15,3,0.0,16.0,0.0,4.944263946707874,3.202612430866787
SKU-0060,2017-12-27,0,3,15.0,7.0,0.0,4.582883495026242,2.0147962259996026
SKU-0060,2017-12-28,0,3,0.0,4.0,0.0,4.217118524591439,0.35336359057619576
SKU-0060,2017-12-29,0,3,0.0,0.0,0.0,3.472636974959299,3.1061526962681496
SKU-0060,2017-12-30,4,3,0.0,4.0,0.0,3.269364004256804,2.5393551014575286
SKU-0060,2017-12-31,4,3,4.0,10.0,0.0,3.3085653202396377,2.8235548796778778
SKU-0061,2017-12-04,5,3,0.0,0.0,0.0,2.4172970035428536,5.304506774345177
SKU-0061,2017-12-05,14,3,5.0,10.0,0.0,3.141493415534161,3.690199709395119
SKU-0061,2017-12-06,16,3,14.0,0.0,0.0,3.6402552317326915,4.8530577401352675
SKU-0061,2017-12-07,0,3,16.0,3.0,0.0,2.8350101549940874,4.450564557962912
SKU-0061,2017-12-08,8,3,0.0,7.0,0.0,2.1494957514681134,3.283417147785985
SKU-0061,2017-12-09,3,3,8.0,0.0,0.0,2.3064375211565142,2.8970949421592445
SKU-0061,2017-12-10,0,3,3.0,0.0,0.0,2.3977386256206863,2.6715988882989845
SKU-0061,2017-12-11,7,3,0.0,5.0,0.0,2.4205115763417844,4.629615251357846
SKU-0061,2017-12-12,14,3,7.0,14.0,0.0,3.1447079883330917,2.4525643323624875
SKU-0061,2017-12-13,4,3,14.0,16.0,0.0,3.6434698045316223,4.146357785970842
SKU-0061,2017-12-14,3,3,4.0,0.0,0.0,2.8382247277930177,3.1592740183842283
SKU-0061,2017-12-15,3,3,3.0,8.0,0.0,2.1527103242670442,3.602241951171947
SKU-0061,2017-12-16,7,3,3.0,3.0,0.0,2.309652093955445,3.9461909860559845
SKU-0061,2017-12-17,1,3,7.0,0.0,0.0,2.400953198419617,3.521149129789799
SKU-0061,2017-12-18,0,3,1.0,7.0,0.0,2.423726149140715,1.1031378500413562
SKU-0061,2017-12-19,6,3,0.0,14.0,0.0,3.1479225611320225,1.4634530326771027
SKU-0061,2017-12-20,9,3,6.0,4.0,0.0,3.646684377330553,2.305981222142051
SKU-0061,2017-12-21,8,3,9.0,3.0,0.0,2.8414393005919485,2.528378660923624
SKU-0061,2017-12-22,0,3,8.0,3.0,0.0,2.155924897065975,1.3266424721172272
SKU-0061,2017-12-23,2,3,0.0,7.0,0.0,2.312866666754376,2.384539783167133
SKU-0061,2017-12-24,5,3,2.0,1.0,0.0,2.404167771218548,2.421753172202894
SKU-0061,2017-12-25,0,3,5.0,0.0,0.0,2.426940721939646,2.5669265324779658
SKU-0061,2017-12-26,0,3,0.0,6.0,0.0,3.1511371339309533,2.0794245326115983
SKU-0061,2017-12-27,0,3,0.0,9.0,0.0,3.649898950129484,4.742584465309037
SKU-0061,2017-12-28,0,3,0.0,8.0,0.0,2.8446538733908793,1.5885718012227286
SKU-0061,2017-12-29,0,3,0.0,0.0,0.0,2.1591394698649053,3.34897833408903
SKU-0061,2017-12-30,8,3,0.0,2.0,0.0,2.3160812395533066,2.7570459661553013
SKU-0061,2017-12-31,5,3,8.0,5.0,0.0,2.4073823440174786,1.3179596205062463
SKU-0062,2017-12-04,2,3,0.0,0.0,0.0,2.919076749084949,5.1690555167937005
SKU-0062,2017-12-05,0,3,2.0,5.0,0.0,4.46061099664703,3.7256973184543094
SKU-0062,2017-12-06,12,3,0.0,0.0,0.0,4.267242835467243,5.394536076985515
SKU-0062,2017-12-07,7,3,12.0,0.0,0.0,3.9939735558334695,4.002266148882535
SKU-0062,2017-12-08,7,3,7.0,0.0,0.0,3.2440296371677975,2.382245999697391
SKU-0062,2017-12-09,7,3,7.0,5.0,0.0,2.5964903874651304,2.862072983859217
SKU-0062,2017-12-10,4,3,7.0,0.0,0.0,2.1583032326640135,2.2948173169719053
SKU-0062,2017-12-11,9,3,4.0,2.0,0.0,2.914581979512283,3.615930398925938
SKU-0062,2017-12-12,0,3,9.0,0.0,0.0,4.4561162270743635,1.4347515706181255
SKU-0062,2017-12-13,0,3,0.0,12.0,0.0,4.262748065894577,5.601482373998077
SKU-0062,2017-12-14,7,3,0.0,7.0,0.0,3.9894787862608037,3.9334789054258796
SKU-0062,2017-12-15,5,3,7.0,7.0,0.0,3.239534867595131,4.489775414312167
SKU-0062,2017-12-16,3,3,5.0,7.0,0.0,2.591995617892464,2.931843329514561
SKU-0062,2017-12-17,3,3,3.0,4.0,0.0,2.1538084630913477,3.227208203651922
SKU-0062,2017-12-18,2,3,3.0,9.0,0.0,2.9100872099396167,1.484438854649829
SKU-0062,2017-12-19,6,3,2.0,0.0,0.0,4.451621457501698,2.3648000997079976
SKU-0062,2017-12-20,11,3,6.0,0.0,0.0,4.258253296321911,3.3383871773454965
SKU-0062,2017-12-21,1,3,11.0,7.0,0.0,3.9849840166881374,0.9440305837352722
SKU-0062,2017-12-22,3,3,1.0,5.0,0.0,3.2350400980224654,1.6364142915221627
SKU-0062,2017-12-23,1,3,3.0,3.0,0.0,2.587500848319798,0.7410451094775082
SKU-0062,2017-12-24,0,3,1.0,3.0,0.0,2.1493136935186814,1.2877437355373578
SKU-0062,2017-12-25,7,3,0.0,2.0,0.0,2.9055924403669504,3.6686570853232547
SKU-0062,2017-12-26,2,3,7.0,6.0,0.0,4.447126687929032,2.343713842374715
SKU-0062,2017-12-27,12,3,2.0,11.0,0.0,4.2537585267492455,3.645387158174454
SKU-0062,2017-12-28,7,3,12.0,1.0,0.0,3.9804892471154716,1.5517259663029352
SKU-0062,2017-12-29,0,3,7.0,3.0,0.0,3.230545328449799,1.1483727454696502
SKU-0062,2017-12-30,5,3,0.0,1.0,0.0,2.5830060787471316,2.5869497819487077
SKU-0062,2017-12-31,5,3,5.0,0.0,0.0,2.1448189239460156,1.5178747040759348
SKU-0063,2017-12-04,21,3,23.0,16.0,0.0,9.931257699804082,2.8082558492709726
SKU-0063,2017-12-05,16,3,21.0,19.0,0.0,11.839166571469967,3.080058547047896
SKU-0063,2017-12-06,11,3,16.0,11.0,0.0,12.023373665764288,4.4023139255774
SKU-0063,2017-12-07,10,3,11.0,4.0,0.0,10.071901691732716,2.7210102441018975
SKU-0063,2017-12-08,16,3,10.0,13.0,0.0,7.2614839193759515,1.2460209467939793
SKU-0063,2017-12-09,2,3,16.0,8.0,0.0,5.241893047577551,1.4926517896636473
SKU-0063,2017-12-10,4,3,2.0,23.0,0.0,5.6667544552368305,2.2390520896412793
SKU-0063,2017-12-11,12,3,4.0,21.0,0.0,9.921157303011348,3.735201028165336
SKU-0063,2017-12-12,14,3,12.0,16.0,0.0,11.829066174677234,2.087392582932246
SKU-0063,2017-12-13,6,3,14.0,11.0,0.0,12.013273268971554,3.2865767400399863
SKU-0063,2017-12-14,9,3,6.0,10.0,0.0,10.061801294939983,1.885968045772356
SKU-0063,2017-12-15,3,3,9.0,16.0,0.0,7.251383522583218,3.776611362333731
SKU-0063,2017-12-16,2,3,3.0,2.0,0.0,5.231792650784816,2.2535155422690476
SKU-0063,2017-12-17,1,3,2.0,4.0,0.0,5.656654058444095,2.412983290842904
SKU-0063,2017-12-18,7,3,1.0,12.0,0.0,9.911056906218615,0.31169417225769924
SKU-0063,2017-12-19,3,3,7.0,14.0,0.0,11.8189657778845,1.1559111539946647
SKU-0063,2017-12-20,10,3,3.0,6.0,0.0,12.003172872178821,2.4055949699828902
SKU-0063,2017-12-21,14,3,10.0,9.0,0.0,10.05170089814725,1.2695498960870968
SKU-0063,2017-12-22,14,3,14.0,3.0,0.0,7.241283125790485,1.9719655801593594
SKU-0063,2017-12-23,9,3,14.0,2.0,0.0,5.2216922539920825,0.23063726842538584
SKU-0063,2017-12-24,6,3,9.0,1.0,0.0,5.646553661651362,1.8491880875811375
SKU-0063,2017-12-25,16,3,6.0,7.0,0.0,9.900956509425882,1.6225659724909836
SKU-0063,2017-12-26,6,3,16.0,3.0,0.0,11.808865381091765,0.5327195380209997
SKU-0063,2017-12-27,20,3,6.0,10.0,0.0,11.993072475386086,1.5877589570649306
SKU-0063,2017-12-28,4,3,20.0,14.0,0.0,10.041600501354514,0.007761315973298093
SKU-0063,2017-12-29,9,3,4.0,14.0,0.0,7.2311827289977515,0.9757621947138158
SKU-0063,2017-12-30,0,3,9.0,9.0,0.0,5.211591857199349,0.7707335812839682
SKU-0063,2017-12-31,8,3,0.0,6.0,0.0,5.636453264858629,1.5237520540543157
SKU-0064,2017-12-04,5,3,0.0,2.0,0.0,4.201368229332247,5.1571460078410505
SKU-0064,2017-12-05,10,3,5.0,0.0,0.0,5.506506199247604,3.2304515250260883
SKU-0064,2017-12-06,22,3,10.0,0.0,0.0,5.717371092359444,3.8474295780700145
SKU-0064,2017-12-07,12,3,22.0,7.0,0.0,4.3024493620963895,1.6599263144808858
SKU-0064,2017-12-08,3,3,12.0,0.0,0.0,2.8384330718298703,2.884562403207532
SKU-0064,2017-12-09,6,3,3.0,0.0,0.0,3.0750194921704184,1.930870262989671
SKU-0064,2017-12-10,0,3,6.0,0.0,0.0,3.4535903320280754,1.7919783456421343
SKU-0064,2017-12-11,9,3,0.0,5.0,0.0,4.2068318617647815,4.207930164317797
SKU-0064,2017-12-12,8,3,9.0,10.0,0.0,5.511969831680139,3.892784444956987
SKU-0064,2017-12-13,16,3,8.0,22.0,0.0,5.722834724791979,4.650069459740014
SKU-0064,2017-12-14,8,3,16.0,12.0,0.0,4.307912994528923,2.2921712072142504
SKU-0064,2017-12-15,12,3,8.0,3.0,0.0,2.843896704262405,4.186528297696644
SKU-0064,2017-12-16,2,3,12.0,6.0,0.0,3.080483124602953,4.129373016490836
SKU-0064,2017-12-17,8,3,2.0,0.0,0.0,3.45905396446061,2.832283899389786
SKU-0064,2017-12-18,3,3,8.0,9.0,0.0,4.212295494197316,2.0289459869673534
SKU-0064,2017-12-19,1,3,3.0,8.0,0.0,5.517433464112674,1.05180558875618
SKU-0064,2017-12-20,7,3,1.0,16.0,0.0,5.728298357224514,0.37055380642521385
SKU-0064,2017-12-21,6,3,7.0,8.0,0.0,4.313376626961459,1.70776662628246
SKU-0064,2017-12-22,2,3,6.0,12.0,0.0,2.8493603366949394,1.5323396864159124
SKU-0064,2017-12-23,10,3,2.0,2.0,0.0,3.0859467570354875,0.11703892924094747
SKU-0064,2017-12-24,0,3,10.0,8.0,0.0,3.4645175968931445,3.1245351909146546
SKU-0064,2017-12-25,9,3,0.0,3.0,0.0,4.217759126629851,3.1442829240139565
SKU-0064,2017-12-26,8,3,9.0,1.0,0.0,5.522897096545209,1.4511964290376351
SKU-0064,2017-12-27,0,3,8.0,7.0,0.0,5.733761989657048,2.1817355839493278
SKU-0064,2017-12-28,0,3,0.0,6.0,0.0,4.318840259393992,2.241721999204993
SKU-0064,2017-12-29,0,3,0.0,2.0,0.0,2.854823969127474,3.136646326428266
SKU-0064,2017-12-30,10,3,0.0,10.0,0.0,3.091410389468022,2.523915020618892
SKU-0064,2017-12-31,1,3,10.0,0.0,0.0,3.469981229325679,1.918285270240699
SKU-0065,2017-12-04,0,3,0.0,0.0,0.0,1.4281797102787332,6.069596811510509
SKU-0065,2017-12-05,4,3,0.0,0.0,0.0,1.5265355670267198,4.345329401562388
SKU-0065,2017-12-06,4,3,4.0,0.0,0.0,1.65800068201689,5.225809935176848
SKU-0065,2017-12-07,5,3,4.0,0.0,0.0,1.7921676871016365,3.2746531728144523
SKU-0065,2017-12-08,0,3,5.0,0.0,0.0,1.0665839127185208,2.4024855873371043
SKU-0065,2017-12-09,0,3,0.0,5.0,0.0,1.3084886888742215,3.0792955475557267
SKU-0065,2017-12-10,0,3,0.0,0.0,0.0,1.2562530754206507,3.939398539057929
SKU-0065,2017-12-11,0,3,0.0,0.0,0.0,1.422594005372662,4.744380718142438
SKU-0065,2017-12-12,5,3,0.0,4.0,0.0,1.5209498621206488,3.489602978197868
SKU-0065,2017-12-13,6,3,5.0,4.0,0.0,1.6524149771108188,3.8701848943931187
SKU-0065,2017-12-14,0,3,6.0,5.0,0.0,1.7865819821955653,4.0238388467270125
SKU-0065,2017-12-15,2,3,0.0,0.0,0.0,1.0609982078124496,6.1409507299874
SKU-0065,2017-12-16,5,3,2.0,0.0,0.0,1.3029029839681503,2.365626449619793
SKU-0065,2017-12-17,0,3,5.0,0.0,0.0,1.2506673705145794,3.66145626910316
SKU-0065,2017-12-18,0,3,0.0,0.0,0.0,1.417008300466591,4.156417585064609
SKU-0065,2017-12-19,5,3,0.0,5.0,0.0,1.5153641572145775,1.737070010020477
SKU-0065,2017-12-20,0,3,5.0,6.0,0.0,1.6468292722047475,2.9683491567956075
SKU-0065,2017-12-21,4,3,0.0,0.0,0.0,1.780996277289494,3.056539566724665
SKU-0065,2017-12-22,0,3,4.0,2.0,0.0,1.0554125029063783,2.505280997179042
SKU-0065,2017-12-23,8,3,0.0,5.0,0.0,1.297317279062079,3.5241017054090054
SKU-0065,2017-12-24,0,3,8.0,0.0,0.0,1.2450816656085084,3.215354403720795
SKU-0065,2017-12-25,0,3,0.0,0.0,0.0,1.4114225955605197,4.565238256577376
SKU-0065,2017-12-26,8,3,0.0,5.0,0.0,1.5097784523085063,2.8502795880937803
SKU-0065,2017-12-27,4,3,8.0,0.0,0.0,1.6412435672986763,2.6670742453088496
SKU-0065,2017-12-28,0,3,4.0,4.0,0.0,1.7754105723834228,1.841847035266426
SKU-0065,2017-12-29,5,3,0.0,0.0,0.0,1.049826798000307,2.6073438899079315
SKU-0065,2017-12-30,0,3,5.0,8.0,0.0,1.291731574156008,1.336259208553109
SKU-0065,2017-12-31,1,3,0.0,0.0,0.0,1.2394959607024372,4.417291737778497
SKU-0066,2017-12-04,66,3,1.0,85.0,0.0,38.4327330713059,1.213058717960769
SKU-0066,2017-12-05,33,3,66.0,26.0,0.0,53.000109795371756,3.0354147080415284
SKU-0066,2017-12-06,20,3,33.0,79.0,0.0,60.67058930488513,4.221783192284841
SKU-0066,2017-12-07,0,3,20.0,77.0,0.0,44.21187992699978,0.5674315106750933
SKU-0066,2017-12-08,38,3,0.0,2.0,0.0,39.012848454347534,1.8335064912915817
SKU-0066,2017-12-09,4,3,38.0,47.0,0.0,33.3206759240954,4.912482130888685
SKU-0066,2017-12-10,0,3,4.0,1.0,0.0,32.71008598234277,0.0
SKU-0066,2017-12-11,19,3,0.0,66.0,0.0,38.504504274512975,16.19064991604533
SKU-0066,2017-12-12,220,3,19.0,33.0,0.0,53.071880998578834,8.504263046729402
SKU-0066,2017-12-13,13,3,220.0,20.0,0.0,60.742360508092204,0.0
SKU-0066,2017-12-14,23,3,13.0,0.0,0.0,44.283651130206856,26.770972049477628
SKU-0066,2017-12-15,4,3,23.0,38.0,0.0,39.08461965755461,4.600697536558161
SKU-0066,2017-12-16,14,3,4.0,4.0,0.0,33.392447127302475,3.464626068761408
SKU-0066,2017-12-17,1,3,14.0,0.0,0.0,32.78185718554985,2.4189406256670973
SKU-0066,2017-12-18,24,3,1.0,19.0,0.0,38.57627547772005,0.0
SKU-0066,2017-12-19,141,3,24.0,220.0,0.0,53.14365220178591,4.2157692559929725
SKU-0066,2017-12-20,7,3,141.0,13.0,0.0,60.81413171129928,0.0
SKU-0066,2017-12-21,5,3,7.0,23.0,0.0,44.35542233341394,3.979293477644234
SKU-0066,2017-12-22,38,3,5.0,4.0,0.0,39.1563908607617,1.3834524204411287
SKU-0066,2017-12-23,28,3,38.0,14.0,0.0,33.46421833050955,0.0
SKU-0066,2017-12-24,1,3,28.0,1.0,0.0,32.85362838875693,0.0
SKU-0066,2017-12-25,66,3,1.0,24.0,0.0,38.64804668092714,0.0
SKU-0066,2017-12-26,0,3,66.0,141.0,0.0,53.215423404993,7.305103799547833
SKU-0066,2017-12-27,2,3,0.0,7.0,0.0,60.88590291450636,3.208461038214872
SKU-0066,2017-12-28,11,3,2.0,5.0,0.0,44.42719353662102,0.0
SKU-0066,2017-12-29,7,3,11.0,38.0,0.0,39.228162063968774,3.4309551363273356
SKU-0066,2017-12-30,2,3,7.0,28.0,0.0,33.53598953371664,2.0733224057525543
SKU-0066,2017-12-31,12,3,2.0,1.0,0.0,32.92539959196401,0.9904424235913706
SKU-0067,2017-12-04,5,3,6.0,1.0,0.0,3.8097704609381418,5.11217936053975
SKU-0067,2017-12-05,5,3,5.0,6.0,0.0,5.5725132420636285,2.8884535441691606
SKU-0067,2017-12-06,11,3,5.0,0.0,0.0,5.61850315795392,3.6929819576841054
SKU-0067,2017-12-07,4,3,11.0,1.0,0.0,4.757458822808465,3.4161330191531447
SKU-0067,2017-12-08,13,3,4.0,2.0,0.0,3.953546471390027,1.8472575846521462
SKU-0067,2017-12-09,0,3,13.0,0.0,0.0,2.7440515708379793,2.3926973233691866
SKU-0067,2017-12-10,5,3,0.0,6.0,0.0,2.9861507896956736,3.983160341130245
SKU-0067,2017-12-11,0,3,5.0,5.0,0.0,3.8087411169561523,2.634800915196516
SKU-0067,2017-12-12,0,3,0.0,5.0,0.0,5.571483898081638,3.7997638226084365
SKU-0067,2017-12-13,8,3,0.0,11.0,0.0,5.617473813971931,5.741363699121275
SKU-0067,2017-12-14,5,3,8.0,4.0,0.0,4.756429478826476,2.5443725363867173
SKU-0067,2017-12-15,1,3,5.0,13.0,0.0,3.9525171274080373,3.754495686534727
SKU-0067,2017-12-16,0,3,1.0,0.0,0.0,2.74302222685599,3.7496664528060513
SKU-0067,2017-12-17,18,3,0.0,5.0,0.0,2.985121445713685,3.609037991038031
SKU-0067,2017-12-18,4,3,18.0,0.0,0.0,3.8077117729741636,2.1396452192408684
SKU-0067,2017-12-19,7,3,4.0,0.0,0.0,5.5704545540996495,0.9076958313153208
SKU-0067,2017-12-20,5,3,7.0,8.0,0.0,5.616444469989942,2.9479666815372347
SKU-0067,2017-12-21,4,3,5.0,5.0,0.0,4.7554001348444865,1.0659564799353747
SKU-0067,2017-12-22,2,3,4.0,1.0,0.0,3.9514877834260487,1.3772074685712759
SKU-0067,2017-12-23,0,3,2.0,0.0,0.0,2.7419928828740012,1.6036805982703166
SKU-0067,2017-12-24,1,3,0.0,18.0,0.0,2.9840921017316955,2.8975112657350452
SKU-0067,2017-12-25,0,3,1.0,4.0,0.0,3.806682428992174,1.9732889578425197
SKU-0067,2017-12-26,12,3,0.0,7.0,0.0,5.569425210117661,3.3955028179549194
SKU-0067,2017-12-27,27,3,12.0,5.0,0.0,5.615415126007953,2.174269835736381
SKU-0067,2017-12-28,0,3,27.0,4.0,0.0,4.754370790862498,0.1532092748814459
SKU-0067,2017-12-29,2,3,0.0,2.0,0.0,3.950458439444059,2.583904783188025
SKU-0067,2017-12-30,0,3,2.0,0.0,0.0,2.7409635388920117,1.8394475190034965
SKU-0067,2017-12-31,0,3,0.0,1.0,0.0,2.983062757749707,1.9874201992237988
SKU-0068,2017-12-04,25,3,9.0,5.0,0.0,13.716640529475889,3.5096848688620503
SKU-0068,2017-12-05,23,3,25.0,15.0,0.0,16.064221395157222,4.6913140300534195
SKU-0068,2017-12-06,5,3,23.0,35.0,0.0,15.58053147269,2.2966873771564584
SKU-0068,2017-12-07,26,3,5.0,8.0,0.0,15.395046669524568,3.5868389413049253
SKU-0068,2017-12-08,12,3,26.0,12.0,0.0,12.361669356404414,1.0651430237833988
SKU-0068,2017-12-09,14,3,12.0,5.0,0.0,12.783175217969001,2.4213721223922873
SKU-0068,2017-12-10,5,3,14.0,9.0,0.0,12.160283490238825,2.8693440524416594
SKU-0068,2017-12-11,4,3,5.0,25.0,0.0,13.726018171942838,4.374702715109859
SKU-0068,2017-12-12,4,3,4.0,23.0,0.0,16.07359903762417,3.754136769465859
SKU-0068,2017-12-13,14,3,4.0,5.0,0.0,15.58990911515695,5.558651740890364
SKU-0068,2017-12-14,9,3,14.0,26.0,0.0,15.404424311991516,2.789803214121859
SKU-0068,2017-12-15,31,3,9.0,12.0,0.0,12.371046998871364,4.2235496738291305
SKU-0068,2017-12-16,16,3,31.0,14.0,0.0,12.79255286043595,0.04192552660413768
SKU-0068,2017-12-17,11,3,16.0,5.0,0.0,12.169661132705773,0.0
SKU-0068,2017-12-18,18,3,11.0,4.0,0.0,13.735395814409788,0.977095667050399
SKU-0068,2017-12-19,18,3,18.0,4.0,0.0,16.08297668009112,0.0
SKU-0068,2017-12-20,16,3,18.0,14.0,0.0,15.599286757623899,0.44154763393152485
SKU-0068,2017-12-21,22,3,16.0,9.0,0.0,15.413801954458465,0.6609501109022493
SKU-0068,2017-12-22,18,3,22.0,31.0,0.0,12.380424641338312,1.7501719974412495
SKU-0068,2017-12-23,14,3,18.0,16.0,0.0,12.8019305029029,0.0
SKU-0068,2017-12-24,4,3,14.0,11.0,0.0,12.179038775172723,0.0
SKU-0068,2017-12-25,16,3,4.0,18.0,0.0,13.744773456876738,2.316516787161913
SKU-0068,2017-12-26,14,3,16.0,18.0,0.0,16.09235432255807,0.0
SKU-0068,2017-12-27,13,3,14.0,16.0,0.0,15.608664400090847,0.02525854282215554
SKU-0068,2017-12-28,12,3,13.0,22.0,0.0,15.423179596925415,1.987563785958281
SKU-0068,2017-12-29,1,3,12.0,18.0,0.0,12.389802283805261,1.6693353027146927
SKU-0068,2017-12-30,10,3,1.0,14.0,0.0,12.81130814536985,1.1069307439982752
SKU-0068,2017-12-31,7,3,10.0,4.0,0.0,12.188416417639672,1.8582696239654586
SKU-0069,2017-12-04,5,3,0.0,3.0,0.0,3.5765983802792336,5.936129695287798
SKU-0069,2017-12-05,10,3,5.0,0.0,0.0,3.505113233637658,4.504679637377669
SKU-0069,2017-12-06,6,3,10.0,11.0,0.0,3.6755144381268883,4.781131879951742
SKU-0069,2017-12-07,0,3,6.0,0.0,0.0,4.462684030275366,3.35745434474213
SKU-0069,2017-12-08,0,3,0.0,0.0,0.0,3.8283473163155275,3.8385957848070413
SKU-0069,2017-12-09,0,3,0.0,5.0,0.0,3.6061119384811473,3.348678807242533
SKU-0069,2017-12-10,0,3,0.0,0.0,0.0,3.657510673072825,3.8400240845236695
SKU-0069,2017-12-11,4,3,0.0,5.0,0.0,3.5770000320422413,3.8593426159814745
SKU-0069,2017-12-12,4,3,4.0,10.0,0.0,3.5055148854006655,3.63529174246405
SKU-0069,2017-12-13,7,3,4.0,6.0,0.0,3.6759160898898964,4.204443622127214
SKU-0069,2017-12-14,6,3,7.0,0.0,0.0,4.463085682038373,3.704137137827224
SKU-0069,2017-12-15,22,3,6.0,0.0,0.0,3.828748968078535,5.357586612026187
SKU-0069,2017-12-16,5,3,22.0,0.0,0.0,3.606513590244155,1.5838352108180818
SKU-0069,2017-12-17,10,3,5.0,0.0,0.0,3.657912324835833,3.9463411973393505
SKU-0069,2017-12-18,16,3,10.0,4.0,0.0,3.577401683805249,1.4185997746938206
SKU-0069,2017-12-19,5,3,16.0,4.0,0.0,3.505916537163673,1.075638098798826
SKU-0069,2017-12-20,1,3,5.0,7.0,0.0,3.676317741652904,2.829143401051849
SKU-0069,2017-12-21,8,3,1.0,6.0,0.0,4.463487333801381,1.061364005041338
SKU-0069,2017-12-22,0,3,8.0,22.0,0.0,3.829150619841543,3.3188258295080475
SKU-0069,2017-12-23,7,3,0.0,5.0,0.0,3.6069152420071626,3.614812696258898
SKU-0069,2017-12-24,3,3,7.0,10.0,0.0,3.6583139765988406,3.319130146890823
SKU-0069,2017-12-25,0,3,3.0,16.0,0.0,3.577803335568257,1.1833489600732325
SKU-0069,2017-12-26,0,3,0.0,5.0,0.0,3.506318188926681,2.8534366252068533
SKU-0069,2017-12-27,8,3,0.0,1.0,0.0,3.6767193934159117,3.8244987251625253
SKU-0069,2017-12-28,10,3,8.0,8.0,0.0,4.463888985564389,0.9361476810509011
SKU-0069,2017-12-29,1,3,10.0,0.0,0.0,3.829552271604551,0.0
SKU-0069,2017-12-30,0,3,1.0,7.0,0.0,3.6073168937701703,0.5931233709983575
SKU-0069,2017-12-31,0,3,0.0,3.0,0.0,3.6587156283618483,3.268705082417046
SKU-0072,2017-12-04,0,3,12.0,0.0,0.0,0.9282467510670764,5.2416464419917865
SKU-0072,2017-12-05,0,3,0.0,21.0,0.0,1.1063198673221146,5.844537285110774
SKU-0072,2017-12-06,0,3,0.0,0.0,0.0,1.8375861067263108,5.7040420007353605
SKU-0072,2017-12-07,0,3,0.0,5.0,0.0,0.9558246333544788,4.545924730813916
SKU-0072,2017-12-08,0,3,0.0,5.0,0.0,1.4210680867895862,3.990050561163653
SKU-0072,2017-12-09,0,3,0.0,3.0,0.0,0.5642835789334459,4.069345840100792
SKU-0072,2017-12-10,0,3,0.0,12.0,0.0,1.4326850955266828,3.3553555123689516
SKU-0072,2017-12-11,28,3,0.0,0.0,0.0,0.9287804538876794,5.444498124058081
SKU-0072,2017-12-12,0,3,28.0,0.0,0.0,1.1068535701427176,1.9575848642248181
SKU-0072,2017-12-13,0,3,0.0,0.0,0.0,1.8381198095469138,6.619592391683751
SKU-0072,2017-12-14,0,3,0.0,0.0,0.0,0.9563583361750817,4.498279520861718
SKU-0072,2017-12-15,0,3,0.0,0.0,0.0,1.4216017896101891,5.1048379839136775
SKU-0072,2017-12-16,0,3,0.0,0.0,0.0,0.564817281754049,4.261521532373181
SKU-0072,2017-12-17,0,3,0.0,0.0,0.0,1.433218798347286,3.4499938666073113
SKU-0072,2017-12-18,0,3,0.0,28.0,0.0,0.9293141567082823,4.045512235003761
SKU-0072,2017-12-19,0,3,0.0,0.0,0.0,1.1073872729633205,3.9681779557725476
SKU-0072,2017-12-20,0,3,0.0,0.0,0.0,1.8386535123675167,5.635491967293905
SKU-0072,2017-12-21,0,3,0.0,0.0,0.0,0.9568920389956846,3.7818998440176848
SKU-0072,2017-12-22,0,3,0.0,0.0,0.0,1.422135492430792,3.863025204097451
SKU-0072,2017-12-23,0,3,0.0,0.0,0.0,0.5653509845746519,3.6934703304326866
SKU-0072,2017-12-24,0,3,0.0,0.0,0.0,1.4337525011678889,4.164480359809892
SKU-0072,2017-12-25,0,3,0.0,0.0,0.0,0.9298478595288854,2.6853326039615606
SKU-0072,2017-12-26,0,3,0.0,0.0,0.0,1.1079209757839235,2.9143709700741964
SKU-0072,2017-12-27,0,3,0.0,0.0,0.0,1.8391872151881197,6.148347524378649
SKU-0072,2017-12-28,0,3,0.0,0.0,0.0,0.9574257418162876,3.8074469570557614
SKU-0072,2017-12-29,0,3,0.0,0.0,0.0,1.422669195251395,4.4703245872047805
SKU-0072,2017-12-30,0,3,0.0,0.0,0.0,0.5658846873952549,3.278228777566614
SKU-0072,2017-12-31,0,3,0.0,0.0,0.0,1.4342862039884918,3.8088962627385725
SKU-0073,2017-12-04,20,3,12.0,36.0,0.0,21.221797033480158,3.270206178266445
SKU-0073,2017-12-05,30,3,20.0,60.0,0.0,29.235307569024535,5.20265544518917
SKU-0073,2017-12-06,23,3,30.0,23.0,0.0,29.240110296405813,6.314676943926105
SKU-0073,2017-12-07,36,3,23.0,4.0,0.0,24.094895642325852,0.0753178438078965
SKU-0073,2017-12-08,18,3,36.0,30.0,0.0,19.465292463624838,1.1843440580760318
SKU-0073,2017-12-09,35,3,18.0,24.0,0.0,13.57758093938025,2.6479680616866563
SKU-0073,2017-12-10,25,3,35.0,12.0,0.0,16.92365337517864,0.0
SKU-0073,2017-12-11,55,3,25.0,20.0,0.0,21.25926133144914,6.807715690078607
SKU-0073,2017-12-12,31,3,55.0,30.0,0.0,29.272771866993516,0.0
SKU-0073,2017-12-13,36,3,31.0,23.0,0.0,29.27757459437479,5.760152753273678
SKU-0073,2017-12-14,40,3,36.0,36.0,0.0,24.13235994029483,0.0
SKU-0073,2017-12-15,13,3,40.0,18.0,0.0,19.502756761593815,5.483078167568963
SKU-0073,2017-12-16,26,3,13.0,35.0,0.0,13.615045237349227,4.848330955453874
SKU-0073,2017-12-17,8,3,26.0,25.0,0.0,16.96111767314762,0.83084724716899
SKU-0073,2017-12-18,28,3,8.0,55.0,0.0,21.296725629418116,2.808807604641775
SKU-0073,2017-12-19,19,3,28.0,31.0,0.0,29.310236164962493,0.0
SKU-0073,2017-12-20,55,3,19.0,36.0,0.0,29.31503889234377,0.0
SKU-0073,2017-12-21,28,3,55.0,40.0,0.0,24.16982423826381,0.0
SKU-0073,2017-12-22,37,3,28.0,13.0,0.0,19.540221059562796,1.0336007143865105
SKU-0073,2017-12-23,2,3,37.0,26.0,0.0,13.652509535318208,0.9456753443546463
SKU-0073,2017-12-24,19,3,2.0,8.0,0.0,16.9985819711166,0.0
SKU-0073,2017-12-25,9,3,19.0,28.0,0.0,21.334189927387097,0.0
SKU-0073,2017-12-26,31,3,9.0,19.0,0.0,29.347700462931474,0.0
SKU-0073,2017-12-27,14,3,31.0,55.0,0.0,29.352503190312753,1.2366238932213265
SKU-0073,2017-12-28,20,3,14.0,28.0,0.0,24.20728853623279,1.5604257490636988
SKU-0073,2017-12-29,29,3,20.0,37.0,0.0,19.577685357531777,0.3384051239909612
SKU-0073,2017-12-30,9,3,29.0,2.0,0.0,13.689973833287189,0.0
SKU-0073,2017-12-31,35,3,9.0,19.0,0.0,17.03604626908558,0.9179620671082458
SKU-0074,2017-12-04,0,3,0.0,0.0,0.0,1.6295607245751984,4.4601480761187355
SKU-0074,2017-12-05,0,3,0.0,0.0,0.0,2.156824485091371,5.833278505631576
SKU-0074,2017-12-06,3,3,0.0,0.0,0.0,1.9911514164830155,5.935914660358444
SKU-0074,2017-12-07,9,3,3.0,0.0,0.0,2.141990179362009,3.771468520240072
SKU-0074,2017-12-08,7,3,9.0,0.0,0.0,1.4954322811925989,2.5629905687362577
SKU-0074,2017-12-09,0,3,7.0,0.0,0.0,1.103234533512354,2.8970949421592445
SKU-0074,2017-12-10,0,3,0.0,0.0,0.0,1.554440111562119,3.792037772553799
SKU-0074,2017-12-11,5,3,0.0,0.0,0.0,1.623004452579419,5.119630461661752
SKU-0074,2017-12-12,0,3,5.0,0.0,0.0,2.1502682130955915,3.8690553445736433
SKU-0074,2017-12-13,16,3,0.0,3.0,0.0,1.984595144487236,6.48612527546104
SKU-0074,2017-12-14,0,3,16.0,9.0,0.0,2.1354339073662296,3.210050215295867
SKU-0074,2017-12-15,0,3,0.0,7.0,0.0,1.4888760091968194,6.045362902943341
SKU-0074,2017-12-16,0,3,0.0,0.0,0.0,1.0966782615165744,5.653807427912127
SKU-0074,2017-12-17,1,3,0.0,0.0,0.0,1.5478838395663395,4.575011086996786
SKU-0074,2017-12-18,0,3,1.0,5.0,0.0,1.6164481805836397,2.2255577788326977
SKU-0074,2017-12-19,0,3,0.0,0.0,0.0,2.143711941099812,3.9681779557725476
SKU-0074,2017-12-20,0,3,0.0,16.0,0.0,1.9780388724914566,3.190273629440298
SKU-0074,2017-12-21,3,3,0.0,0.0,0.0,2.12887763537045,2.959331635939966
SKU-0074,2017-12-22,0,3,3.0,0.0,0.0,1.48231973720104,1.2162601632733212
SKU-0074,2017-12-23,6,3,0.0,0.0,0.0,1.090121989520795,3.6934703304326866
SKU-0074,2017-12-24,4,3,6.0,1.0,0.0,1.54132756757056,2.9048361963817797
SKU-0074,2017-12-25,4,3,4.0,0.0,0.0,1.6098919085878602,2.3385211130141164
SKU-0074,2017-12-26,0,3,4.0,0.0,0.0,2.1371556691040325,2.8866923058567138
SKU-0074,2017-12-27,4,3,0.0,0.0,0.0,1.9714826004956771,4.707393853793242
SKU-0074,2017-12-28,0,3,4.0,3.0,0.0,2.1223213633746707,2.3289670838061975
SKU-0074,2017-12-29,11,3,0.0,0.0,0.0,1.4757634652052605,4.142171661649941
SKU-0074,2017-12-30,0,3,11.0,6.0,0.0,1.0835657175250157,2.259123388642465
SKU-0074,2017-12-31,0,3,0.0,4.0,0.0,1.5347712955747808,2.772611299543028
SKU-0078,2017-12-04,0,3,0.0,0.0,0.0,1.4253614636518186,6.069596811510509
SKU-0078,2017-12-05,0,3,0.0,0.0,0.0,1.3715946262328376,4.862933726763572
SKU-0078,2017-12-06,0,3,0.0,0.0,0.0,1.4139857933596414,5.997152411719626
SKU-0078,2017-12-07,3,3,0.0,4.0,0.0,1.2751143093592456,4.1432972475034076
SKU-0078,2017-12-08,3,3,3.0,0.0,0.0,1.3683398730513336,2.471421679513843
SKU-0078,2017-12-09,5,3,3.0,0.0,0.0,1.0464826202703017,2.866238015819125
SKU-0078,2017-12-10,0,3,5.0,0.0,0.0,1.5819919620286058,1.6697075534336752
SKU-0078,2017-12-11,4,3,0.0,0.0,0.0,1.4263342623446387,5.444498124058081
SKU-0078,2017-12-12,0,3,4.0,0.0,0.0,1.3725674249256574,3.4548757563779096
SKU-0078,2017-12-13,2,3,0.0,0.0,0.0,1.4149585920524617,6.294724729287424
SKU-0078,2017-12-14,0,3,2.0,3.0,0.0,1.276087108052066,2.808266686624271
SKU-0078,2017-12-15,6,3,0.0,3.0,0.0,1.3693126717441537,6.007483613764689
SKU-0078,2017-12-16,0,3,6.0,5.0,0.0,1.0474554189631216,4.565505601108281
SKU-0078,2017-12-17,0,3,0.0,0.0,0.0,1.582964760721426,4.16740479199374
SKU-0078,2017-12-18,3,3,0.0,4.0,0.0,1.4273070610374587,3.5358304203021236
SKU-0078,2017-12-19,0,3,3.0,0.0,0.0,1.3735402236184775,1.8645800236628784
SKU-0078,2017-12-20,0,3,0.0,2.0,0.0,1.4159313907452815,5.635779333302374
SKU-0078,2017-12-21,0,3,0.0,0.0,0.0,1.2770599067448858,2.5984203023874413
SKU-0078,2017-12-22,1,3,0.0,6.0,0.0,1.3702854704369738,2.816272883373031
SKU-0078,2017-12-23,0,3,1.0,0.0,0.0,1.0484282176559416,0.5446386836827984
SKU-0078,2017-12-24,2,3,0.0,0.0,0.0,1.5839375594142457,4.204220030469891
SKU-0078,2017-12-25,5,3,2.0,3.0,0.0,1.4282798597302788,1.601313878777042
SKU-0078,2017-12-26,3,3,5.0,0.0,0.0,1.3745130223112976,3.3008718940524475
SKU-0078,2017-12-27,0,3,3.0,0.0,0.0,1.4169041894381014,2.6899041366172223
SKU-0078,2017-12-28,3,3,0.0,0.0,0.0,1.278032705437706,3.1064400571347237
SKU-0078,2017-12-29,2,3,3.0,1.0,0.0,1.3712582691297939,1.0375745567322023
SKU-0078,2017-12-30,8,3,2.0,0.0,0.0,1.0494010163487617,1.8394475190034965
SKU-0078,2017-12-31,0,3,8.0,2.0,0.0,1.5849103581070658,3.010619073228685
SKU-0080,2017-12-04,0,3,20.0,0.0,0.0,4.123428840629158,4.103854848541773
SKU-0080,2017-12-05,0,3,0.0,0.0,0.0,7.644813656408267,4.905379734632371
SKU-0080,2017-12-06,0,3,0.0,0.0,0.0,7.501960332509847,5.846400155325145
SKU-0080,2017-12-07,50,3,0.0,0.0,0.0,7.058749730259259,4.818863296283504
SKU-0080,2017-12-08,0,3,50.0,0.0,0.0,5.388042526258316,0.8403090758760382
SKU-0080,2017-12-09,0,3,0.0,6.0,0.0,2.271272601718855,1.84683895222391
SKU-0080,2017-12-10,3,3,0.0,20.0,0.0,5.114119429899528,3.9070222573758007
SKU-0080,2017-12-11,57,3,3.0,0.0,0.0,4.118446085308298,3.7036526585790464
SKU-0080,2017-12-12,0,3,57.0,0.0,0.0,7.639830901087408,3.9187584809301725
SKU-0080,2017-12-13,5,3,0.0,0.0,0.0,7.496977577188988,6.619592391683751
SKU-0080,2017-12-14,0,3,5.0,50.0,0.0,7.053766974938401,6.117495570290911
SKU-0080,2017-12-15,16,3,0.0,0.0,0.0,5.383059770937457,5.466171066254754
SKU-0080,2017-12-16,0,3,16.0,0.0,0.0,2.2662898463979957,2.245043487979444
SKU-0080,2017-12-17,0,3,0.0,3.0,0.0,5.10913667457867,3.698780569432783
SKU-0080,2017-12-18,0,3,0.0,57.0,0.0,4.1134633299874395,7.227693851105363
SKU-0080,2017-12-19,3,3,0.0,0.0,0.0,7.63484814576655,3.0194639270355492
SKU-0080,2017-12-20,0,3,3.0,5.0,0.0,7.49199482186813,3.6714286764722117
SKU-0080,2017-12-21,0,3,0.0,0.0,0.0,7.048784219617542,1.2099657819182126
SKU-0080,2017-12-22,1,3,0.0,16.0,0.0,5.378077015616598,3.825753192938693
SKU-0080,2017-12-23,0,3,1.0,0.0,0.0,2.2613070910771373,1.7893293553266103
SKU-0080,2017-12-24,64,3,0.0,0.0,0.0,5.104153919257811,3.077854644401995
SKU-0080,2017-12-25,0,3,64.0,0.0,0.0,4.108480574666581,0.577983833031161
SKU-0080,2017-12-26,16,3,0.0,3.0,0.0,7.6298653904456915,4.254582055904236
SKU-0080,2017-12-27,0,3,16.0,0.0,0.0,7.487012066547271,2.6264818288934597
SKU-0080,2017-12-28,0,3,0.0,0.0,0.0,7.043801464296683,4.103140397841593
SKU-0080,2017-12-29,16,3,0.0,1.0,0.0,5.37309426029574,2.661924963991703
SKU-0080,2017-12-30,0,3,16.0,0.0,0.0,2.256324335756279,2.0645955934266254
SKU-0080,2017-12-31,32,3,0.0,64.0,0.0,5.099171163936953,4.363787901206549
SKU-0081,2017-12-04,0,3,5.0,0.0,0.0,2.335011384553172,4.396380787968115
SKU-0081,2017-12-05,5,3,0.0,5.0,0.0,3.7893053376473764,4.1573401072572
SKU-0081,2017-12-06,9,3,5.0,2.0,0.0,3.1843802640641874,4.470640033931885
SKU-0081,2017-12-07,4,3,9.0,5.0,0.0,3.586848060345015,3.7045103587950075
SKU-0081,2017-12-08,5,3,4.0,0.0,0.0,2.894347048293736,2.5707961340481
SKU-0081,2017-12-09,5,3,5.0,4.0,0.0,1.5740082814584175,1.4481151409838207
SKU-0081,2017-12-10,1,3,5.0,5.0,0.0,1.6848722858767704,1.894728285133351
SKU-0081,2017-12-11,5,3,1.0,0.0,0.0,2.3338914167855602,4.078694653122585
SKU-0081,2017-12-12,9,3,5.0,5.0,0.0,3.7881853698797645,3.0634276748983154
SKU-0081,2017-12-13,21,3,9.0,9.0,0.0,3.183260296296575,3.4724621234966975
SKU-0081,2017-12-14,0,3,21.0,4.0,0.0,3.585728092577403,1.6083424834211635
SKU-0081,2017-12-15,0,3,0.0,5.0,0.0,2.893227080526124,6.018811142223692
SKU-0081,2017-12-16,9,3,0.0,5.0,0.0,1.5728883136908056,4.370001020869354
SKU-0081,2017-12-17,2,3,9.0,1.0,0.0,1.683752318109158,2.249737979708777
SKU-0081,2017-12-18,5,3,2.0,5.0,0.0,2.3327714490179483,1.7302255011997825
SKU-0081,2017-12-19,0,3,5.0,9.0,0.0,3.7870654021121526,1.361816137964372
SKU-0081,2017-12-20,5,3,0.0,21.0,0.0,3.182140328528963,4.045346385068545
SKU-0081,2017-12-21,11,3,5.0,0.0,0.0,3.5846081248097903,1.7583196937832701
SKU-0081,2017-12-22,2,3,11.0,0.0,0.0,2.892107112758512,1.0263827468764295
SKU-0081,2017-12-23,5,3,2.0,9.0,0.0,1.5717683459231937,0.33404305381431115
SKU-0081,2017-12-24,1,3,5.0,2.0,0.0,1.6826323503415461,1.5221940482177632
SKU-0081,2017-12-25,0,3,1.0,5.0,0.0,2.3316514812503355,1.1178672606861504
SKU-0081,2017-12-26,10,3,0.0,0.0,0.0,3.7859454343445407,2.7842370731125454
SKU-0081,2017-12-27,7,3,10.0,5.0,0.0,3.181020360761351,0.3873070307875132
SKU-0081,2017-12-28,11,3,7.0,11.0,0.0,3.5834881570421784,3.053574645074405
SKU-0081,2017-12-29,0,3,11.0,2.0,0.0,2.8909871449908997,2.179087761854336
SKU-0081,2017-12-30,0,3,0.0,5.0,0.0,1.5706483781555818,1.5477823680560312
SKU-0081,2017-12-31,2,3,0.0,1.0,0.0,1.6815123825739342,3.127878258984609
SKU-0082,2017-12-04,0,3,0.0,5.0,0.0,2.329476880535063,4.089372071246816
SKU-0082,2017-12-05,0,3,0.0,0.0,0.0,2.750629450835056,4.236116286468042
SKU-0082,2017-12-06,5,3,0.0,0.0,0.0,3.1721265364646563,5.402780306353923
SKU-0082,2017-12-07,3,3,5.0,0.0,0.0,3.1256561440646955,3.5923872717279184
SKU-0082,2017-12-08,5,3,3.0,6.0,0.0,2.472342976412851,2.3221571919807364
SKU-0082,2017-12-09,0,3,5.0,0.0,0.0,1.5768941603738282,3.271053543158867
SKU-0082,2017-12-10,0,3,0.0,0.0,0.0,2.047224844866028,3.3197316085275133
SKU-0082,2017-12-11,0,3,0.0,0.0,0.0,2.3302611379655915,5.326066847507868
SKU-0082,2017-12-12,2,3,0.0,0.0,0.0,2.751413708265584,4.569957181010967
SKU-0082,2017-12-13,4,3,2.0,5.0,0.0,3.1729107938951846,4.545419673720438
SKU-0082,2017-12-14,2,3,4.0,3.0,0.0,3.126440401495224,3.296007768174462
SKU-0082,2017-12-15,5,3,2.0,5.0,0.0,2.473127233843379,3.3074855587459737
SKU-0082,2017-12-16,3,3,5.0,0.0,0.0,1.5776784178043566,4.666126427696612
SKU-0082,2017-12-17,0,3,3.0,0.0,0.0,2.0480091022965565,3.00086176136335
SKU-0082,2017-12-18,0,3,0.0,0.0,0.0,2.33104539539612,4.533706725885295
SKU-0082,2017-12-19,8,3,0.0,2.0,0.0,2.752197965696112,3.9681779557725476
SKU-0082,2017-12-20,0,3,8.0,4.0,0.0,3.173695051325713,2.3336766689523576
SKU-0082,2017-12-21,3,3,0.0,2.0,0.0,3.127224658925752,1.7204492655137662
SKU-0082,2017-12-22,5,3,3.0,5.0,0.0,2.4739114912739075,1.2842525283810025
SKU-0082,2017-12-23,5,3,5.0,3.0,0.0,1.5784626752348845,2.6735788341230107
SKU-0082,2017-12-24,1,3,5.0,0.0,0.0,2.048793359727085,2.803579576253224
SKU-0082,2017-12-25,7,3,1.0,0.0,0.0,2.3318296528266482,2.898668857160014
SKU-0082,2017-12-26,1,3,7.0,8.0,0.0,2.7529822231266405,0.6561423454076578
SKU-0082,2017-12-27,5,3,1.0,0.0,0.0,3.1744793087562413,2.9588668044869024
SKU-0082,2017-12-28,0,3,5.0,3.0,0.0,3.1280089163562805,1.0854308651128475
SKU-0082,2017-12-29,0,3,0.0,5.0,0.0,2.474695748704436,3.1321666178210195
SKU-0082,2017-12-30,0,3,0.0,5.0,0.0,1.5792469326654128,2.3155123694452553
SKU-0082,2017-12-31,0,3,0.0,1.0,0.0,2.049577617157613,4.417291737778497
SKU-0086,2017-12-04,0,3,7.0,9.0,0.0,5.393407285840706,3.6060788603671523
SKU-0086,2017-12-05,5,3,0.0,0.0,0.0,5.8823177476321025,5.026954585014094
SKU-0086,2017-12-06,4,3,5.0,8.0,0.0,5.637826671496626,3.5394517804978696
SKU-0086,2017-12-07,0,3,4.0,6.0,0.0,5.8138730151605555,2.668117914864233
SKU-0086,2017-12-08,9,3,0.0,4.0,0.0,5.779488886995664,3.934408015630076
SKU-0086,2017-12-09,2,3,9.0,4.0,0.0,5.374058548976927,1.3047840815563254
SKU-0086,2017-12-10,9,3,2.0,7.0,0.0,4.269150927663076,1.7970859182557364
SKU-0086,2017-12-11,4,3,9.0,0.0,0.0,5.395714450756476,4.14128969318935
SKU-0086,2017-12-12,0,3,4.0,5.0,0.0,5.884624912547872,3.604557915113438
SKU-0086,2017-12-13,2,3,0.0,4.0,0.0,5.640133836412395,4.900419254213941
SKU-0086,2017-12-14,9,3,2.0,0.0,0.0,5.816180180076325,3.1589100216844357
SKU-0086,2017-12-15,14,3,9.0,9.0,0.0,5.781796051911433,3.5762765029888963
SKU-0086,2017-12-16,3,3,14.0,2.0,0.0,5.376365713892696,2.7851966207422016
SKU-0086,2017-12-17,14,3,3.0,9.0,0.0,4.271458092578845,2.1418663885228977
SKU-0086,2017-12-18,6,3,14.0,4.0,0.0,5.398021615672245,2.5469063468763897
SKU-0086,2017-12-19,5,3,6.0,0.0,0.0,5.8869320774636416,0.9921641460889902
SKU-0086,2017-12-20,2,3,5.0,2.0,0.0,5.642441001328165,3.1616530477573215
SKU-0086,2017-12-21,14,3,2.0,9.0,0.0,5.818487344992095,1.758856425579865
SKU-0086,2017-12-22,9,3,14.0,14.0,0.0,5.784103216827203,1.123824605426639
SKU-0086,2017-12-23,11,3,9.0,3.0,0.0,5.378672878808466,0.0
SKU-0086,2017-12-24,10,3,11.0,14.0,0.0,4.273765257494615,0.16616125980910043
SKU-0086,2017-12-25,16,3,10.0,6.0,0.0,5.400328780588015,1.9259900268620567
SKU-0086,2017-12-26,4,3,16.0,5.0,0.0,5.8892392423794115,2.6517669437012263
SKU-0086,2017-12-27,7,3,4.0,2.0,0.0,5.644748166243935,2.6638954878199432
SKU-0086,2017-12-28,9,3,7.0,14.0,0.0,5.820794509907865,1.8037042122239701
SKU-0086,2017-12-29,3,3,9.0,9.0,0.0,5.786410381742973,1.0708000843132823
SKU-0086,2017-12-30,9,3,3.0,11.0,0.0,5.380980043724235,1.0289767572284116
SKU-0086,2017-12-31,8,3,9.0,10.0,0.0,4.276072422410384,2.205138820177481
SKU-0088,2017-12-04,6,3,0.0,0.0,0.0,4.501235917525608,4.917966810918955
SKU-0088,2017-12-05,9,3,6.0,2.0,0.0,5.634023961188146,4.043120578507314
SKU-0088,2017-12-06,4,3,9.0,1.0,0.0,6.016210188228253,4.087756633266002
SKU-0088,2017-12-07,11,3,4.0,2.0,0.0,4.974663130709468,2.8226257446332967
SKU-0088,2017-12-08,5,3,11.0,7.0,0.0,4.320481309638925,2.186997687111086
SKU-0088,2017-12-09,3,3,5.0,0.0,0.0,3.607689469421619,3.271053543158867
SKU-0088,2017-12-10,1,3,3.0,0.0,0.0,2.870295505750333,2.0956734319295696
SKU-0088,2017-12-11,9,3,1.0,6.0,0.0,4.512275239145372,3.4876365400594525
SKU-0088,2017-12-12,10,3,9.0,9.0,0.0,5.64506328280791,2.138427704213418
SKU-0088,2017-12-13,16,3,10.0,4.0,0.0,6.027249509848016,1.689564693487621
SKU-0088,2017-12-14,9,3,16.0,11.0,0.0,4.985702452329231,1.7016746930923599
SKU-0088,2017-12-15,1,3,9.0,5.0,0.0,4.331520631258689,4.190360963082769
SKU-0088,2017-12-16,0,3,1.0,3.0,0.0,3.618728791041383,3.916962455624868
SKU-0088,2017-12-17,5,3,0.0,1.0,0.0,2.881334827370097,4.575011086996786
SKU-0088,2017-12-18,4,3,5.0,9.0,0.0,4.523314560765135,2.9325216137487344
SKU-0088,2017-12-19,5,3,4.0,10.0,0.0,5.656102604427673,1.7904724406708734
SKU-0088,2017-12-20,8,3,5.0,16.0,0.0,6.03828883146778,1.9312485012960778
SKU-0088,2017-12-21,7,3,8.0,9.0,0.0,4.996741773948995,1.9661917120363086
SKU-0088,2017-12-22,5,3,7.0,1.0,0.0,4.342559952878452,1.200174590781304
SKU-0088,2017-12-23,4,3,5.0,0.0,0.0,3.629768112661146,0.7551668555041242
SKU-0088,2017-12-24,0,3,4.0,5.0,0.0,2.8923741489898602,1.6310792098190687
SKU-0088,2017-12-25,14,3,0.0,4.0,0.0,4.534353882384899,3.1815370367834817
SKU-0088,2017-12-26,0,3,14.0,5.0,0.0,5.667141926047437,0.5071412006030193
SKU-0088,2017-12-27,10,3,0.0,8.0,0.0,6.049328153087543,3.703033011288518
SKU-0088,2017-12-28,4,3,10.0,7.0,0.0,5.007781095568758,0.3539396296056241
SKU-0088,2017-12-29,0,3,4.0,5.0,0.0,4.353599274498216,1.6908992406805163
SKU-0088,2017-12-30,2,3,0.0,4.0,0.0,3.64080743428091,3.798173880773762
SKU-0088,2017-12-31,0,3,2.0,0.0,0.0,2.903413470609624,1.0853046492312255
SKU-0092,2017-12-04,114,3,0.0,4.0,0.0,8.383931719635173,0.0
SKU-0092,2017-12-05,27,3,114.0,0.0,0.0,6.803973858142977,0.0
SKU-0092,2017-12-06,2,3,27.0,0.0,0.0,10.912862846205279,0.48691117341134554
SKU-0092,2017-12-07,7,3,2.0,2.0,0.0,7.015542474680825,2.4733004399565446
SKU-0092,2017-12-08,0,3,7.0,0.0,0.0,5.499722294794594,2.339146734983245
SKU-0092,2017-12-09,0,3,0.0,0.0,0.0,5.053674418356913,3.4710327796695504
SKU-0092,2017-12-10,19,3,0.0,0.0,0.0,5.388579963326352,4.247630379526714
SKU-0092,2017-12-11,0,3,19.0,114.0,0.0,8.389941186324538,0.0
SKU-0092,2017-12-12,9,3,0.0,27.0,0.0,6.809983324832341,5.8119544488322274
SKU-0092,2017-12-13,6,3,9.0,2.0,0.0,10.918872312894644,2.9418158023226293
SKU-0092,2017-12-14,0,3,6.0,7.0,0.0,7.0215519413701895,2.8286304897177668
SKU-0092,2017-12-15,12,3,0.0,0.0,0.0,5.5057317614839585,6.2089926748927455
SKU-0092,2017-12-16,18,3,12.0,0.0,0.0,5.059683885046278,3.857098730296904
SKU-0092,2017-12-17,14,3,18.0,19.0,0.0,5.394589430015717,3.093649019677699
SKU-0092,2017-12-18,2,3,14.0,0.0,0.0,8.395950653013902,0.0
SKU-0092,2017-12-19,42,3,2.0,9.0,0.0,6.815992791521706,0.14697602384090241
SKU-0092,2017-12-20,2,3,42.0,6.0,0.0,10.924881779584009,2.6702472657240186
SKU-0092,2017-12-21,0,3,2.0,0.0,0.0,7.027561408059554,1.5106220545829203
SKU-0092,2017-12-22,0,3,0.0,12.0,0.0,5.511741228173323,3.472567989755286
SKU-0092,2017-12-23,2,3,0.0,18.0,0.0,5.065693351735641,4.496150285123224
SKU-0092,2017-12-24,5,3,2.0,14.0,0.0,5.40059889670508,0.0
SKU-0092,2017-12-25,61,3,5.0,2.0,0.0,8.401960119703267,2.8864196037059853
SKU-0092,2017-12-26,4,3,61.0,42.0,0.0,6.82200225821107,2.4028388839726236
SKU-0092,2017-12-27,1,3,4.0,2.0,0.0,10.930891246273372,3.1317989973809905
SKU-0092,2017-12-28,0,3,1.0,0.0,0.0,7.033570874748918,1.507931897528553
SKU-0092,2017-12-29,0,3,0.0,0.0,0.0,5.517750694862687,3.136646326428266
SKU-0092,2017-12-30,7,3,0.0,2.0,0.0,5.071702818425006,0.5554083273375032
SKU-0092,2017-12-31,0,3,7.0,5.0,0.0,5.4066083633944455,1.2099584726247952
SKU-0093,2017-12-04,13,3,8.0,9.0,0.0,5.439308210098442,3.736817918933352
SKU-0093,2017-12-05,1,3,13.0,10.0,0.0,6.091397164596412,3.250349092520562
SKU-0093,2017-12-06,12,3,1.0,1.0,0.0,6.0913654265274975,3.7266491359512965
SKU-0093,2017-12-07,11,3,12.0,6.0,0.0,5.732563980171517,4.0669030326673505
SKU-0093,2017-12-08,18,3,11.0,17.0,0.0,5.830401401687099,1.7774125491162742
SKU-0093,2017-12-09,15,3,18.0,12.0,0.0,5.652925551436044,1.7309134333684792
SKU-0093,2017-12-10,6,3,15.0,8.0,0.0,5.921070866984558,2.947983279316032
SKU-0093,2017-12-11,13,3,6.0,13.0,0.0,5.433705245275942,3.3729572254963114
SKU-0093,2017-12-12,0,3,13.0,1.0,0.0,6.085794199773912,1.639756902721305
SKU-0093,2017-12-13,6,3,0.0,12.0,0.0,6.085762461704997,3.6888836244915577
SKU-0093,2017-12-14,5,3,6.0,11.0,0.0,5.726961015349017,2.7595953045209565
SKU-0093,2017-12-15,1,3,5.0,18.0,0.0,5.824798436864598,4.134752434644939
SKU-0093,2017-12-16,8,3,1.0,15.0,0.0,5.647322586613544,1.842291466552378
SKU-0093,2017-12-17,1,3,8.0,6.0,0.0,5.9154679021620575,2.7246092910109914
SKU-0093,2017-12-18,7,3,1.0,13.0,0.0,5.428102280453442,1.215090247485899
SKU-0093,2017-12-19,4,3,7.0,0.0,0.0,6.080191234951412,0.79399031948216
SKU-0093,2017-12-20,1,3,4.0,6.0,0.0,6.080159496882497,3.076603667015643
SKU-0093,2017-12-21,6,3,1.0,5.0,0.0,5.721358050526518,1.354134153490514
SKU-0093,2017-12-22,10,3,6.0,1.0,0.0,5.819195472042098,0.0
SKU-0093,2017-12-23,5,3,10.0,8.0,0.0,5.641719621791045,1.0868069961996696
SKU-0093,2017-12-24,8,3,5.0,1.0,0.0,5.909864937339558,1.7238547074834554
SKU-0093,2017-12-25,1,3,8.0,7.0,0.0,5.422499315630942,2.364142009405454
SKU-0093,2017-12-26,25,3,1.0,4.0,0.0,6.074588270128912,1.9183730963930277
SKU-0093,2017-12-27,7,3,25.0,1.0,0.0,6.074556532059997,1.9291036451715033
SKU-0093,2017-12-28,9,3,7.0,6.0,0.0,5.715755085704017,0.7269127235213189
SKU-0093,2017-12-29,6,3,9.0,10.0,0.0,5.813592507219599,1.0138193407071963
SKU-0093,2017-12-30,8,3,6.0,5.0,0.0,5.636116656968544,0.24230190529548828
SKU-0093,2017-12-31,2,3,8.0,8.0,0.0,5.904261972517058,1.8618351006624054
SKU-0095,2017-12-04,14,3,5.0,1.0,0.0,4.084046985110535,4.202649587212931
SKU-0095,2017-12-05,5,3,14.0,5.0,0.0,4.610667637037348,4.471471601795834
SKU-0095,2017-12-06,0,3,5.0,9.0,0.0,4.791235177275132,5.437622484138863
SKU-0095,2017-12-07,7,3,0.0,0.0,0.0,4.89740116800626,4.850947928835343
SKU-0095,2017-12-08,1,3,7.0,3.0,0.0,3.5974565650897983,1.2730055683725383
SKU-0095,2017-12-09,10,3,1.0,8.0,0.0,2.5978914096464854,1.1237688125430085
SKU-0095,2017-12-10,2,3,10.0,5.0,0.0,3.9566468142634115,2.36238080128953
SKU-0095,2017-12-11,12,3,2.0,14.0,0.0,4.086771197220042,2.1786721411702263
SKU-0095,2017-12-12,0,3,12.0,5.0,0.0,4.613391849146854,1.672782181947781
SKU-0095,2017-12-13,6,3,0.0,0.0,0.0,4.793959389384638,5.766272493692915
SKU-0095,2017-12-14,2,3,6.0,7.0,0.0,4.900125380115766,3.1403001739451266
SKU-0095,2017-12-15,2,3,2.0,1.0,0.0,3.600180777199305,3.5841970079588306
SKU-0095,2017-12-16,7,3,2.0,10.0,0.0,2.600615621755993,2.0675474592046377
SKU-0095,2017-12-17,0,3,7.0,2.0,0.0,3.959371026372919,3.0248089334320056
SKU-0095,2017-12-18,3,3,0.0,12.0,0.0,4.089495409329549,2.1578623977209275
SKU-0095,2017-12-19,12,3,3.0,0.0,0.0,4.616116061256362,1.2935843511272727
SKU-0095,2017-12-20,9,3,12.0,6.0,0.0,4.796683601494146,3.5448422202058234
SKU-0095,2017-12-21,5,3,9.0,2.0,0.0,4.902849592225273,0.0
SKU-0095,2017-12-22,17,3,5.0,2.0,0.0,3.6029049893088114,1.5822346673828187
SKU-0095,2017-12-23,0,3,17.0,7.0,0.0,2.6033398338654994,0.38482027955501286
SKU-0095,2017-12-24,0,3,0.0,0.0,0.0,3.9620952384824255,2.1740599810949677
SKU-0095,2017-12-25,4,3,0.0,3.0,0.0,4.092219621439056,3.51168392302848
SKU-0095,2017-12-26,21,3,4.0,12.0,0.0,4.618840273365868,3.406012697976238
SKU-0095,2017-12-27,3,3,21.0,9.0,0.0,4.799407813603652,0.3802764677580766
SKU-0095,2017-12-28,5,3,3.0,5.0,0.0,4.9055738043347805,0.3255384009941
SKU-0095,2017-12-29,6,3,5.0,17.0,0.0,3.605629201418319,0.9307884726599142
SKU-0095,2017-12-30,7,3,6.0,0.0,0.0,2.606064045975007,0.8842902697693912
SKU-0095,2017-12-31,1,3,7.0,0.0,0.0,3.964819450591933,3.5657274580081455
SKU-0098,2017-12-04,0,3,23.0,0.0,0.0,6.2226221426739965,3.4549849474718837
SKU-0098,2017-12-05,22,3,0.0,0.0,0.0,6.649334782980655,3.3653942821937646
SKU-0098,2017-12-06,6,3,22.0,16.0,0.0,8.334440006889317,3.7868419092674763
SKU-0098,2017-12-07,9,3,6.0,11.0,0.0,7.075346872777988,3.054117346582885
SKU-0098,2017-12-08,5,3,9.0,0.0,0.0,6.03587472040921,2.7768935754533652
SKU-0098,2017-12-09,11,3,5.0,18.0,0.0,4.108197908105012,1.4922573244224528
SKU-0098,2017-12-10,3,3,11.0,23.0,0.0,5.467950763992452,3.261735409324997
SKU-0098,2017-12-11,11,3,3.0,0.0,0.0,6.213922276835204,4.901460080255561
SKU-0098,2017-12-12,0,3,11.0,22.0,0.0,6.640634917141862,4.10482844385713
SKU-0098,2017-12-13,0,3,0.0,6.0,0.0,8.325740141050524,4.738394640286989
SKU-0098,2017-12-14,10,3,0.0,9.0,0.0,7.066647006939196,3.5643740386065677
SKU-0098,2017-12-15,10,3,10.0,5.0,0.0,6.027174854570418,4.723770576839816
SKU-0098,2017-12-16,0,3,10.0,11.0,0.0,4.0994980422662195,2.628734795644256
SKU-0098,2017-12-17,14,3,0.0,3.0,0.0,5.459250898153659,4.515322901637142
SKU-0098,2017-12-18,8,3,14.0,11.0,0.0,6.205222410996411,2.448334247978136
SKU-0098,2017-12-19,8,3,8.0,0.0,0.0,6.63193505130307,1.517511930912674
SKU-0098,2017-12-20,0,3,8.0,0.0,0.0,8.317040275211731,3.1862458800310525
SKU-0098,2017-12-21,5,3,0.0,10.0,0.0,7.057947141100403,0.6380835310509914
SKU-0098,2017-12-22,0,3,5.0,10.0,0.0,6.018474988731625,0.6845893900515352
SKU-0098,2017-12-23,8,3,0.0,0.0,0.0,4.090798176427427,2.468716577251188
SKU-0098,2017-12-24,3,3,8.0,14.0,0.0,5.450551032314866,2.2026064771661913
SKU-0098,2017-12-25,10,3,3.0,8.0,0.0,6.1965225451576185,1.8261752308660646
SKU-0098,2017-12-26,14,3,10.0,8.0,0.0,6.623235185464277,2.7836920603759223
SKU-0098,2017-12-27,3,3,14.0,0.0,0.0,8.308340409372938,2.487278440092715
SKU-0098,2017-12-28,5,3,3.0,5.0,0.0,7.04924727526161,0.023081610749753657
SKU-0098,2017-12-29,4,3,5.0,0.0,0.0,6.009775122892832,1.3596413725126162
SKU-0098,2017-12-30,6,3,4.0,8.0,0.0,4.082098310588634,2.4901414238474144
SKU-0098,2017-12-31,4,3,6.0,3.0,0.0,5.441851166476074,1.1178379089061574
SKU-0100,2017-12-04,16,3,9.0,17.0,0.0,12.34850156859519,4.43174007817724
SKU-0100,2017-12-05,11,3,16.0,13.0,0.0,12.943423063956004,3.759127048191227
SKU-0100,2017-12-06,26,3,11.0,1.0,0.0,13.072061427683568,4.021991918238385
SKU-0100,2017-12-07,23,3,26.0,1.0,0.0,13.619813395763547,1.5920400648038697
SKU-0100,2017-12-08,38,3,23.0,13.0,0.0,12.358041459761324,4.002386396049582
SKU-0100,2017-12-09,32,3,38.0,7.0,0.0,13.384031404180837,0.0
SKU-0100,2017-12-10,26,3,32.0,9.0,0.0,11.616872814727119,0.0
SKU-0100,2017-12-11,10,3,26.0,16.0,0.0,12.359257750693159,3.753716135496083
SKU-0100,2017-12-12,0,3,10.0,11.0,0.0,12.954179246053972,3.0252680234347666
SKU-0100,2017-12-13,29,3,0.0,26.0,0.0,13.082817609781536,4.496226643838167
SKU-0100,2017-12-14,21,3,29.0,23.0,0.0,13.630569577861516,2.7625112841098893
SKU-0100,2017-12-15,13,3,21.0,38.0,0.0,12.368797641859292,2.3954542854571073
SKU-0100,2017-12-16,11,3,13.0,32.0,0.0,13.394787586278804,3.2376590516260366
SKU-0100,2017-12-17,29,3,11.0,26.0,0.0,11.627628996825088,2.2163749114446523
SKU-0100,2017-12-18,9,3,29.0,10.0,0.0,12.370013932791126,1.858354801356621
SKU-0100,2017-12-19,35,3,9.0,0.0,0.0,12.964935428151941,0.8467853887925267
SKU-0100,2017-12-20,10,3,35.0,29.0,0.0,13.093573791879505,0.0
SKU-0100,2017-12-21,40,3,10.0,21.0,0.0,13.641325759959484,0.0
SKU-0100,2017-12-22,15,3,40.0,13.0,0.0,12.379553823957261,0.0
SKU-0100,2017-12-23,21,3,15.0,11.0,0.0,13.405543768376774,0.5209689051871315
SKU-0100,2017-12-24,13,3,21.0,29.0,0.0,11.638385178923055,0.0
SKU-0100,2017-12-25,15,3,13.0,9.0,0.0,12.380770114889096,0.7203050038114702
SKU-0100,2017-12-26,23,3,15.0,35.0,0.0,12.975691610249909,2.76015405437297
SKU-0100,2017-12-27,23,3,23.0,10.0,0.0,13.104329973977473,0.0
SKU-0100,2017-12-28,18,3,23.0,40.0,0.0,13.652081942057453,0.11940732283148937
SKU-0100,2017-12-29,17,3,18.0,15.0,0.0,12.390310006055229,1.445090366060597
SKU-0100,2017-12-30,0,3,17.0,21.0,0.0,13.416299950474741,1.8668519431060147
SKU-0100,2017-12-31,42,3,0.0,13.0,0.0,11.649141361021025,1.8593644197538444
SKU-0101,2017-12-04,3,3,5.0,0.0,0.0,2.4846433859237718,4.121614704663864
SKU-0101,2017-12-05,0,3,3.0,0.0,0.0,2.794652111048076,4.232858203771721
SKU-0101,2017-12-06,0,3,0.0,4.0,0.0,2.4850255490110955,5.7335314083681075
SKU-0101,2017-12-07,1,3,0.0,4.0,0.0,2.9362698200232558,4.554738432984803
SKU-0101,2017-12-08,0,3,1.0,3.0,0.0,1.7521586252289494,1.9636730048311435
SKU-0101,2017-12-09,7,3,0.0,0.0,0.0,1.4588826634263539,3.5494007368936447
SKU-0101,2017-12-10,0,3,7.0,5.0,0.0,2.021891340686569,1.977560672662473
SKU-0101,2017-12-11,12,3,0.0,3.0,0.0,2.48160741056248,5.31103100783537
SKU-0101,2017-12-12,3,3,12.0,0.0,0.0,2.7916161356867844,2.653677031947403
SKU-0101,2017-12-13,14,3,3.0,0.0,0.0,2.4819895736498037,4.397217505830067
SKU-0101,2017-12-14,0,3,14.0,1.0,0.0,2.933233844661964,1.5630041457837607
SKU-0101,2017-12-15,2,3,0.0,0.0,0.0,1.7491226498676575,5.054325014579499
SKU-0101,2017-12-16,8,3,2.0,7.0,0.0,1.455846688065062,3.8589743668509873
SKU-0101,2017-12-17,3,3,8.0,0.0,0.0,2.018855365325277,2.2780111022786635
SKU-0101,2017-12-18,0,3,3.0,12.0,0.0,2.478571435201188,1.4346009398610122
SKU-0101,2017-12-19,0,3,0.0,3.0,0.0,2.7885801603254925,3.834710839549837
SKU-0101,2017-12-20,5,3,0.0,14.0,0.0,2.478953598288512,4.870548166305989
SKU-0101,2017-12-21,5,3,5.0,0.0,0.0,2.930197869300672,1.9053817331822596
SKU-0101,2017-12-22,10,3,5.0,2.0,0.0,1.7460866745063657,2.5848630531475014
SKU-0101,2017-12-23,5,3,10.0,8.0,0.0,1.4528107127037702,1.3048788291933207
SKU-0101,2017-12-24,2,3,5.0,3.0,0.0,2.015819389963985,3.5148224943555655
SKU-0101,2017-12-25,9,3,2.0,0.0,0.0,2.475535459839896,1.8837074389742772
SKU-0101,2017-12-26,0,3,9.0,0.0,0.0,2.7855441849642006,1.1084910486693023
SKU-0101,2017-12-27,1,3,0.0,5.0,0.0,2.47591762292722,3.033244699037644
SKU-0101,2017-12-28,0,3,1.0,5.0,0.0,2.92716189393938,0.6155156887839272
SKU-0101,2017-12-29,3,3,0.0,10.0,0.0,1.7430506991450734,1.9642063310159008
SKU-0101,2017-12-30,0,3,3.0,5.0,0.0,1.4497747373424783,0.5289453655227812
SKU-0101,2017-12-31,1,3,0.0,2.0,0.0,2.0127834146026933,3.5760803153187197
SKU-0105,2017-12-04,0,3,3.0,1.0,0.0,2.9655879287333504,4.872371202548578
SKU-0105,2017-12-05,5,3,0.0,4.0,0.0,3.5439695847532846,5.0194597889991295
SKU-0105,2017-12-06,0,3,5.0,0.0,0.0,4.35230418266573,2.6832522251341953
SKU-0105,2017-12-07,2,3,0.0,16.0,0.0,3.9760560791807213,4.481781880512237
SKU-0105,2017-12-08,3,3,2.0,3.0,0.0,2.4069687353462683,2.268751155851824
SKU-0105,2017-12-09,0,3,3.0,8.0,0.0,1.9684106890769772,2.3088911270974175
SKU-0105,2017-12-10,6,3,0.0,3.0,0.0,2.1847882040412117,2.9511567203498092
SKU-0105,2017-12-11,4,3,6.0,0.0,0.0,2.962893593443282,3.229268341594329
SKU-0105,2017-12-12,5,3,4.0,5.0,0.0,3.541275249463216,3.1083174586377407
SKU-0105,2017-12-13,0,3,5.0,0.0,0.0,4.349609847375661,5.117998614903486
SKU-0105,2017-12-14,1,3,0.0,2.0,0.0,3.9733617438906528,4.320516256282332
SKU-0105,2017-12-15,0,3,1.0,3.0,0.0,2.4042744000561997,3.2472662940343855
SKU-0105,2017-12-16,0,3,0.0,0.0,0.0,1.9657163537869087,4.17472741245785
SKU-0105,2017-12-17,4,3,0.0,6.0,0.0,2.182093868751143,3.5701424529733825
SKU-0105,2017-12-18,5,3,4.0,4.0,0.0,2.960199258153213,2.3839398444178674
SKU-0105,2017-12-19,5,3,5.0,5.0,0.0,3.5385809141731475,1.3590570626168736
SKU-0105,2017-12-20,10,3,5.0,0.0,0.0,4.346915512085593,4.72344464960333
SKU-0105,2017-12-21,0,3,10.0,1.0,0.0,3.970667408600584,1.0295365391579787
SKU-0105,2017-12-22,0,3,0.0,0.0,0.0,2.401580064766131,2.7763994886895524
SKU-0105,2017-12-23,0,3,0.0,0.0,0.0,1.96302201849684,3.6934703304326866
SKU-0105,2017-12-24,8,3,0.0,4.0,0.0,2.1793995334610745,2.774861950667603
SKU-0105,2017-12-25,5,3,8.0,5.0,0.0,2.9575049228631443,1.7726176327313734
SKU-0105,2017-12-26,0,3,5.0,5.0,0.0,3.535886578883079,0.6585539047102172
SKU-0105,2017-12-27,0,3,0.0,10.0,0.0,4.344221176795524,5.7372515042635035
SKU-0105,2017-12-28,8,3,0.0,0.0,0.0,3.9679730733105156,0.8442144156282229
SKU-0105,2017-12-29,4,3,8.0,0.0,0.0,2.3988857294760626,2.321662056532234
SKU-0105,2017-12-30,0,3,4.0,0.0,0.0,1.9603276832067715,2.4971334740905875
SKU-0105,2017-12-31,5,3,0.0,8.0,0.0,2.176705198171006,2.4062958625514432
SKU-0107,2017-12-04,0,3,6.0,2.0,0.0,3.9622567823695247,3.7635168252342863
SKU-0107,2017-12-05,9,3,0.0,0.0,0.0,5.317012360707445,5.4256722106285284
SKU-0107,2017-12-06,3,3,9.0,2.0,0.0,4.497010998791115,4.416897480493483
SKU-0107,2017-12-07,6,3,3.0,13.0,0.0,5.162064055191271,2.683780530367007
SKU-0107,2017-12-08,10,3,6.0,0.0,0.0,3.5558580235657744,1.9303011774512542
SKU-0107,2017-12-09,14,3,10.0,3.0,0.0,2.4133623830969766,2.6732693723317222
SKU-0107,2017-12-10,0,3,14.0,6.0,0.0,3.1785715189209105,0.5576676734858363
SKU-0107,2017-12-11,0,3,0.0,0.0,0.0,3.9688380973815245,5.010606849114575
SKU-0107,2017-12-12,3,3,0.0,9.0,0.0,5.323593675719445,3.8577160447966388
SKU-0107,2017-12-13,13,3,3.0,3.0,0.0,4.503592313803115,3.9840771788284006
SKU-0107,2017-12-14,3,3,13.0,6.0,0.0,5.16864537020327,2.8062342809885195
SKU-0107,2017-12-15,0,3,3.0,10.0,0.0,3.562439338577774,4.89600364372159
SKU-0107,2017-12-16,0,3,0.0,14.0,0.0,2.419943698108977,2.912700208316108
SKU-0107,2017-12-17,0,3,0.0,0.0,0.0,3.18515283393291,4.034814201901031
SKU-0107,2017-12-18,0,3,0.0,0.0,0.0,3.9754194123935243,4.749261859954245
SKU-0107,2017-12-19,7,3,0.0,3.0,0.0,5.330174990731445,2.8441811920184064
SKU-0107,2017-12-20,7,3,7.0,13.0,0.0,4.510173628815115,2.1188401218915542
SKU-0107,2017-12-21,2,3,7.0,3.0,0.0,5.175226685215271,1.3481179748620002
SKU-0107,2017-12-22,4,3,2.0,0.0,0.0,3.569020653589774,1.7730702279704347
SKU-0107,2017-12-23,0,3,4.0,0.0,0.0,2.426525013120977,0.6020908345077032
SKU-0107,2017-12-24,4,3,0.0,0.0,0.0,3.19173414894491,4.204220030469891
SKU-0107,2017-12-25,0,3,4.0,0.0,0.0,3.982000727405524,2.8458569038723303
SKU-0107,2017-12-26,2,3,0.0,7.0,0.0,5.336756305743444,2.8025079025405746
SKU-0107,2017-12-27,7,3,2.0,7.0,0.0,4.516754943827115,1.6945565231149133
SKU-0107,2017-12-28,11,3,7.0,2.0,0.0,5.18180800022727,0.0
SKU-0107,2017-12-29,7,3,11.0,4.0,0.0,3.5756019686017737,2.050117706528674
SKU-0107,2017-12-30,0,3,7.0,0.0,0.0,2.4331063281329763,2.203792930156258
SKU-0107,2017-12-31,0,3,0.0,4.0,0.0,3.1983154639569094,4.216704270848885
SKU-0108,2017-12-04,10,3,2.0,4.0,0.0,3.6199029088562558,3.73904712733397
SKU-0108,2017-12-05,6,3,10.0,0.0,0.0,3.260006946350451,4.128263917760727
SKU-0108,2017-12-06,1,3,6.0,0.0,0.0,3.945228613229967,2.7334226923842326
SKU-0108,2017-12-07,0,3,1.0,2.0,0.0,3.381154963406129,2.996100716831282
SKU-0108,2017-12-08,9,3,0.0,0.0,0.0,2.4856546358178875,3.462943591989349
SKU-0108,2017-12-09,11,3,9.0,7.0,0.0,3.291418005574344,3.107001523394285
SKU-0108,2017-12-10,0,3,11.0,2.0,0.0,2.811771089657717,2.6557560269301725
SKU-0108,2017-12-11,4,3,0.0,10.0,0.0,3.6149143516183684,3.9853572060424693
SKU-0108,2017-12-12,16,3,4.0,6.0,0.0,3.2550183891125632,2.611598983144354
SKU-0108,2017-12-13,4,3,16.0,1.0,0.0,3.9402400559920796,3.863744501767679
SKU-0108,2017-12-14,6,3,4.0,0.0,0.0,3.3761664061682417,3.0053503495369367
SKU-0108,2017-12-15,4,3,6.0,9.0,0.0,2.4806660785799997,4.739306643141569
SKU-0108,2017-12-16,1,3,4.0,11.0,0.0,3.286429448336456,3.3285011466264
SKU-0108,2017-12-17,0,3,1.0,0.0,0.0,2.8067825324198297,1.2875625270917967
SKU-0108,2017-12-18,6,3,0.0,4.0,0.0,3.6099257943804806,2.4478487028743876
SKU-0108,2017-12-19,4,3,6.0,16.0,0.0,3.250029831874676,0.5734781427616176
SKU-0108,2017-12-20,1,3,4.0,4.0,0.0,3.935251498754192,1.904206373627168
SKU-0108,2017-12-21,14,3,1.0,6.0,0.0,3.371177848930354,1.5566962826742514
SKU-0108,2017-12-22,5,3,14.0,4.0,0.0,2.4756775213421123,1.405035099888329
SKU-0108,2017-12-23,4,3,5.0,1.0,0.0,3.281440891098568,1.0124244381268799
SKU-0108,2017-12-24,5,3,4.0,0.0,0.0,2.801793975181942,3.2193297979176805
SKU-0108,2017-12-25,0,3,5.0,6.0,0.0,3.604937237142593,1.6345644256982803
SKU-0108,2017-12-26,7,3,0.0,4.0,0.0,3.245041274636788,2.7634797853427724
SKU-0108,2017-12-27,4,3,7.0,1.0,0.0,3.9302629415163044,2.698199582977872
SKU-0108,2017-12-28,5,3,4.0,14.0,0.0,3.3661892916924665,1.1166303147079908
SKU-0108,2017-12-29,5,3,5.0,5.0,0.0,2.4706889641042244,1.2529426808047126
SKU-0108,2017-12-30,3,3,5.0,4.0,0.0,3.2764523338606812,1.342447631762003
SKU-0108,2017-12-31,0,3,3.0,5.0,0.0,2.7968054179440545,1.9331592649736773
SKU-0109,2017-12-04,21,3,97.0,41.0,0.0,48.74223517677891,10.307916058315527
SKU-0109,2017-12-05,96,3,21.0,14.0,0.0,52.05731797682943,4.655374469431304
SKU-0109,2017-12-06,20,3,96.0,48.0,0.0,52.53674176532454,7.292994296550015
SKU-0109,2017-12-07,92,3,20.0,78.0,0.0,54.23403543493792,9.009778067761102
SKU-0109,2017-12-08,50,3,92.0,48.0,0.0,43.24930701893122,10.038025911891523
SKU-0109,2017-12-09,37,3,50.0,58.0,0.0,32.722815206121766,1.188510036579692
SKU-0109,2017-12-10,63,3,37.0,97.0,0.0,41.27368738770391,5.850923026958484
SKU-0109,2017-12-11,59,3,63.0,21.0,0.0,48.830986370872544,1.8559039555396688
SKU-0109,2017-12-12,52,3,59.0,96.0,0.0,52.14606917092307,9.455117128459872
SKU-0109,2017-12-13,53,3,52.0,20.0,0.0,52.625492959418175,0.16936948934575652
SKU-0109,2017-12-14,59,3,53.0,92.0,0.0,54.322786629031555,24.531652618493094
SKU-0109,2017-12-15,53,3,59.0,50.0,0.0,43.33805821302485,0.14989084338894165
SKU-0109,2017-12-16,99,3,53.0,37.0,0.0,32.8115664002154,0.762615345867971
SKU-0109,2017-12-17,55,3,99.0,63.0,0.0,41.36243858179754,0.0
SKU-0109,2017-12-18,71,3,55.0,59.0,0.0,48.91973756496618,1.2923326909350452
SKU-0109,2017-12-19,51,3,71.0,52.0,0.0,52.2348203650167,0.0
SKU-0109,2017-12-20,71,3,51.0,53.0,0.0,52.71424415351181,2.325106884460479
SKU-0109,2017-12-21,81,3,71.0,59.0,0.0,54.41153782312519,0.0
SKU-0109,2017-12-22,58,3,81.0,53.0,0.0,43.42680940711848,0.0
SKU-0109,2017-12-23,66,3,58.0,99.0,0.0,32.90031759430903,0.0
SKU-0109,2017-12-24,47,3,66.0,55.0,0.0,41.45118977589117,0.0
SKU-0109,2017-12-25,36,3,47.0,71.0,0.0,49.00848875905981,0.4115971792026736
SKU-0109,2017-12-26,58,3,36.0,51.0,0.0,52.323571559110334,0.0
SKU-0109,2017-12-27,44,3,58.0,71.0,0.0,52.80299534760544,0.0
SKU-0109,2017-12-28,41,3,44.0,81.0,0.0,54.50028901721882,0.517623580303516
SKU-0109,2017-12-29,133,3,41.0,58.0,0.0,43.515560601212115,0.0
SKU-0109,2017-12-30,19,3,133.0,66.0,0.0,32.98906878840267,0.0
SKU-0109,2017-12-31,58,3,19.0,47.0,0.0,41.539940969984805,0.0
SKU-0110,2017-12-04,267,3,44.0,36.0,0.0,69.92086024521258,6.905550569458449
SKU-0110,2017-12-05,107,3,267.0,0.0,0.0,91.79896287040748,4.7565400648707685
SKU-0110,2017-12-06,178,3,107.0,14.0,0.0,90.15196610034032,7.748143852098551
SKU-0110,2017-12-07,71,3,178.0,53.0,0.0,73.64637057225106,0.8040063952672891
SKU-0110,2017-12-08,180,3,71.0,20.0,0.0,104.28353828947691,11.900498808721956
SKU-0110,2017-12-09,64,3,180.0,122.0,0.0,67.39006967172345,0.0
SKU-0110,2017-12-10,0,3,64.0,44.0,0.0,65.67937756651524,0.0
SKU-0110,2017-12-11,154,3,0.0,267.0,0.0,69.91523807298374,5.03061172514369
SKU-0110,2017-12-12,136,3,154.0,107.0,0.0,91.79334069817867,0.0
SKU-0110,2017-12-13,605,3,136.0,178.0,0.0,90.14634392811149,4.264151076376514
SKU-0110,2017-12-14,49,3,605.0,71.0,0.0,73.64074840002222,0.0
SKU-0110,2017-12-15,78,3,49.0,180.0,0.0,104.27791611724808,7.429375026945945
SKU-0110,2017-12-16,117,3,78.0,64.0,0.0,67.38444749949463,0.0
SKU-0110,2017-12-17,26,3,117.0,0.0,0.0,65.6737553942864,8.701356283253007
SKU-0110,2017-12-18,16,3,26.0,154.0,0.0,69.90961590075491,9.187658639772486
SKU-0110,2017-12-19,1,3,16.0,136.0,0.0,91.78771852594983,1.4816936374568486
SKU-0110,2017-12-20,99,3,1.0,605.0,0.0,90.14072175588265,11.010302583059163
SKU-0110,2017-12-21,43,3,99.0,49.0,0.0,73.63512622779339,3.289461217984559
SKU-0110,2017-12-22,0,3,43.0,78.0,0.0,104.27229394501926,6.287504557078668
SKU-0110,2017-12-23,482,3,0.0,117.0,0.0,67.37882532726579,0.0
SKU-0110,2017-12-24,7,3,482.0,26.0,0.0,65.66813322205758,0.0
SKU-0110,2017-12-25,219,3,7.0,16.0,0.0,69.90399372852609,0.0
SKU-0110,2017-12-26,36,3,219.0,1.0,0.0,91.78209635372099,0.0
SKU-0110,2017-12-27,69,3,36.0,99.0,0.0,90.13509958365383,8.641393653057508
SKU-0110,2017-12-28,4,3,69.0,43.0,0.0,73.62950405556457,0.0
SKU-0110,2017-12-29,54,3,4.0,0.0,0.0,104.26667177279042,8.862104277793597
SKU-0110,2017-12-30,14,3,54.0,482.0,0.0,67.37320315503696,5.0796345667685285
SKU-0110,2017-12-31,389,3,14.0,7.0,0.0,65.66251104982875,0.9787622483595291
SKU-0112,2017-12-04,0,3,0.0,0.0,0.0,3.6330421938937647,5.1571460078410505
SKU-0112,2017-12-05,6,3,0.0,0.0,0.0,3.9436768769938486,5.3613085229882165
SKU-0112,2017-12-06,4,3,6.0,3.0,0.0,4.220349553684075,4.378757901052342
SKU-0112,2017-12-07,1,3,4.0,19.0,0.0,4.075291601016246,3.2046208723551497
SKU-0112,2017-12-08,3,3,1.0,0.0,0.0,2.793407522431008,1.9421794089317017
SKU-0112,2017-12-09,0,3,3.0,6.0,0.0,2.0876917929028957,1.2345403480007473
SKU-0112,2017-12-10,0,3,0.0,0.0,0.0,2.674645867649155,3.1650129154884183
SKU-0112,2017-12-11,9,3,0.0,0.0,0.0,3.6392703580223253,5.444498124058081
SKU-0112,2017-12-12,14,3,9.0,6.0,0.0,3.9499050411224093,2.7702113610330463
SKU-0112,2017-12-13,1,3,14.0,4.0,0.0,4.226577717812636,3.071966172526785
SKU-0112,2017-12-14,18,3,1.0,1.0,0.0,4.081519765144806,2.183989044337131
SKU-0112,2017-12-15,8,3,18.0,3.0,0.0,2.7996356865595686,4.637965209495411
SKU-0112,2017-12-16,0,3,8.0,0.0,0.0,2.0939199570314564,2.8282039252393507
SKU-0112,2017-12-17,0,3,0.0,0.0,0.0,2.6808740317777158,4.575011086996786
SKU-0112,2017-12-18,0,3,0.0,9.0,0.0,3.645498522150886,4.068172900378156
SKU-0112,2017-12-19,2,3,0.0,14.0,0.0,3.9561332052509695,2.18280501844287
SKU-0112,2017-12-20,2,3,2.0,1.0,0.0,4.2328058819411964,2.779294745611537
SKU-0112,2017-12-21,9,3,2.0,18.0,0.0,4.087747929273367,0.8480706558585862
SKU-0112,2017-12-22,0,3,9.0,8.0,0.0,2.8058638506881293,1.6847282206711616
SKU-0112,2017-12-23,9,3,0.0,0.0,0.0,2.100148121160017,3.040058111002825
SKU-0112,2017-12-24,0,3,9.0,0.0,0.0,2.687102195906276,2.89625019465255
SKU-0112,2017-12-25,13,3,0.0,0.0,0.0,3.6517266862794466,3.6686570853232547
SKU-0112,2017-12-26,11,3,13.0,2.0,0.0,3.96236136937953,1.6239358294388353
SKU-0112,2017-12-27,0,3,11.0,2.0,0.0,4.239034046069757,1.989450753233626
SKU-0112,2017-12-28,0,3,0.0,9.0,0.0,4.093976093401928,1.0624091535970153
SKU-0112,2017-12-29,8,3,0.0,0.0,0.0,2.81209201481669,2.9687518263267125
SKU-0112,2017-12-30,0,3,8.0,9.0,0.0,2.1063762852885777,3.3636295122472473
SKU-0112,2017-12-31,0,3,0.0,0.0,0.0,2.6933303600348366,4.417291737778497
SKU-0115,2017-12-04,13,3,5.0,1.0,0.0,5.911745530309894,3.643834034735297
SKU-0115,2017-12-05,17,3,13.0,0.0,0.0,7.332481421541518,4.339803912806689
SKU-0115,2017-12-06,14,3,17.0,2.0,0.0,7.436708632738011,4.886770648061495
SKU-0115,2017-12-07,3,3,14.0,10.0,0.0,6.172596170332952,3.5596897748776826
SKU-0115,2017-12-08,14,3,3.0,0.0,0.0,5.849349599681581,1.5481348648702964
SKU-0115,2017-12-09,3,3,14.0,8.0,0.0,5.244474713122629,1.8724940685828613
SKU-0115,2017-12-10,8,3,3.0,5.0,0.0,5.394690329467552,2.0341507968058385
SKU-0115,2017-12-11,3,3,8.0,13.0,0.0,5.926313297531712,3.4373039598082586
SKU-0115,2017-12-12,9,3,3.0,17.0,0.0,7.347049188763337,2.9816277689005286
SKU-0115,2017-12-13,1,3,9.0,14.0,0.0,7.45127639995983,3.752356541981154
SKU-0115,2017-12-14,3,3,1.0,3.0,0.0,6.18716393755477,2.465608009741619
SKU-0115,2017-12-15,10,3,3.0,14.0,0.0,5.8639173669034,5.367048643146907
SKU-0115,2017-12-16,4,3,10.0,3.0,0.0,5.259042480344448,3.030642236435682
SKU-0115,2017-12-17,21,3,4.0,8.0,0.0,5.40925809668937,2.1570931905415627
SKU-0115,2017-12-18,0,3,21.0,3.0,0.0,5.94088106475353,1.5593889901521527
SKU-0115,2017-12-19,13,3,0.0,9.0,0.0,7.361616955985156,2.5424850145215028
SKU-0115,2017-12-20,7,3,13.0,1.0,0.0,7.465844167181648,1.858758518544217
SKU-0115,2017-12-21,0,3,7.0,3.0,0.0,6.201731704776589,0.9422972396037207
SKU-0115,2017-12-22,3,3,0.0,10.0,0.0,5.878485134125219,2.3016805572302386
SKU-0115,2017-12-23,5,3,3.0,4.0,0.0,5.273610247566266,0.6716239778572812
SKU-0115,2017-12-24,5,3,5.0,21.0,0.0,5.423825863911189,2.231026525837566
SKU-0115,2017-12-25,11,3,5.0,0.0,0.0,5.95544883197535,2.30108590015669
SKU-0115,2017-12-26,0,3,11.0,13.0,0.0,7.376184723206974,1.7015183220894703
SKU-0115,2017-12-27,7,3,0.0,7.0,0.0,7.480411934403467,3.20232179296293
SKU-0115,2017-12-28,7,3,7.0,0.0,0.0,6.216299471998408,0.9826497694771869
SKU-0115,2017-12-29,6,3,7.0,3.0,0.0,5.893052901347037,1.214746520700709
SKU-0115,2017-12-30,16,3,6.0,5.0,0.0,5.288178014788085,0.7202694115188693
SKU-0115,2017-12-31,10,3,16.0,5.0,0.0,5.438393631133008,0.44497699962081505
SKU-0116,2017-12-04,11,3,4.0,14.0,0.0,10.033149645076403,3.406274859615804
SKU-0116,2017-12-05,6,3,11.0,4.0,0.0,12.877702341254382,3.490771764433645
SKU-0116,2017-12-06,4,3,6.0,5.0,0.0,12.763888687160392,3.1885742032579216
SKU-0116,2017-12-07,29,3,4.0,11.0,0.0,10.994257646538692,2.8941961506255964
SKU-0116,2017-12-08,1,3,29.0,31.0,0.0,8.473528554611176,5.561103356350641
SKU-0116,2017-12-09,11,3,1.0,6.0,0.0,6.735215860721177,1.7081117908137216
SKU-0116,2017-12-10,6,3,11.0,4.0,0.0,8.694572948329398,2.2945017856683347
SKU-0116,2017-12-11,4,3,6.0,11.0,0.0,10.039281858659962,3.816800047733639
SKU-0116,2017-12-12,16,3,4.0,6.0,0.0,12.883834554837943,2.0572708339114802
SKU-0116,2017-12-13,15,3,16.0,4.0,0.0,12.770020900743951,1.8981984429786307
SKU-0116,2017-12-14,6,3,15.0,29.0,0.0,11.000389860122255,2.440506040568515
SKU-0116,2017-12-15,16,3,6.0,1.0,0.0,8.479660768194735,5.330814800256295
SKU-0116,2017-12-16,2,3,16.0,11.0,0.0,6.741348074304736,1.9806357200440434
SKU-0116,2017-12-17,0,3,2.0,6.0,0.0,8.700705161912959,2.0037678367729526
SKU-0116,2017-12-18,11,3,0.0,4.0,0.0,10.04541407224352,1.2727016797632356
SKU-0116,2017-12-19,20,3,11.0,16.0,0.0,12.889966768421502,0.0
SKU-0116,2017-12-20,19,3,20.0,15.0,0.0,12.77615311432751,0.3467227059737789
SKU-0116,2017-12-21,13,3,19.0,6.0,0.0,11.006522073705813,0.22895963794198668
SKU-0116,2017-12-22,4,3,13.0,16.0,0.0,8.485792981778296,0.9991587125055575
SKU-0116,2017-12-23,0,3,4.0,2.0,0.0,6.747480287888295,1.6091550473487755
SKU-0116,2017-12-24,7,3,0.0,0.0,0.0,8.706837375496518,3.328333832771218
SKU-0116,2017-12-25,21,3,7.0,11.0,0.0,10.05154628582708,1.4077999255562208
SKU-0116,2017-12-26,3,3,21.0,20.0,0.0,12.89609898200506,1.5915656372996625
SKU-0116,2017-12-27,23,3,3.0,19.0,0.0,12.78228532791107,2.1122420497510257
SKU-0116,2017-12-28,3,3,23.0,13.0,0.0,11.012654287289372,0.0
SKU-0116,2017-12-29,8,3,3.0,4.0,0.0,8.491925195361855,1.194365791790851
SKU-0116,2017-12-30,19,3,8.0,0.0,0.0,6.7536125014718555,0.5736790056743
SKU-0116,2017-12-31,13,3,19.0,7.0,0.0,8.712969589080076,1.7566952499207513
SKU-0118,2017-12-04,0,3,0.0,1.0,0.0,1.974537082315565,5.1690555167937005
SKU-0118,2017-12-05,1,3,0.0,0.0,0.0,4.079223902398777,5.4256722106285284
SKU-0118,2017-12-06,5,3,1.0,11.0,0.0,4.9990732073426045,5.238445663867805
SKU-0118,2017-12-07,0,3,5.0,0.0,0.0,4.767140803721613,4.217243852434392
SKU-0118,2017-12-08,0,3,0.0,5.0,0.0,4.401896179964041,3.338429528447884
SKU-0118,2017-12-09,0,3,0.0,0.0,0.0,2.511467958786182,2.7970868266422655
SKU-0118,2017-12-10,0,3,0.0,0.0,0.0,2.2349287680568772,4.247630379526714
SKU-0118,2017-12-11,0,3,0.0,0.0,0.0,1.96923075957631,4.8180279087353
SKU-0118,2017-12-12,0,3,0.0,1.0,0.0,4.073917579659521,4.652101365339839
SKU-0118,2017-12-13,4,3,0.0,5.0,0.0,4.99376688460335,5.998785019665267
SKU-0118,2017-12-14,0,3,4.0,0.0,0.0,4.761834480982358,2.739124218564797
SKU-0118,2017-12-15,13,3,0.0,0.0,0.0,4.396589857224786,5.1048379839136775
SKU-0118,2017-12-16,0,3,13.0,0.0,0.0,2.506161636046927,4.538481404167822
SKU-0118,2017-12-17,0,3,0.0,0.0,0.0,2.229622445317622,5.012114826318788
SKU-0118,2017-12-18,0,3,0.0,0.0,0.0,1.9639244368370548,4.156417585064609
SKU-0118,2017-12-19,8,3,0.0,0.0,0.0,4.068611256920266,2.7347787397069583
SKU-0118,2017-12-20,0,3,8.0,4.0,0.0,4.988460561864094,2.3336766689523576
SKU-0118,2017-12-21,0,3,0.0,0.0,0.0,4.7565281582431025,3.7818998440176848
SKU-0118,2017-12-22,4,3,0.0,13.0,0.0,4.391283534485531,3.7673542284604964
SKU-0118,2017-12-23,0,3,4.0,0.0,0.0,2.500855313307672,3.0060060236128447
SKU-0118,2017-12-24,0,3,0.0,0.0,0.0,2.224316122578367,4.164480359809892
SKU-0118,2017-12-25,19,3,0.0,0.0,0.0,1.9586181140977998,4.240370594181047
SKU-0118,2017-12-26,0,3,19.0,8.0,0.0,4.063304934181011,2.6095958674195248
SKU-0118,2017-12-27,8,3,0.0,0.0,0.0,4.983154239124839,3.8553387071986562
SKU-0118,2017-12-28,5,3,8.0,0.0,0.0,4.751221835503848,2.52553962250953
SKU-0118,2017-12-29,0,3,5.0,4.0,0.0,4.385977211746276,1.9960010285845917
SKU-0118,2017-12-30,15,3,0.0,0.0,0.0,2.495548990568417,3.931640996996475
SKU-0118,2017-12-31,0,3,15.0,0.0,0.0,2.2190097998391116,2.878606464659446
SKU-0120,2017-12-04,3,3,0.0,5.0,0.0,3.0120874538332556,4.694409029927674
SKU-0120,2017-12-05,0,3,3.0,3.0,0.0,3.6757254363226797,3.5746870094477323
SKU-0120,2017-12-06,1,3,0.0,0.0,0.0,3.8541028452450754,6.082688161016133
SKU-0120,2017-12-07,5,3,1.0,0.0,0.0,3.344199012480327,3.5732957439245654
SKU-0120,2017-12-08,0,3,5.0,9.0,0.0,3.1282156330809627,2.1480330861561354
SKU-0120,2017-12-09,0,3,0.0,12.0,0.0,3.3048606915217307,3.247183331150174
SKU-0120,2017-12-10,0,3,0.0,0.0,0.0,2.8537016615091955,3.3603273698585783
SKU-0120,2017-12-11,10,3,0.0,3.0,0.0,3.0174882822678204,4.13123383887945
SKU-0120,2017-12-12,0,3,10.0,0.0,0.0,3.6811262647572445,1.6770834678760926
SKU-0120,2017-12-13,4,3,0.0,1.0,0.0,3.85950367367964,6.619592391683751
SKU-0120,2017-12-14,1,3,4.0,5.0,0.0,3.349599840914892,3.268594480411551
SKU-0120,2017-12-15,4,3,1.0,0.0,0.0,3.1336164615155275,3.219827973470048
SKU-0120,2017-12-16,0,3,4.0,0.0,0.0,3.3102615199562955,2.778276657830535
SKU-0120,2017-12-17,7,3,0.0,0.0,0.0,2.8591024899437603,5.012114826318788
SKU-0120,2017-12-18,4,3,7.0,10.0,0.0,3.022889110702385,1.9317097705716595
SKU-0120,2017-12-19,10,3,4.0,0.0,0.0,3.6865270931918093,2.173923026025786
SKU-0120,2017-12-20,11,3,10.0,4.0,0.0,3.864904502114205,1.844134672422466
SKU-0120,2017-12-21,2,3,11.0,1.0,0.0,3.3550006693494567,0.20764409244124835
SKU-0120,2017-12-22,0,3,2.0,4.0,0.0,3.1390172899500923,2.4875248902530522
SKU-0120,2017-12-23,0,3,0.0,0.0,0.0,3.3156623483908603,3.6934703304326866
SKU-0120,2017-12-24,0,3,0.0,7.0,0.0,2.864503318378325,3.4852910505642227
SKU-0120,2017-12-25,5,3,0.0,4.0,0.0,3.0282899391369495,3.161462108942163
SKU-0120,2017-12-26,8,3,5.0,10.0,0.0,3.6919279216263736,3.4844812082782566
SKU-0120,2017-12-27,4,3,8.0,11.0,0.0,3.8703053305487694,2.635713151591035
SKU-0120,2017-12-28,13,3,4.0,2.0,0.0,3.360401497784021,1.2290349839633197
SKU-0120,2017-12-29,0,3,13.0,0.0,0.0,3.1444181183846567,1.1480475514140442
SKU-0120,2017-12-30,0,3,0.0,0.0,0.0,3.3210631768254246,3.5214976291241697
SKU-0120,2017-12-31,0,3,0.0,0.0,0.0,2.8699041468128894,3.5483568870683713
